rayon,URL de la page,Sessions,Taux de rebond des pages
Portes d&#039;intérieur,https://www.gedimat.fr/5-menuiserie-amenagement/30-menuiserie-interieure/124-portes-d-interieur,49584,0.37618987181114355
Ciments - Chaux - Mortiers,https://www.gedimat.fr/1-materiaux-construction/3-agregats-poudres/16-ciments-chaux-mortiers,46699,0.5255054613060656
Blocs béton,https://www.gedimat.fr/1-materiaux-construction/1-construction/1-blocs-beton,38223,0.47073241061130333
Granulats,https://www.gedimat.fr/1-materiaux-construction/3-agregats-poudres/15-granulats,35570,0.4906813996316759
Tuiles et Accessoires,https://www.gedimat.fr/2-couverture-bardage/8-toiture/38-tuiles-et-accessoires,34429,0.4999693195066577
Murs et Cloisons intérieurs,https://www.gedimat.fr/3-isolation-cloison/17-isolation-thermique-et-phonique/70-murs-et-cloisons-interieurs,34322,0.5332774049217002
Regards - Réhausses,https://www.gedimat.fr/1-materiaux-construction/6-assainissement-vrd/28-regards-rehausses,33607,0.4819661809678
Pavés - Dallages,https://www.gedimat.fr/1-materiaux-construction/4-revetement-sols-exterieurs/323-paves-dallages,30214,0.38815957175630894
Aciers - Ferraillages,https://www.gedimat.fr/1-materiaux-construction/1-construction/5-aciers-ferraillages,29621,0.49132630654369785
Plaques de plâtre,https://www.gedimat.fr/3-isolation-cloison/19-cloisons/77-plaques-de-platre,26176,0.4283390031060494
Madriers - Bastaings - Solivettes,https://www.gedimat.fr/4-bois-panneaux/23-bois-de-charpente/90-madriers-bastaings-solivettes,24405,0.524790236460717
Enduits de façade,https://www.gedimat.fr/1-materiaux-construction/2-facade/10-enduits-de-facade,21873,0.5759954058192955
Panneaux OSB grands formats,https://www.gedimat.fr/4-bois-panneaux/28-panneaux-dalles/117-panneaux-osb-grands-formats,21429,0.5022743353886586
Grillages,https://www.gedimat.fr/14-amenagements-exterieurs/90-portails-clotures-amenagements/391-grillages,20271,0.3800829875518672
Briques et Plaquettes de parement,https://www.gedimat.fr/1-materiaux-construction/2-facade/11-briques-et-plaquettes-de-parement,19282,0.4135083321044094
Sables - Graviers - Galets décoratifs,https://www.gedimat.fr/12-revetement-sols-murs/79-revetements-sols-exterieurs/381-sables-graviers-galets-decoratifs,18819,0.46668118466898956
Piliers - Murets,https://www.gedimat.fr/14-amenagements-exterieurs/90-portails-clotures-amenagements/392-piliers-murets,18416,0.48240469208211145
Panneaux contreplaqués,https://www.gedimat.fr/4-bois-panneaux/28-panneaux-dalles/115-panneaux-contreplaques,18306,0.4421414189269217
Chevrons - Lambourdes,https://www.gedimat.fr/4-bois-panneaux/23-bois-de-charpente/93-chevrons-lambourdes,18080,0.5448239060832444
Toiture - Combles,https://www.gedimat.fr/3-isolation-cloison/17-isolation-thermique-et-phonique/69-toiture-combles,17219,0.4519360953154617
Murs de soutènement - Talus,https://www.gedimat.fr/1-materiaux-construction/1-construction/1841-murs-de-soutenement-talus,17181,0.43168818434384704
Carrelages sols intérieurs,https://www.gedimat.fr/12-revetement-sols-murs/78-revetements-sols-interieurs/321-carrelages-sols-interieurs,16304,0.563165905631659
Plaques de couverture,https://www.gedimat.fr/2-couverture-bardage/8-toiture/42-plaques-de-couverture,15931,0.4280722189866045
Carrelages sols extérieurs,https://www.gedimat.fr/12-revetement-sols-murs/79-revetements-sols-exterieurs/325-carrelages-sols-exterieurs,15918,0.35348583877995643
Bordures de jardin,https://www.gedimat.fr/1-materiaux-construction/4-revetement-sols-exterieurs/329-bordures-de-jardin,15890,0.4613778705636743
Bacs acier,https://www.gedimat.fr/2-couverture-bardage/8-toiture/41-bacs-acier,15512,0.45625260815134233
Coffrages,https://www.gedimat.fr/1-materiaux-construction/1-construction/6-coffrages,15029,0.5180957683741648
Ecrans - Clôtures,https://www.gedimat.fr/14-amenagements-exterieurs/90-portails-clotures-amenagements/390-ecrans-clotures,14754,0.6018957345971564
Fenêtres - Portes fenêtres,https://www.gedimat.fr/5-menuiserie-amenagement/32-menuiserie-exterieure/139-fenetres-portes-fenetres,14396,0.3294325458158534
Carrelages sols intérieurs,https://www.gedimat.fr/7-cuisine/50-revetement-de-cuisine/321-carrelages-sols-interieurs,13854,0.3163380635438905
Meubles de salles de bains,https://www.gedimat.fr/6-salle-de-bain-sanitaire/41-meubles-accessoires/177-meubles-de-salles-de-bains,13810,0.3337083708370837
Clins - Bardages,https://www.gedimat.fr/1-materiaux-construction/2-facade/45-clins-bardages,13789,0.43261994355597366
Portails - Barrières,https://www.gedimat.fr/5-menuiserie-amenagement/32-menuiserie-exterieure/143-portails-barrieres,13703,0.36019950124688277
Briques de construction,https://www.gedimat.fr/1-materiaux-construction/1-construction/3-briques-de-construction,13256,0.4822148881554822
Terrasses en bois,https://www.gedimat.fr/14-amenagements-exterieurs/88-revetements-sols-exterieurs/375-terrasses-en-bois,13035,0.5409836065573771
Gouttières - Descentes,https://www.gedimat.fr/2-couverture-bardage/10-evacuation-eaux-pluviales/47-gouttieres-descentes,13017,0.47847741017431517
Sables - Graviers - Galets décoratifs,https://www.gedimat.fr/14-amenagements-exterieurs/88-revetements-sols-exterieurs/381-sables-graviers-galets-decoratifs,12904,0.7298136645962733
Portes d&#039;entrée,https://www.gedimat.fr/5-menuiserie-amenagement/32-menuiserie-exterieure/136-portes-d-entree,12666,0.3464078447068241
Carrelages murs,https://www.gedimat.fr/12-revetement-sols-murs/77-revetements-murs-plafonds-interieurs/309-carrelages-murs,12352,0.5992438563327032
Poutres - Poteaux,https://www.gedimat.fr/4-bois-panneaux/23-bois-de-charpente/96-poutres-poteaux,12266,0.5524809160305344
Colles - Joints,https://www.gedimat.fr/12-revetement-sols-murs/81-accessoires-outillage/335-colles-joints,12091,0.5045834182114484
Pavés - Dallages,https://www.gedimat.fr/14-amenagements-exterieurs/88-revetements-sols-exterieurs/323-paves-dallages,11908,0.6346938775510204
Portes de service,https://www.gedimat.fr/5-menuiserie-amenagement/32-menuiserie-exterieure/137-portes-de-service,11849,0.3855557342769825
Eléments préfabriqués,https://www.gedimat.fr/1-materiaux-construction/1-construction/8-elements-prefabriques,11827,0.5540594059405941
Profilés pour plaques de plâtre,https://www.gedimat.fr/3-isolation-cloison/21-accessoires-outillage/86-profiles-pour-plaques-de-platre,11624,0.5138488170802077
Peintures,https://www.gedimat.fr/11-peinture-droguerie/71-peintures-de-finition/290-peintures,11251,0.4565396216068001
Ecrans - Clôtures,https://www.gedimat.fr/5-menuiserie-amenagement/32-menuiserie-exterieure/390-ecrans-clotures,10859,0.4415219611848825
Portails - Barrières,https://www.gedimat.fr/14-amenagements-exterieurs/90-portails-clotures-amenagements/143-portails-barrieres,10814,0.5423280423280423
Tubes et Raccords d&#039;évacuation eau,https://www.gedimat.fr/8-plomberie/53-evacuation/223-tubes-et-raccords-d-evacuation-eau,10602,0.47309284447072736
Madriers - Bastaings - Solivettes,https://www.gedimat.fr/2-couverture-bardage/311-bois-de-charpente/90-madriers-bastaings-solivettes,10467,0.4501689189189189
Receveurs,https://www.gedimat.fr/6-salle-de-bain-sanitaire/35-douches/971-receveurs,10364,0.42009283819628646
Dalles - Terrasses,https://www.gedimat.fr/3-isolation-cloison/17-isolation-thermique-et-phonique/71-dalles-terrasses,10180,0.5399113082039911
Caniveaux,https://www.gedimat.fr/1-materiaux-construction/6-assainissement-vrd/32-caniveaux,10129,0.46134161944799856
Béton cellulaire,https://www.gedimat.fr/1-materiaux-construction/1-construction/4-beton-cellulaire,10042,0.5044822949350067
Plans de travail - Crédences,https://www.gedimat.fr/7-cuisine/46-meubles-de-cuisine/194-plans-de-travail-credences,9676,0.4065650038769708
Portes - Parois de douche,https://www.gedimat.fr/6-salle-de-bain-sanitaire/35-douches/161-portes-parois-de-douche,9326,0.40572792362768495
Bois d&#039;ossature non aboutés,https://www.gedimat.fr/4-bois-panneaux/25-bois-d-ossature/101-bois-d-ossature-non-aboutes,9236,0.47112462006079026
Planchers,https://www.gedimat.fr/1-materiaux-construction/1-construction/7-planchers,9147,0.48259303721488594
Carrelages murs,https://www.gedimat.fr/7-cuisine/50-revetement-de-cuisine/309-carrelages-murs,9068,0.3167179487179487
"Cuisines en kit, prêtes à monter",https://www.gedimat.fr/7-cuisine/46-meubles-de-cuisine/191-cuisines-en-kit-pretes-a-monter,9015,0.46315028901734107
WC - Mécanismes,https://www.gedimat.fr/6-salle-de-bain-sanitaire/37-espace-toilettes/168-wc-mecanismes,8861,0.43138075313807533
Poutres - Poteaux,https://www.gedimat.fr/2-couverture-bardage/311-bois-de-charpente/96-poutres-poteaux,8638,0.49271602474555976
Planches de rives - Sous-faces,https://www.gedimat.fr/2-couverture-bardage/9-clins-bardage/46-planches-de-rives-sous-faces,8311,0.453458138325533
Tuyaux - Gaines - Grillages avertisseurs,https://www.gedimat.fr/1-materiaux-construction/6-assainissement-vrd/25-tuyaux-gaines-grillages-avertisseurs,8309,0.5444705882352942
Tasseaux,https://www.gedimat.fr/4-bois-panneaux/27-agencement/110-tasseaux,8200,0.5330216247808299
Chevrons - Lambourdes,https://www.gedimat.fr/2-couverture-bardage/311-bois-de-charpente/93-chevrons-lambourdes,7954,0.40791223404255317
Dalles planchers,https://www.gedimat.fr/4-bois-panneaux/28-panneaux-dalles/112-dalles-planchers,7879,0.4949748743718593
Isolation Thermique par Extérieur,https://www.gedimat.fr/3-isolation-cloison/17-isolation-thermique-et-phonique/74-isolation-thermique-par-exterieur,7851,0.5423875432525952
Bordures de jardin,https://www.gedimat.fr/14-amenagements-exterieurs/88-revetements-sols-exterieurs/329-bordures-de-jardin,7811,0.655786350148368
Terrasses en bois,https://www.gedimat.fr/12-revetement-sols-murs/79-revetements-sols-exterieurs/375-terrasses-en-bois,7699,0.45054945054945056
"Sols vinyles, PVC et SPC",https://www.gedimat.fr/12-revetement-sols-murs/78-revetements-sols-interieurs/320-sols-vinyles-pvc-et-spc,7675,0.6409495548961425
Brises-vue - Canisses,https://www.gedimat.fr/14-amenagements-exterieurs/90-portails-clotures-amenagements/394-brises-vue-canisses,7664,0.49452641599238456
Tubes et Raccords d&#039;alimentation eau,https://www.gedimat.fr/8-plomberie/52-alimentation/219-tubes-et-raccords-d-alimentation-eau,7546,0.5045296167247387
Clins - Bardages,https://www.gedimat.fr/2-couverture-bardage/9-clins-bardage/45-clins-bardages,7450,0.5930232558139535
Conduits de cheminée - Boisseaux,https://www.gedimat.fr/1-materiaux-construction/1-construction/9-conduits-de-cheminee-boisseaux,7375,0.5119470073338065
Portes de garage,https://www.gedimat.fr/5-menuiserie-amenagement/32-menuiserie-exterieure/142-portes-de-garage,7324,0.4052967604634665
Bordures,https://www.gedimat.fr/1-materiaux-construction/6-assainissement-vrd/33-bordures,7288,0.4839002267573696
"Revêtements décoratifs, lambris",https://www.gedimat.fr/5-menuiserie-amenagement/33-revetement-sols-et-murs/311-revetements-decoratifs-lambris,6811,0.43092018032352164
Bois d&#039;ossature aboutés,https://www.gedimat.fr/4-bois-panneaux/25-bois-d-ossature/102-bois-d-ossature-aboutes,6800,0.49622166246851385
Placards,https://www.gedimat.fr/5-menuiserie-amenagement/30-menuiserie-interieure/125-placards,6797,0.4592516658124039
Feutres géotextiles,https://www.gedimat.fr/1-materiaux-construction/6-assainissement-vrd/35-feutres-geotextiles,6775,0.4904580152671756
Panneaux de toitures,https://www.gedimat.fr/2-couverture-bardage/8-toiture/43-panneaux-de-toitures,6679,0.47762408462164363
Escaliers,https://www.gedimat.fr/5-menuiserie-amenagement/30-menuiserie-interieure/123-escaliers,6675,0.35976855003403674
Clouterie - Visserie,https://www.gedimat.fr/16-quincaillerie/100-fixation-assemblage/457-clouterie-visserie,6608,0.4240774349667272
Pierres naturelles,https://www.gedimat.fr/1-materiaux-construction/4-revetement-sols-exterieurs/324-pierres-naturelles,6405,0.43243243243243246
Liteaux - Lattes,https://www.gedimat.fr/2-couverture-bardage/8-toiture/95-liteaux-lattes,6347,0.4936410739519548
Tablettes,https://www.gedimat.fr/4-bois-panneaux/27-agencement/129-tablettes,6335,0.5630007283321194
Liteaux - Lattes,https://www.gedimat.fr/4-bois-panneaux/23-bois-de-charpente/95-liteaux-lattes,6120,0.6201550387596899
Sols stratifiés,https://www.gedimat.fr/12-revetement-sols-murs/78-revetements-sols-interieurs/318-sols-stratifies,6075,0.6075949367088608
Plafonds suspendus,https://www.gedimat.fr/3-isolation-cloison/18-plafonds/75-plafonds-suspendus,6051,0.508724832214765
Enduits - Colles,https://www.gedimat.fr/3-isolation-cloison/21-accessoires-outillage/85-enduits-colles,6019,0.5066518847006651
Accessoires plaques de plâtre,https://www.gedimat.fr/3-isolation-cloison/21-accessoires-outillage/87-accessoires-plaques-de-platre,5996,0.5276353276353276
Cabines de douche,https://www.gedimat.fr/6-salle-de-bain-sanitaire/35-douches/160-cabines-de-douche,5932,0.47168882323978334
Protection des fondations,https://www.gedimat.fr/1-materiaux-construction/7-protection-etancheite/36-protection-des-fondations,5859,0.487962962962963
Bétonnières - Brouettes - Malaxeurs,https://www.gedimat.fr/15-outillage/98-materiel-outils-de-chantier-atelier/447-betonnieres-brouettes-malaxeurs,5853,0.4477508650519031
Parquets,https://www.gedimat.fr/5-menuiserie-amenagement/33-revetement-sols-et-murs/317-parquets,5705,0.35555555555555557
Cuisines sur mesure,https://www.gedimat.fr/7-cuisine/46-meubles-de-cuisine/190-cuisines-sur-mesure,5621,0.46078431372549017
Carrelages sols extérieurs,https://www.gedimat.fr/14-amenagements-exterieurs/88-revetements-sols-exterieurs/325-carrelages-sols-exterieurs,5613,0.6013289036544851
Vasques - Plans vasques,https://www.gedimat.fr/6-salle-de-bain-sanitaire/38-vasques-lavabos/172-vasques-plans-vasques,5530,0.5549348230912476
Panneaux lattés et lamellés-collés,https://www.gedimat.fr/4-bois-panneaux/28-panneaux-dalles/119-panneaux-lattes-et-lamelles-colles,5477,0.5628654970760234
Cheminées - Poêles,https://www.gedimat.fr/9-chauffage-traitement-de-l-air/59-chauffage/247-cheminees-poeles,5460,0.5367464905037159
Lames à volet,https://www.gedimat.fr/4-bois-panneaux/26-bois-d-habillage/106-lames-a-volet,5456,0.5772893772893772
Outillage polyvalent,https://www.gedimat.fr/15-outillage/94-outils/414-outillage-polyvalent,5291,0.5266666666666666
Rives - Faîtages,https://www.gedimat.fr/2-couverture-bardage/8-toiture/1631-rives-faitages,5182,0.48431801604668123
Métaux de couverture,https://www.gedimat.fr/2-couverture-bardage/8-toiture/40-metaux-de-couverture,5059,0.6065573770491803
Parquets,https://www.gedimat.fr/12-revetement-sols-murs/78-revetements-sols-interieurs/317-parquets,4947,0.6171171171171171
Margelles,https://www.gedimat.fr/12-revetement-sols-murs/79-revetements-sols-exterieurs/1171-margelles,4896,0.4787750151607035
Panneaux fibres - MDF - HDF,https://www.gedimat.fr/4-bois-panneaux/28-panneaux-dalles/118-panneaux-fibres-mdf-hdf,4806,0.5027233115468409
Fils - Câbles,https://www.gedimat.fr/10-electricite-eclairage/66-fils-cables-gaines-tubes/269-fils-cables,4712,0.5181395348837209
Planches de rives - Sous-faces,https://www.gedimat.fr/4-bois-panneaux/26-bois-d-habillage/46-planches-de-rives-sous-faces,4710,0.5904572564612326
Pavés - Dallages,https://www.gedimat.fr/12-revetement-sols-murs/79-revetements-sols-exterieurs/323-paves-dallages,4704,0.63671875
Plots - Avivés,https://www.gedimat.fr/4-bois-panneaux/22-bois-brut/89-plots-avives,4693,0.6153846153846154
Radiateurs électriques,https://www.gedimat.fr/9-chauffage-traitement-de-l-air/59-chauffage/242-radiateurs-electriques,4673,0.462891698735569
Interrupteurs - Prises,https://www.gedimat.fr/10-electricite-eclairage/64-appareillages-modulaires/262-interrupteurs-prises,4664,0.46472564389697646
Clins - Bardages,https://www.gedimat.fr/4-bois-panneaux/26-bois-d-habillage/45-clins-bardages,4638,0.5414847161572053
Voliges,https://www.gedimat.fr/4-bois-panneaux/23-bois-de-charpente/94-voliges,4557,0.5106382978723404
Chauffe-eau et Accessoires,https://www.gedimat.fr/6-salle-de-bain-sanitaire/44-production-d-eau-chaude/238-chauffe-eau-et-accessoires,4554,0.4362618432385874
Traitements des eaux,https://www.gedimat.fr/1-materiaux-construction/6-assainissement-vrd/27-traitements-des-eaux,4509,0.5462184873949579
Éviers,https://www.gedimat.fr/7-cuisine/47-eviers-robinetterie/196-eviers,4465,0.4075425790754258
Panneaux de coffrage,https://www.gedimat.fr/4-bois-panneaux/28-panneaux-dalles/120-panneaux-de-coffrage,4463,0.4921090387374462
Consommables et Accessoires,https://www.gedimat.fr/15-outillage/96-outils-electro-portatif/437-consommables-et-accessoires,4448,0.47509578544061304
Moulures,https://www.gedimat.fr/5-menuiserie-amenagement/30-menuiserie-interieure/128-moulures,4389,0.5308092056421678
Ragréage,https://www.gedimat.fr/12-revetement-sols-murs/81-accessoires-outillage/336-ragreage,4375,0.39812775330396477
Echelles - Echafaudages - Goulottes,https://www.gedimat.fr/1-materiaux-construction/5-accessoires-outillage/442-echelles-echafaudages-goulottes,4304,0.41591987348444914
Colonnes et Combinés de douches,https://www.gedimat.fr/6-salle-de-bain-sanitaire/35-douches/162-colonnes-et-combines-de-douches,4303,0.4446546830652791
"Revêtements décoratifs, lambris",https://www.gedimat.fr/12-revetement-sols-murs/77-revetements-murs-plafonds-interieurs/311-revetements-decoratifs-lambris,4266,0.5661764705882353
Profilés - Tôles - Fers,https://www.gedimat.fr/16-quincaillerie/101-quincaillerie-du-batiment/463-profiles-toles-fers,4201,0.4958217270194986
Ardoises et Accessoires,https://www.gedimat.fr/2-couverture-bardage/8-toiture/39-ardoises-et-accessoires,4146,0.5303314571607255
Outillage du maçon,https://www.gedimat.fr/1-materiaux-construction/5-accessoires-outillage/415-outillage-du-macon,4124,0.5293532338308458
Baignoires - Tabliers,https://www.gedimat.fr/6-salle-de-bain-sanitaire/36-bain-bien-etre/164-baignoires-tabliers,4005,0.40492957746478875
Drains,https://www.gedimat.fr/1-materiaux-construction/6-assainissement-vrd/31-drains,3973,0.454639709694142
Panneaux mélaminés,https://www.gedimat.fr/4-bois-panneaux/28-panneaux-dalles/114-panneaux-melamines,3923,0.46905766526019693
Accessoires isolation,https://www.gedimat.fr/3-isolation-cloison/21-accessoires-outillage/961-accessoires-isolation,3786,0.6126401630988787
Sols stratifiés,https://www.gedimat.fr/5-menuiserie-amenagement/33-revetement-sols-et-murs/318-sols-stratifies,3779,0.41035353535353536
Poteaux contre-collés,https://www.gedimat.fr/4-bois-panneaux/24-bois-de-structure/99-poteaux-contre-colles,3750,0.5128205128205128
Habillages de façade,https://www.gedimat.fr/1-materiaux-construction/2-facade/12-habillages-de-facade,3740,0.6106442577030813
Abris de jardin,https://www.gedimat.fr/13-plein-air-loisirs/83-abris/346-abris-de-jardin,3737,0.4896265560165975
Perceuses visseuses,https://www.gedimat.fr/15-outillage/96-outils-electro-portatif/428-perceuses-visseuses,3680,0.49514563106796117
Etanchéité de couverture,https://www.gedimat.fr/1-materiaux-construction/7-protection-etancheite/1721-etancheite-de-couverture,3662,0.5181219110378913
"Sols vinyles, PVC et SPC",https://www.gedimat.fr/5-menuiserie-amenagement/33-revetement-sols-et-murs/320-sols-vinyles-pvc-et-spc,3659,0.41696658097686373
Accessoires plafonds,https://www.gedimat.fr/3-isolation-cloison/18-plafonds/76-accessoires-plafonds,3647,0.575809199318569
Gaines - Tubes - Moulures,https://www.gedimat.fr/10-electricite-eclairage/66-fils-cables-gaines-tubes/270-gaines-tubes-moulures,3632,0.5171849427168577
Pergolas,https://www.gedimat.fr/13-plein-air-loisirs/85-decoration-ornement/353-pergolas,3539,0.4169079328314997
Accessoires pose de carrelages,https://www.gedimat.fr/12-revetement-sols-murs/81-accessoires-outillage/342-accessoires-pose-de-carrelages,3505,0.4611973392461197
Protection des personnes - Vêtements,https://www.gedimat.fr/15-outillage/95-protection-securite/424-protection-des-personnes-vetements,3503,0.4844961240310077
Quincaillerie de portes,https://www.gedimat.fr/5-menuiserie-amenagement/34-accessoires-outillage/467-quincaillerie-de-portes,3387,0.42334494773519166
Balustrades et Garde-corps extérieurs,https://www.gedimat.fr/14-amenagements-exterieurs/90-portails-clotures-amenagements/145-balustrades-et-garde-corps-exterieurs,3324,0.5319148936170213
Balustrades et Garde-corps extérieurs,https://www.gedimat.fr/5-menuiserie-amenagement/32-menuiserie-exterieure/145-balustrades-et-garde-corps-exterieurs,3310,0.5083459787556904
Peintures façades,https://www.gedimat.fr/1-materiaux-construction/2-facade/295-peintures-facades,3279,0.5332302936630603
Enduits de lissage,https://www.gedimat.fr/11-peinture-droguerie/70-preparation-des-fonds/287-enduits-de-lissage,3267,0.4562135112593828
Solins - Abergements,https://www.gedimat.fr/2-couverture-bardage/8-toiture/1621-solins-abergements,3204,0.44694533762057875
Adjuvants,https://www.gedimat.fr/1-materiaux-construction/3-agregats-poudres/18-adjuvants,3149,0.5590809628008753
Colles - Adhésifs,https://www.gedimat.fr/11-peinture-droguerie/75-droguerie/303-colles-adhesifs,3091,0.5296482412060302
Volets - Stores,https://www.gedimat.fr/5-menuiserie-amenagement/32-menuiserie-exterieure/141-volets-stores,3060,0.6463414634146342
Pierres naturelles,https://www.gedimat.fr/14-amenagements-exterieurs/88-revetements-sols-exterieurs/324-pierres-naturelles,3046,0.6721311475409836
Clins - Bardages,https://www.gedimat.fr/14-amenagements-exterieurs/89-revetements-murs-exterieurs/45-clins-bardages,3025,0.475177304964539
Etanchéité sous carrelage,https://www.gedimat.fr/12-revetement-sols-murs/81-accessoires-outillage/341-etancheite-sous-carrelage,2975,0.495928338762215
Produits d&#039;entretien - Nettoyants,https://www.gedimat.fr/11-peinture-droguerie/75-droguerie/302-produits-d-entretien-nettoyants,2946,0.5485933503836317
Outillage du maçon,https://www.gedimat.fr/15-outillage/94-outils/415-outillage-du-macon,2936,0.6213592233009708
Ecrans sous toiture,https://www.gedimat.fr/2-couverture-bardage/11-ecrans-toitures-et-murs/50-ecrans-sous-toiture,2933,0.4318181818181818
Panneaux stratifiés et décoratifs,https://www.gedimat.fr/4-bois-panneaux/28-panneaux-dalles/116-panneaux-stratifies-et-decoratifs,2930,0.5154295246038365
Poutres lamellées-collées,https://www.gedimat.fr/4-bois-panneaux/24-bois-de-structure/98-poutres-lamellees-collees,2907,0.558648111332008
Auvents - Marquises,https://www.gedimat.fr/5-menuiserie-amenagement/32-menuiserie-exterieure/138-auvents-marquises,2868,0.5209611451942741
Serrures - Verrous - Cadenas,https://www.gedimat.fr/16-quincaillerie/103-securite-des-acces-et-des-biens/469-serrures-verrous-cadenas,2827,0.40658499234303214
Trappes de visite,https://www.gedimat.fr/3-isolation-cloison/21-accessoires-outillage/88-trappes-de-visite,2811,0.46581769436997317
Plâtres en poudre,https://www.gedimat.fr/1-materiaux-construction/3-agregats-poudres/17-platres-en-poudre,2766,0.47010550996483
Revêtements synthétiques,https://www.gedimat.fr/14-amenagements-exterieurs/88-revetements-sols-exterieurs/322-revetements-synthetiques,2759,0.6055045871559633
Grilles de défense,https://www.gedimat.fr/5-menuiserie-amenagement/32-menuiserie-exterieure/146-grilles-de-defense,2739,0.5251231527093596
Etanchéité des terrasses,https://www.gedimat.fr/1-materiaux-construction/7-protection-etancheite/1711-etancheite-des-terrasses,2732,0.5011520737327189
Préparation et réparation des murs,https://www.gedimat.fr/1-materiaux-construction/3-agregats-poudres/1821-preparation-et-reparation-des-murs,2714,0.6554878048780488
Récupération d&#039;eau de pluie,https://www.gedimat.fr/2-couverture-bardage/10-evacuation-eaux-pluviales/49-recuperation-d-eau-de-pluie,2709,0.4837799717912553
Spoterie et Luminaire,https://www.gedimat.fr/10-electricite-eclairage/67-eclairage/276-spoterie-et-luminaire,2676,0.4579560155239327
Quincaillerie de couverture et charpente,https://www.gedimat.fr/2-couverture-bardage/14-accessoires-outillage/460-quincaillerie-de-couverture-et-charpente,2672,0.51278928136419
Chevilles,https://www.gedimat.fr/16-quincaillerie/100-fixation-assemblage/455-chevilles,2659,0.5123010130246021
Accessoires de fixation,https://www.gedimat.fr/2-couverture-bardage/10-evacuation-eaux-pluviales/48-accessoires-de-fixation,2655,0.5714285714285714
Produits de finition bois,https://www.gedimat.fr/11-peinture-droguerie/74-produits-pour-bois/298-produits-de-finition-bois,2607,0.5863247863247864
Panneaux à Carreler,https://www.gedimat.fr/6-salle-de-bain-sanitaire/35-douches/1791-panneaux-a-carreler,2597,0.4700122399020808
Etais - Tréteaux,https://www.gedimat.fr/15-outillage/98-materiel-outils-de-chantier-atelier/448-etais-treteaux,2584,0.4082089552238806
Robinets éviers,https://www.gedimat.fr/7-cuisine/47-eviers-robinetterie/233-robinets-eviers,2575,0.46875
Tableaux électriques,https://www.gedimat.fr/10-electricite-eclairage/64-appareillages-modulaires/261-tableaux-electriques,2572,0.5426621160409556
Voliges,https://www.gedimat.fr/2-couverture-bardage/311-bois-de-charpente/94-voliges,2543,0.4863436123348018
Ecrans pare pluie,https://www.gedimat.fr/2-couverture-bardage/11-ecrans-toitures-et-murs/1761-ecrans-pare-pluie,2515,0.43218197135636055
Pas japonais,https://www.gedimat.fr/12-revetement-sols-murs/79-revetements-sols-exterieurs/377-pas-japonais,2505,0.5726708074534161
Peintures sous-couches,https://www.gedimat.fr/11-peinture-droguerie/70-preparation-des-fonds/288-peintures-sous-couches,2492,0.4725274725274725
Traitements curatifs et préventifs bois,https://www.gedimat.fr/2-couverture-bardage/16-traitements-finitions/300-traitements-curatifs-et-preventifs-bois,2463,0.53
Outillage du jardinier,https://www.gedimat.fr/15-outillage/94-outils/423-outillage-du-jardinier,2385,0.631578947368421
Carports,https://www.gedimat.fr/13-plein-air-loisirs/83-abris/348-carports,2355,0.44207836456558774
Barbecues - Fours - Planchas,https://www.gedimat.fr/13-plein-air-loisirs/84-coin-repas/350-barbecues-fours-planchas,2352,0.5151162790697674
Volets - Stores,https://www.gedimat.fr/2-couverture-bardage/13-chassis-de-toit/141-volets-stores,2309,0.44045368620037806
Briques de verre,https://www.gedimat.fr/3-isolation-cloison/19-cloisons/81-briques-de-verre,2301,0.5191176470588236
Revêtements synthétiques,https://www.gedimat.fr/12-revetement-sols-murs/79-revetements-sols-exterieurs/322-revetements-synthetiques,2281,0.41935483870967744
Tubages rigides,https://www.gedimat.fr/2-couverture-bardage/15-fumisterie/1141-tubages-rigides,2280,0.4355165428764348
Fonte de voirie,https://www.gedimat.fr/1-materiaux-construction/6-assainissement-vrd/34-fonte-de-voirie,2277,0.4664246823956443
Panneaux de particules,https://www.gedimat.fr/4-bois-panneaux/28-panneaux-dalles/113-panneaux-de-particules,2276,0.44648318042813456
Protection des façades,https://www.gedimat.fr/1-materiaux-construction/7-protection-etancheite/37-protection-des-facades,2275,0.5342205323193916
Pas japonais,https://www.gedimat.fr/14-amenagements-exterieurs/88-revetements-sols-exterieurs/377-pas-japonais,2258,0.5909090909090909
Closoirs,https://www.gedimat.fr/2-couverture-bardage/8-toiture/1601-closoirs,2238,0.5022675736961452
Modulaires - Boîtes,https://www.gedimat.fr/10-electricite-eclairage/64-appareillages-modulaires/263-modulaires-boites,2208,0.4175
Enduits de rebouchage,https://www.gedimat.fr/11-peinture-droguerie/70-preparation-des-fonds/286-enduits-de-rebouchage,2204,0.47518796992481205
Grilles de ventilation,https://www.gedimat.fr/9-chauffage-traitement-de-l-air/61-traitement-de-l-air/253-grilles-de-ventilation,2198,0.4460377358490566
Mastics,https://www.gedimat.fr/11-peinture-droguerie/75-droguerie/981-mastics,2194,0.5497572815533981
Scies électro-portatives,https://www.gedimat.fr/15-outillage/96-outils-electro-portatif/432-scies-electro-portatives,2166,0.47962962962962963
Briques et Plaquettes de parement,https://www.gedimat.fr/14-amenagements-exterieurs/89-revetements-murs-exterieurs/11-briques-et-plaquettes-de-parement,2158,0.6792452830188679
Parements intérieurs,https://www.gedimat.fr/12-revetement-sols-murs/77-revetements-murs-plafonds-interieurs/314-parements-interieurs,2133,0.6907216494845361
Boîtes aux lettres,https://www.gedimat.fr/14-amenagements-exterieurs/90-portails-clotures-amenagements/465-boites-aux-lettres,2107,0.47830578512396693
Lavabos - Vasques - Lave-mains,https://www.gedimat.fr/6-salle-de-bain-sanitaire/39-robinetterie/230-lavabos-vasques-lave-mains,2104,0.4846153846153846
Outillage du plaquiste et plâtrier,https://www.gedimat.fr/3-isolation-cloison/21-accessoires-outillage/417-outillage-du-plaquiste-et-platrier,2078,0.5025210084033613
Meubles sous-évier,https://www.gedimat.fr/7-cuisine/46-meubles-de-cuisine/193-meubles-sous-evier,2047,0.5056497175141242
Outillage du menuisier,https://www.gedimat.fr/15-outillage/94-outils/418-outillage-du-menuisier,2045,0.6666666666666666
Salons de jardin,https://www.gedimat.fr/13-plein-air-loisirs/82-mobilier/343-salons-de-jardin,2028,0.48672566371681414
Tablettes,https://www.gedimat.fr/5-menuiserie-amenagement/31-agencement/129-tablettes,2017,0.6754385964912281
Briques et Plaquettes de parement,https://www.gedimat.fr/12-revetement-sols-murs/80-revetements-murs-exterieurs/11-briques-et-plaquettes-de-parement,2006,0.6470588235294118
Ponceuses,https://www.gedimat.fr/15-outillage/96-outils-electro-portatif/433-ponceuses,1972,0.5263157894736842
Etanchéité de couverture,https://www.gedimat.fr/2-couverture-bardage/12-protection-etancheite/1721-etancheite-de-couverture,1925,0.6190476190476191
Boulons - Ecrous - Rondelles,https://www.gedimat.fr/16-quincaillerie/100-fixation-assemblage/456-boulons-ecrous-rondelles,1920,0.47708333333333336
Margelles,https://www.gedimat.fr/14-amenagements-exterieurs/88-revetements-sols-exterieurs/1171-margelles,1918,0.5394736842105263
Jardinières - Poteries,https://www.gedimat.fr/13-plein-air-loisirs/85-decoration-ornement/354-jardinieres-poteries,1900,0.6037735849056604
Balustrades et Garde-corps intérieurs,https://www.gedimat.fr/4-bois-panneaux/26-bois-d-habillage/105-balustrades-et-garde-corps-interieurs,1892,0.5498281786941581
Briques de cloison,https://www.gedimat.fr/3-isolation-cloison/19-cloisons/79-briques-de-cloison,1889,0.5370548604427334
Perforateurs - Burineurs,https://www.gedimat.fr/15-outillage/96-outils-electro-portatif/430-perforateurs-burineurs,1884,0.5243362831858407
Fenêtres de toit - Raccords,https://www.gedimat.fr/2-couverture-bardage/13-chassis-de-toit/140-fenetres-de-toit-raccords,1867,0.40458015267175573
Eclairages extérieurs,https://www.gedimat.fr/10-electricite-eclairage/67-eclairage/278-eclairages-exterieurs,1815,0.5081669691470054
Chauffage salle de bain,https://www.gedimat.fr/6-salle-de-bain-sanitaire/41-meubles-accessoires/244-chauffage-salle-de-bain,1814,0.4408713692946058
Ecrans pare vapeur,https://www.gedimat.fr/2-couverture-bardage/11-ecrans-toitures-et-murs/1771-ecrans-pare-vapeur,1776,0.39302884615384615
Flexibles d&#039;alimentation,https://www.gedimat.fr/8-plomberie/52-alimentation/220-flexibles-d-alimentation,1766,0.48129675810473815
Sous-couches,https://www.gedimat.fr/5-menuiserie-amenagement/33-revetement-sols-et-murs/319-sous-couches,1743,0.3987341772151899
Bâches,https://www.gedimat.fr/15-outillage/95-protection-securite/427-baches,1720,0.44610458911419426
Toiles de verre,https://www.gedimat.fr/12-revetement-sols-murs/77-revetements-murs-plafonds-interieurs/313-toiles-de-verre,1718,0.492176386913229
Armoires de toilette et Accessoires,https://www.gedimat.fr/6-salle-de-bain-sanitaire/41-meubles-accessoires/178-armoires-de-toilette-et-accessoires,1710,0.41457286432160806
Murs de soutènement - Talus,https://www.gedimat.fr/14-amenagements-exterieurs/321-construction/1841-murs-de-soutenement-talus,1691,0.7538461538461538
Quincaillerie d&#039;ameublement,https://www.gedimat.fr/5-menuiserie-amenagement/34-accessoires-outillage/468-quincaillerie-d-ameublement,1686,0.5238938053097345
Sorties de toit,https://www.gedimat.fr/2-couverture-bardage/15-fumisterie/64-sorties-de-toit,1684,0.4930167597765363
VMC,https://www.gedimat.fr/6-salle-de-bain-sanitaire/45-traitement-de-l-air/251-vmc,1676,0.39325842696629215
Chauffe-eau et Accessoires,https://www.gedimat.fr/8-plomberie/57-production-d-eau-chaude/238-chauffe-eau-et-accessoires,1651,0.7285714285714285
Meuleuses - Rainureuses,https://www.gedimat.fr/15-outillage/96-outils-electro-portatif/431-meuleuses-rainureuses,1642,0.4846938775510204
Peintures fer,https://www.gedimat.fr/11-peinture-droguerie/72-peintures-specialite/293-peintures-fer,1608,0.48187633262260127
Receveurs à carreler,https://www.gedimat.fr/6-salle-de-bain-sanitaire/35-douches/1781-receveurs-a-carreler,1606,0.5
Pierres naturelles,https://www.gedimat.fr/12-revetement-sols-murs/79-revetements-sols-exterieurs/324-pierres-naturelles,1602,0.5384615384615384
Outillage du peintre,https://www.gedimat.fr/11-peinture-droguerie/76-accessoires-outillage/420-outillage-du-peintre,1592,0.5692883895131086
Carreaux de plâtre,https://www.gedimat.fr/3-isolation-cloison/19-cloisons/78-carreaux-de-platre,1590,0.4356223175965665
Récupération d&#039;eau de pluie,https://www.gedimat.fr/14-amenagements-exterieurs/91-arrosage-recuperation-d-eau/49-recuperation-d-eau-de-pluie,1588,0.5371900826446281
Vidages,https://www.gedimat.fr/6-salle-de-bain-sanitaire/42-vidages-evacuation/224-vidages,1587,0.4296577946768061
Outillage du plaquiste et plâtrier,https://www.gedimat.fr/15-outillage/94-outils/417-outillage-du-plaquiste-et-platrier,1583,0.6195652173913043
Lavabos,https://www.gedimat.fr/6-salle-de-bain-sanitaire/38-vasques-lavabos/171-lavabos,1566,0.41916167664670656
Enduits de façade,https://www.gedimat.fr/14-amenagements-exterieurs/89-revetements-murs-exterieurs/10-enduits-de-facade,1562,0.6212121212121212
Vérandas,https://www.gedimat.fr/5-menuiserie-amenagement/32-menuiserie-exterieure/144-verandas,1558,0.5
Joints,https://www.gedimat.fr/8-plomberie/56-etancheite-plomberie/235-joints,1556,0.46236559139784944
Robinetterie du bâtiment,https://www.gedimat.fr/8-plomberie/52-alimentation/221-robinetterie-du-batiment,1548,0.5714285714285714
Eléments de finition,https://www.gedimat.fr/7-cuisine/46-meubles-de-cuisine/195-elements-de-finition,1547,0.59375
Mosaïques - Galets,https://www.gedimat.fr/12-revetement-sols-murs/77-revetements-murs-plafonds-interieurs/310-mosaiques-galets,1544,0.4727272727272727
Appliques - Règlettes,https://www.gedimat.fr/10-electricite-eclairage/67-eclairage/274-appliques-reglettes,1527,0.47039473684210525
Papiers peints,https://www.gedimat.fr/11-peinture-droguerie/76-accessoires-outillage/312-papiers-peints,1523,0.3573008849557522
VMC,https://www.gedimat.fr/9-chauffage-traitement-de-l-air/61-traitement-de-l-air/251-vmc,1499,0.52
Nettoyage haute pression,https://www.gedimat.fr/15-outillage/98-materiel-outils-de-chantier-atelier/446-nettoyage-haute-pression,1462,0.45491803278688525
Climatiseurs,https://www.gedimat.fr/9-chauffage-traitement-de-l-air/61-traitement-de-l-air/256-climatiseurs,1439,0.5037878787878788
Compresseurs,https://www.gedimat.fr/15-outillage/98-materiel-outils-de-chantier-atelier/445-compresseurs,1418,0.45219123505976094
Tasseaux,https://www.gedimat.fr/5-menuiserie-amenagement/31-agencement/110-tasseaux,1414,0.7101449275362319
Fenêtres de toit - Raccords,https://www.gedimat.fr/5-menuiserie-amenagement/32-menuiserie-exterieure/140-fenetres-de-toit-raccords,1413,0.4818181818181818
Tubages rigides,https://www.gedimat.fr/9-chauffage-traitement-de-l-air/60-fumisterie/1141-tubages-rigides,1410,0.76
Papiers peints,https://www.gedimat.fr/12-revetement-sols-murs/77-revetements-murs-plafonds-interieurs/312-papiers-peints,1409,0.575
Lave-mains,https://www.gedimat.fr/6-salle-de-bain-sanitaire/37-espace-toilettes/170-lave-mains,1403,0.40097799511002447
Scellements chimiques,https://www.gedimat.fr/16-quincaillerie/100-fixation-assemblage/459-scellements-chimiques,1398,0.4482225656877898
Tondeuses - Aspirateurs - Souffleurs,https://www.gedimat.fr/13-plein-air-loisirs/86-outils-de-jardinage/363-tondeuses-aspirateurs-souffleurs,1389,0.49510763209393344
Panneaux mélaminés,https://www.gedimat.fr/5-menuiserie-amenagement/31-agencement/114-panneaux-melamines,1385,0.6829268292682927
Outillage du carreleur,https://www.gedimat.fr/12-revetement-sols-murs/81-accessoires-outillage/419-outillage-du-carreleur,1381,0.43669250645994834
Escabeaux - Marchepieds,https://www.gedimat.fr/15-outillage/98-materiel-outils-de-chantier-atelier/450-escabeaux-marchepieds,1361,0.3302180685358255
Douchettes et Flexibles de douche,https://www.gedimat.fr/6-salle-de-bain-sanitaire/35-douches/163-douchettes-et-flexibles-de-douche,1360,0.4691011235955056
Quincaillerie de couverture et charpente,https://www.gedimat.fr/16-quincaillerie/101-quincaillerie-du-batiment/460-quincaillerie-de-couverture-et-charpente,1345,0.49107142857142855
Stores - Parasols,https://www.gedimat.fr/13-plein-air-loisirs/84-coin-repas/351-stores-parasols,1337,0.5661605206073753
Carreaux de béton cellulaire,https://www.gedimat.fr/3-isolation-cloison/19-cloisons/80-carreaux-de-beton-cellulaire,1336,0.49081364829396323
Etagères,https://www.gedimat.fr/15-outillage/97-rangements-accessoires/473-etageres,1314,0.44656488549618323
Outillage du carreleur,https://www.gedimat.fr/15-outillage/94-outils/419-outillage-du-carreleur,1312,0.543859649122807
Ampoules - Tubes,https://www.gedimat.fr/10-electricite-eclairage/67-eclairage/273-ampoules-tubes,1273,0.5779569892473119
Sous-couches,https://www.gedimat.fr/12-revetement-sols-murs/78-revetements-sols-interieurs/319-sous-couches,1273,0.569620253164557
Chaines - Cordes - Arrimages,https://www.gedimat.fr/16-quincaillerie/101-quincaillerie-du-batiment/464-chaines-cordes-arrimages,1272,0.5215189873417722
Chauffage d&#039;appoint,https://www.gedimat.fr/9-chauffage-traitement-de-l-air/59-chauffage/243-chauffage-d-appoint,1262,0.47840531561461797
Quincaillerie de portes,https://www.gedimat.fr/16-quincaillerie/102-portes-fenetres-ameublement/467-quincaillerie-de-portes,1253,0.5263157894736842
Abattants et Accessoires,https://www.gedimat.fr/6-salle-de-bain-sanitaire/37-espace-toilettes/169-abattants-et-accessoires,1251,0.5102639296187683
Enduits de façade,https://www.gedimat.fr/12-revetement-sols-murs/80-revetements-murs-exterieurs/10-enduits-de-facade,1246,0.5081967213114754
Tuyaux d&#039;arrosage,https://www.gedimat.fr/13-plein-air-loisirs/86-outils-de-jardinage/399-tuyaux-d-arrosage,1246,0.4674698795180723
Boîtes à outils - Coffres - Servantes,https://www.gedimat.fr/15-outillage/97-rangements-accessoires/476-boites-a-outils-coffres-servantes,1224,0.4166666666666667
Peintures bois microporeuse,https://www.gedimat.fr/11-peinture-droguerie/74-produits-pour-bois/299-peintures-bois-microporeuse,1215,0.5058548009367682
Balustrades et Garde-corps intérieurs,https://www.gedimat.fr/5-menuiserie-amenagement/30-menuiserie-interieure/105-balustrades-et-garde-corps-interieurs,1205,0.5886524822695035
Protections des chantiers,https://www.gedimat.fr/15-outillage/95-protection-securite/426-protections-des-chantiers,1200,0.4738372093023256
Peintures sol,https://www.gedimat.fr/11-peinture-droguerie/72-peintures-specialite/294-peintures-sol,1194,0.49206349206349204
Bains-douches,https://www.gedimat.fr/6-salle-de-bain-sanitaire/39-robinetterie/231-bains-douches,1193,0.4462616822429907
Groupes électrogènes,https://www.gedimat.fr/15-outillage/98-materiel-outils-de-chantier-atelier/444-groupes-electrogenes,1162,0.4641975308641975
Pompes et Accessoires,https://www.gedimat.fr/14-amenagements-exterieurs/91-arrosage-recuperation-d-eau/398-pompes-et-accessoires,1155,0.44226044226044225
Robinetterie de douches,https://www.gedimat.fr/6-salle-de-bain-sanitaire/39-robinetterie/232-robinetterie-de-douches,1150,0.5353535353535354
Peintures façades,https://www.gedimat.fr/11-peinture-droguerie/73-peintures-facade/295-peintures-facades,1138,0.7804878048780488
Piscines,https://www.gedimat.fr/14-amenagements-exterieurs/93-univers-piscine/407-piscines,1118,0.50187265917603
Outillage du jardinier,https://www.gedimat.fr/13-plein-air-loisirs/86-outils-de-jardinage/423-outillage-du-jardinier,1096,0.5555555555555556
Extracteurs - Aérateurs,https://www.gedimat.fr/6-salle-de-bain-sanitaire/45-traitement-de-l-air/252-extracteurs-aerateurs,1093,0.5445134575569358
Fontaines - Puits,https://www.gedimat.fr/13-plein-air-loisirs/85-decoration-ornement/356-fontaines-puits,1093,0.37831858407079644
Liteaux - Lattes,https://www.gedimat.fr/2-couverture-bardage/311-bois-de-charpente/95-liteaux-lattes,1093,0.5454545454545454
Quincaillerie de volets,https://www.gedimat.fr/5-menuiserie-amenagement/34-accessoires-outillage/462-quincaillerie-de-volets,1060,0.5183887915936952
Bombes de peinture,https://www.gedimat.fr/11-peinture-droguerie/76-accessoires-outillage/306-bombes-de-peinture,1059,0.5658153241650294
Radiateurs eau chaude,https://www.gedimat.fr/9-chauffage-traitement-de-l-air/59-chauffage/246-radiateurs-eau-chaude,1035,0.5380434782608695
Crépis extérieurs,https://www.gedimat.fr/11-peinture-droguerie/73-peintures-facade/296-crepis-exterieurs,1032,0.4108352144469526
Bandes de chant,https://www.gedimat.fr/4-bois-panneaux/27-agencement/130-bandes-de-chant,1027,0.5128205128205128
Terreaux - Engrais,https://www.gedimat.fr/13-plein-air-loisirs/87-vegetaux-entretiens/370-terreaux-engrais,1023,0.6194895591647331
Accessoires et Equipements,https://www.gedimat.fr/14-amenagements-exterieurs/93-univers-piscine/413-accessoires-et-equipements,1019,0.6341463414634146
Projecteurs - Baladeuses - Hublots,https://www.gedimat.fr/10-electricite-eclairage/67-eclairage/275-projecteurs-baladeuses-hublots,999,0.45288753799392095
Panneaux stratifiés et décoratifs,https://www.gedimat.fr/5-menuiserie-amenagement/31-agencement/116-panneaux-stratifies-et-decoratifs,998,0.8333333333333334
Chauffage salle de bain,https://www.gedimat.fr/9-chauffage-traitement-de-l-air/59-chauffage/244-chauffage-salle-de-bain,993,0.5510204081632653
Machines d&#039;atelier,https://www.gedimat.fr/15-outillage/98-materiel-outils-de-chantier-atelier/451-machines-d-atelier,991,0.525
Machines de chantier,https://www.gedimat.fr/1-materiaux-construction/5-accessoires-outillage/449-machines-de-chantier,984,0.6444444444444445
Plafonds suspendus,https://www.gedimat.fr/12-revetement-sols-murs/77-revetements-murs-plafonds-interieurs/75-plafonds-suspendus,982,0.7241379310344828
Table Pique-nique,https://www.gedimat.fr/13-plein-air-loisirs/82-mobilier/345-table-pique-nique,974,0.3825
Evacuation de WC,https://www.gedimat.fr/6-salle-de-bain-sanitaire/42-vidages-evacuation/227-evacuation-de-wc,969,0.5751789976133651
Menuiseries,https://www.gedimat.fr/3-isolation-cloison/17-isolation-thermique-et-phonique/73-menuiseries,957,0.4838709677419355
Rallonges - Enrouleurs,https://www.gedimat.fr/10-electricite-eclairage/66-fils-cables-gaines-tubes/271-rallonges-enrouleurs,950,0.42587601078167114
Attaches - Raccordements - Accessoires,https://www.gedimat.fr/10-electricite-eclairage/69-accessoires-outillage/282-attaches-raccordements-accessoires,941,0.48520710059171596
Tubages flexibles,https://www.gedimat.fr/2-couverture-bardage/15-fumisterie/248-tubages-flexibles,936,0.5064102564102564
Décapants - Diluants,https://www.gedimat.fr/11-peinture-droguerie/75-droguerie/1161-decapants-diluants,932,0.4807692307692308
Traitements curatifs et préventifs bois,https://www.gedimat.fr/11-peinture-droguerie/74-produits-pour-bois/300-traitements-curatifs-et-preventifs-bois,931,0.5849056603773585
Echelles - Echafaudages - Goulottes,https://www.gedimat.fr/15-outillage/98-materiel-outils-de-chantier-atelier/442-echelles-echafaudages-goulottes,921,0.6052631578947368
Accessoires de chauffage,https://www.gedimat.fr/9-chauffage-traitement-de-l-air/62-accessoires-outillage/258-accessoires-de-chauffage,907,0.4606741573033708
Energie solaire,https://www.gedimat.fr/10-electricite-eclairage/68-production-d-energie-electrique/280-energie-solaire,893,0.40765765765765766
Automatismes,https://www.gedimat.fr/10-electricite-eclairage/65-securite-automatisme-domotique/267-automatismes,877,0.4382284382284382
Extracteurs - Aérateurs,https://www.gedimat.fr/9-chauffage-traitement-de-l-air/61-traitement-de-l-air/252-extracteurs-aerateurs,877,0.8192771084337349
Tuyaux,https://www.gedimat.fr/3-isolation-cloison/17-isolation-thermique-et-phonique/72-tuyaux,853,0.46859903381642515
Agrafeurs - Cloueurs,https://www.gedimat.fr/15-outillage/96-outils-electro-portatif/436-agrafeurs-cloueurs,850,0.4671280276816609
Perceuses à percussion,https://www.gedimat.fr/15-outillage/96-outils-electro-portatif/429-perceuses-a-percussion,850,0.5859375
Parements intérieurs,https://www.gedimat.fr/7-cuisine/50-revetement-de-cuisine/314-parements-interieurs,843,0.3895705521472393
Etanchéité des terrasses,https://www.gedimat.fr/2-couverture-bardage/12-protection-etancheite/1711-etancheite-des-terrasses,841,0.6111111111111112
Débroussailleuses et Accessoires,https://www.gedimat.fr/13-plein-air-loisirs/86-outils-de-jardinage/362-debroussailleuses-et-accessoires,828,0.5532467532467532
Pâtes et Mastics sanitaires,https://www.gedimat.fr/8-plomberie/56-etancheite-plomberie/236-pates-et-mastics-sanitaires,824,0.5461847389558233
Outillage du couvreur,https://www.gedimat.fr/2-couverture-bardage/14-accessoires-outillage/416-outillage-du-couvreur,799,0.5527272727272727
Chambres - Abris - Massifs,https://www.gedimat.fr/1-materiaux-construction/6-assainissement-vrd/26-chambres-abris-massifs,797,0.4634146341463415
Soudure,https://www.gedimat.fr/2-couverture-bardage/14-accessoires-outillage/452-soudure,794,0.585820895522388
Outillage du plombier,https://www.gedimat.fr/8-plomberie/58-accessoires-outillage/421-outillage-du-plombier,787,0.5130890052356021
Tubages flexibles,https://www.gedimat.fr/9-chauffage-traitement-de-l-air/60-fumisterie/248-tubages-flexibles,774,0.6153846153846154
Evacuation de WC,https://www.gedimat.fr/8-plomberie/53-evacuation/227-evacuation-de-wc,768,0.48148148148148145
Lavabos - Vasques - Lave-mains,https://www.gedimat.fr/8-plomberie/55-robinetterie/230-lavabos-vasques-lave-mains,763,0.6428571428571429
Robinets éviers,https://www.gedimat.fr/8-plomberie/55-robinetterie/233-robinets-eviers,761,0.76
Vidages,https://www.gedimat.fr/8-plomberie/53-evacuation/224-vidages,749,0.6428571428571429
Pulvérisateurs,https://www.gedimat.fr/13-plein-air-loisirs/86-outils-de-jardinage/365-pulverisateurs,746,0.44919786096256686
Enduits effets décoratifs,https://www.gedimat.fr/11-peinture-droguerie/71-peintures-de-finition/292-enduits-effets-decoratifs,742,0.5409836065573771
Panneaux stratifiés et décoratifs,https://www.gedimat.fr/7-cuisine/50-revetement-de-cuisine/116-panneaux-stratifies-et-decoratifs,727,0.9710144927536232
Clins - Bardages,https://www.gedimat.fr/12-revetement-sols-murs/80-revetements-murs-exterieurs/45-clins-bardages,724,0.5652173913043478
Quincaillerie de fenêtres,https://www.gedimat.fr/5-menuiserie-amenagement/34-accessoires-outillage/466-quincaillerie-de-fenetres,722,0.6133333333333333
Coupe-bordures - Taille-haies,https://www.gedimat.fr/13-plein-air-loisirs/86-outils-de-jardinage/361-coupe-bordures-taille-haies,698,0.4583333333333333
Eclairages extérieurs,https://www.gedimat.fr/14-amenagements-exterieurs/90-portails-clotures-amenagements/278-eclairages-exterieurs,691,0.7096774193548387
Outillage du couvreur,https://www.gedimat.fr/15-outillage/94-outils/416-outillage-du-couvreur,690,0.693069306930693
Ecrans de baignoire,https://www.gedimat.fr/6-salle-de-bain-sanitaire/36-bain-bien-etre/165-ecrans-de-baignoire,686,0.4429530201342282
Balnéothérapie - Spas,https://www.gedimat.fr/6-salle-de-bain-sanitaire/36-bain-bien-etre/166-balneotherapie-spas,676,0.48507462686567165
Fiches - Douilles - Adaptateurs,https://www.gedimat.fr/10-electricite-eclairage/69-accessoires-outillage/283-fiches-douilles-adaptateurs,675,0.5555555555555556
Filtres - Cartouches,https://www.gedimat.fr/8-plomberie/54-traitement-de-l-eau/229-filtres-cartouches,673,0.5231481481481481
Alimentation gaz,https://www.gedimat.fr/8-plomberie/52-alimentation/222-alimentation-gaz,669,0.5714285714285714
Chauffe-eau et Accessoires,https://www.gedimat.fr/9-chauffage-traitement-de-l-air/62-accessoires-outillage/238-chauffe-eau-et-accessoires,669,0.5517241379310345
Tronçonneuses,https://www.gedimat.fr/13-plein-air-loisirs/86-outils-de-jardinage/360-tronconneuses,662,0.5107296137339056
Outillage du plombier,https://www.gedimat.fr/15-outillage/94-outils/421-outillage-du-plombier,658,0.725
Bûchers,https://www.gedimat.fr/13-plein-air-loisirs/83-abris/349-buchers,649,0.5229885057471264
Crémaillères - Consoles,https://www.gedimat.fr/15-outillage/97-rangements-accessoires/474-cremailleres-consoles,646,0.5148514851485149
Adduction d&#039;eau,https://www.gedimat.fr/1-materiaux-construction/6-assainissement-vrd/29-adduction-d-eau,645,0.5846153846153846
Outillage de l&#039;électricien,https://www.gedimat.fr/15-outillage/94-outils/422-outillage-de-l-electricien,645,0.6290322580645161
Adoucisseurs,https://www.gedimat.fr/8-plomberie/54-traitement-de-l-eau/228-adoucisseurs,637,0.48514851485148514
Tables de cuisson,https://www.gedimat.fr/7-cuisine/48-electromenager/202-tables-de-cuisson,636,0.6354166666666666
Colliers de serrage,https://www.gedimat.fr/8-plomberie/58-accessoires-outillage/239-colliers-de-serrage,630,0.465
Pièces détachées robinetterie,https://www.gedimat.fr/8-plomberie/55-robinetterie/234-pieces-detachees-robinetterie,618,0.47058823529411764
Signalisation,https://www.gedimat.fr/15-outillage/95-protection-securite/425-signalisation,593,0.5060240963855421
Espace Enfant,https://www.gedimat.fr/13-plein-air-loisirs/82-mobilier/344-espace-enfant,592,0.5421686746987951
Domotique,https://www.gedimat.fr/10-electricite-eclairage/65-securite-automatisme-domotique/266-domotique,587,0.5833333333333334
Colles - Adhésifs,https://www.gedimat.fr/16-quincaillerie/100-fixation-assemblage/303-colles-adhesifs,582,0.5714285714285714
Quincaillerie d&#039;ameublement,https://www.gedimat.fr/16-quincaillerie/102-portes-fenetres-ameublement/468-quincaillerie-d-ameublement,581,0.6363636363636364
Outillage du peintre,https://www.gedimat.fr/15-outillage/94-outils/420-outillage-du-peintre,580,0.7586206896551724
Bordures de jardin,https://www.gedimat.fr/12-revetement-sols-murs/79-revetements-sols-exterieurs/329-bordures-de-jardin,579,0.68
Noues,https://www.gedimat.fr/2-couverture-bardage/8-toiture/1611-noues,579,0.5526315789473685
Evacuation machine à laver,https://www.gedimat.fr/8-plomberie/53-evacuation/226-evacuation-machine-a-laver,577,0.5161290322580645
Accessoires cuisine,https://www.gedimat.fr/7-cuisine/51-accessoires-de-cuisine/218-accessoires-cuisine,554,0.5510204081632653
Hottes,https://www.gedimat.fr/7-cuisine/48-electromenager/204-hottes,551,0.6324786324786325
Rosaces - Corniches - Dalles plafonds,https://www.gedimat.fr/12-revetement-sols-murs/77-revetements-murs-plafonds-interieurs/316-rosaces-corniches-dalles-plafonds,546,0.7288135593220338
Rosaces - Corniches - Dalles plafonds,https://www.gedimat.fr/11-peinture-droguerie/76-accessoires-outillage/316-rosaces-corniches-dalles-plafonds,533,0.5131578947368421
Robinetterie de douches,https://www.gedimat.fr/8-plomberie/55-robinetterie/232-robinetterie-de-douches,525,0.7391304347826086
Fours - Fours micro-ondes,https://www.gedimat.fr/7-cuisine/48-electromenager/201-fours-fours-micro-ondes,520,0.5714285714285714
Panneaux à Carreler,https://www.gedimat.fr/12-revetement-sols-murs/81-accessoires-outillage/1791-panneaux-a-carreler,504,0.7368421052631579
Défonceuses,https://www.gedimat.fr/15-outillage/96-outils-electro-portatif/434-defonceuses,502,0.576271186440678
Traitements des dallages,https://www.gedimat.fr/14-amenagements-exterieurs/92-traitements-finition/406-traitements-des-dallages,501,0.43410852713178294
Rangements - Paniers,https://www.gedimat.fr/7-cuisine/51-accessoires-de-cuisine/215-rangements-paniers,497,0.5576923076923077
Insecticides - Anti-nuisibles,https://www.gedimat.fr/13-plein-air-loisirs/87-vegetaux-entretiens/372-insecticides-anti-nuisibles,493,0.6816976127320955
Bains-douches,https://www.gedimat.fr/8-plomberie/55-robinetterie/231-bains-douches,483,0.7894736842105263
Plâtres en poudre,https://www.gedimat.fr/3-isolation-cloison/21-accessoires-outillage/17-platres-en-poudre,482,0.696969696969697
Quincaillerie de portail et garage,https://www.gedimat.fr/5-menuiserie-amenagement/34-accessoires-outillage/461-quincaillerie-de-portail-et-garage,482,0.4644808743169399
Laques,https://www.gedimat.fr/11-peinture-droguerie/71-peintures-de-finition/289-laques,479,0.625
Outillage du menuisier,https://www.gedimat.fr/5-menuiserie-amenagement/34-accessoires-outillage/418-outillage-du-menuisier,476,0.5662650602409639
Bacs - Accessoires,https://www.gedimat.fr/15-outillage/97-rangements-accessoires/475-bacs-accessoires,465,0.46875
Multiprises,https://www.gedimat.fr/10-electricite-eclairage/66-fils-cables-gaines-tubes/272-multiprises,465,0.37815126050420167
Carillons - Interphones,https://www.gedimat.fr/10-electricite-eclairage/65-securite-automatisme-domotique/268-carillons-interphones,454,0.5675675675675675
Machines de chantier,https://www.gedimat.fr/15-outillage/98-materiel-outils-de-chantier-atelier/449-machines-de-chantier,451,0.6176470588235294
Panneaux contreplaqués exotiques,https://www.gedimat.fr/2-couverture-bardage/14-accessoires-outillage/60-panneaux-contreplaques-exotiques,450,0.5087719298245614
Caches Poubelle,https://www.gedimat.fr/13-plein-air-loisirs/85-decoration-ornement/358-caches-poubelle,443,0.6136363636363636
Soudure,https://www.gedimat.fr/15-outillage/98-materiel-outils-de-chantier-atelier/452-soudure,440,0.5757575757575758
Levage,https://www.gedimat.fr/15-outillage/98-materiel-outils-de-chantier-atelier/443-levage,439,0.6521739130434783
Poubelles,https://www.gedimat.fr/15-outillage/98-materiel-outils-de-chantier-atelier/991-poubelles,439,0.43891402714932126
Chauffage au sol,https://www.gedimat.fr/9-chauffage-traitement-de-l-air/59-chauffage/1121-chauffage-au-sol,434,0.4520547945205479
Protection,https://www.gedimat.fr/11-peinture-droguerie/76-accessoires-outillage/305-protection,434,0.4444444444444444
Outillage de l&#039;électricien,https://www.gedimat.fr/10-electricite-eclairage/69-accessoires-outillage/422-outillage-de-l-electricien,430,0.6231884057971014
Réfrigérateurs,https://www.gedimat.fr/7-cuisine/48-electromenager/205-refrigerateurs,430,0.5675675675675675
Bandes de chant,https://www.gedimat.fr/5-menuiserie-amenagement/31-agencement/130-bandes-de-chant,417,0.7857142857142857
Cuisinettes intégrables,https://www.gedimat.fr/7-cuisine/46-meubles-de-cuisine/192-cuisinettes-integrables,417,0.32
Déshumidificateurs,https://www.gedimat.fr/9-chauffage-traitement-de-l-air/61-traitement-de-l-air/254-deshumidificateurs,410,0.6012658227848101
Pièces détachées robinetterie,https://www.gedimat.fr/7-cuisine/47-eviers-robinetterie/234-pieces-detachees-robinetterie,407,0.6293706293706294
Fusibles,https://www.gedimat.fr/10-electricite-eclairage/64-appareillages-modulaires/264-fusibles,406,0.625
Barres de relèvement et Accessoires,https://www.gedimat.fr/6-salle-de-bain-sanitaire/43-personne-a-mobilite-reduite/186-barres-de-relevement-et-accessoires,402,0.5734265734265734
Arrosages enterrés,https://www.gedimat.fr/14-amenagements-exterieurs/91-arrosage-recuperation-d-eau/401-arrosages-enterres,400,0.6590909090909091
Accessoires de ramonage,https://www.gedimat.fr/2-couverture-bardage/15-fumisterie/250-accessoires-de-ramonage,395,0.5642458100558659
Antennes et Accessoires TV,https://www.gedimat.fr/10-electricite-eclairage/69-accessoires-outillage/284-antennes-et-accessoires-tv,391,0.5304878048780488
Filtration,https://www.gedimat.fr/14-amenagements-exterieurs/93-univers-piscine/409-filtration,383,0.6320754716981132
Traitements curatifs et préventifs bois,https://www.gedimat.fr/14-amenagements-exterieurs/92-traitements-finition/300-traitements-curatifs-et-preventifs-bois,382,0.5945945945945946
Quincaillerie de portail et garage,https://www.gedimat.fr/16-quincaillerie/101-quincaillerie-du-batiment/461-quincaillerie-de-portail-et-garage,376,0.6923076923076923
Bâche hivernage - Sel de déneigement,https://www.gedimat.fr/13-plein-air-loisirs/87-vegetaux-entretiens/374-bache-hivernage-sel-de-deneigement,374,0.5571428571428572
Outillage du couvreur,https://www.gedimat.fr/4-bois-panneaux/29-accessoires-outillage/416-outillage-du-couvreur,374,0.4375
Produits d&#039;entretien - Nettoyants,https://www.gedimat.fr/15-outillage/99-entretiens/302-produits-d-entretien-nettoyants,365,0.6956521739130435
Thermostats - Programmateurs,https://www.gedimat.fr/9-chauffage-traitement-de-l-air/63-electronique/260-thermostats-programmateurs,364,0.47058823529411764
Accessoires pose de parquets,https://www.gedimat.fr/5-menuiserie-amenagement/34-accessoires-outillage/339-accessoires-pose-de-parquets,362,0.392
Peintures façades,https://www.gedimat.fr/14-amenagements-exterieurs/89-revetements-murs-exterieurs/295-peintures-facades,362,1.0
Quincaillerie de fenêtres,https://www.gedimat.fr/16-quincaillerie/102-portes-fenetres-ameublement/466-quincaillerie-de-fenetres,352,0.5
Détecteurs de fumée et gaz,https://www.gedimat.fr/7-cuisine/49-traitement-de-l-air/257-detecteurs-de-fumee-et-gaz,348,0.47783251231527096
Quincaillerie de volets,https://www.gedimat.fr/16-quincaillerie/101-quincaillerie-du-batiment/462-quincaillerie-de-volets,339,0.5833333333333334
Grilles de défense,https://www.gedimat.fr/16-quincaillerie/103-securite-des-acces-et-des-biens/146-grilles-de-defense,327,0.5773195876288659
Tuyaux d&#039;arrosage,https://www.gedimat.fr/14-amenagements-exterieurs/91-arrosage-recuperation-d-eau/399-tuyaux-d-arrosage,324,0.7222222222222222
Sécurités piscine,https://www.gedimat.fr/14-amenagements-exterieurs/93-univers-piscine/410-securites-piscine,323,0.43859649122807015
Canivelles,https://www.gedimat.fr/8-plomberie/53-evacuation/225-canivelles,320,0.47619047619047616
Lave-vaisselle,https://www.gedimat.fr/7-cuisine/48-electromenager/206-lave-vaisselle,313,0.5789473684210527
Produits de finition bois,https://www.gedimat.fr/14-amenagements-exterieurs/92-traitements-finition/298-produits-de-finition-bois,303,0.8148148148148148
Alarmes,https://www.gedimat.fr/10-electricite-eclairage/65-securite-automatisme-domotique/265-alarmes,299,0.5074626865671642
Chaudières,https://www.gedimat.fr/9-chauffage-traitement-de-l-air/59-chauffage/245-chaudieres,293,0.5903614457831325
"Revêtements décoratifs, lambris",https://www.gedimat.fr/7-cuisine/50-revetement-de-cuisine/311-revetements-decoratifs-lambris,286,0.7692307692307693
Appareils de Mesure,https://www.gedimat.fr/10-electricite-eclairage/69-accessoires-outillage/1801-appareils-de-mesure,282,0.594059405940594
Crémaillères - Consoles,https://www.gedimat.fr/16-quincaillerie/104-rangements-accessoires/474-cremailleres-consoles,270,0.6774193548387096
Lucarnes,https://www.gedimat.fr/2-couverture-bardage/13-chassis-de-toit/57-lucarnes,267,0.5274725274725275
Piles - Torches,https://www.gedimat.fr/10-electricite-eclairage/67-eclairage/279-piles-torches,255,0.6304347826086957
Jerricans,https://www.gedimat.fr/15-outillage/97-rangements-accessoires/477-jerricans,244,0.5663716814159292
Accessoires pose de parquets,https://www.gedimat.fr/12-revetement-sols-murs/81-accessoires-outillage/339-accessoires-pose-de-parquets,242,0.6363636363636364
Arrosages goutte à goutte,https://www.gedimat.fr/13-plein-air-loisirs/86-outils-de-jardinage/400-arrosages-goutte-a-goutte,235,0.6376811594202898
Etagères,https://www.gedimat.fr/16-quincaillerie/104-rangements-accessoires/473-etageres,234,0.5
Vidages,https://www.gedimat.fr/7-cuisine/47-eviers-robinetterie/224-vidages,229,0.9230769230769231
Lubrifiants,https://www.gedimat.fr/15-outillage/99-entretiens/454-lubrifiants,206,0.6102941176470589
Soudure,https://www.gedimat.fr/8-plomberie/58-accessoires-outillage/452-soudure,199,0.8
Boîtes aux lettres,https://www.gedimat.fr/16-quincaillerie/101-quincaillerie-du-batiment/465-boites-aux-lettres,194,0.6153846153846154
Accessoires de ramonage,https://www.gedimat.fr/9-chauffage-traitement-de-l-air/60-fumisterie/250-accessoires-de-ramonage,193,0.6666666666666666
Produits d&#039;entretien,https://www.gedimat.fr/8-plomberie/56-etancheite-plomberie/237-produits-d-entretien,183,0.6037735849056604
Traitement des maladies - Désherbants,https://www.gedimat.fr/13-plein-air-loisirs/87-vegetaux-entretiens/371-traitement-des-maladies-desherbants,183,0.5714285714285714
Arrosages goutte à goutte,https://www.gedimat.fr/14-amenagements-exterieurs/91-arrosage-recuperation-d-eau/400-arrosages-goutte-a-goutte,179,0.8
Poutres en I,https://www.gedimat.fr/4-bois-panneaux/24-bois-de-structure/100-poutres-en-i,177,0.5338983050847458
VMC,https://www.gedimat.fr/7-cuisine/49-traitement-de-l-air/251-vmc,175,1.0
"Revêtements décoratifs, lambris",https://www.gedimat.fr/12-revetement-sols-murs/77-revetements-murs-plafonds-interieurs/311-lambris-revetements-decoratifs,163,0.47107438016528924
Bacs - Accessoires,https://www.gedimat.fr/16-quincaillerie/104-rangements-accessoires/475-bacs-accessoires,155,0.7272727272727273
Boîtes à outils - Coffres - Servantes,https://www.gedimat.fr/16-quincaillerie/104-rangements-accessoires/476-boites-a-outils-coffres-servantes,154,0.4444444444444444
Flexibles,https://www.gedimat.fr/7-cuisine/47-eviers-robinetterie/198-flexibles,154,0.6
Coffres forts,https://www.gedimat.fr/16-quincaillerie/103-securite-des-acces-et-des-biens/470-coffres-forts,146,0.6170212765957447
Motoculture,https://www.gedimat.fr/13-plein-air-loisirs/86-outils-de-jardinage/364-motoculture,146,0.582089552238806
Escabeaux - Marchepieds,https://www.gedimat.fr/16-quincaillerie/104-rangements-accessoires/450-escabeaux-marchepieds,145,0.75
Extracteurs - Aérateurs,https://www.gedimat.fr/7-cuisine/49-traitement-de-l-air/252-extracteurs-aerateurs,145,0.875
Fermettes industrielles,https://www.gedimat.fr/4-bois-panneaux/23-bois-de-charpente/97-fermettes-industrielles,112,0.7027027027027027
Rabots électriques,https://www.gedimat.fr/15-outillage/96-outils-electro-portatif/435-rabots-electriques,112,0.4888888888888889
Alimentation gaz TP,https://www.gedimat.fr/1-materiaux-construction/6-assainissement-vrd/931-alimentation-gaz-tp,103,0.5
Détecteurs de fumée et gaz,https://www.gedimat.fr/9-chauffage-traitement-de-l-air/61-traitement-de-l-air/257-detecteurs-de-fumee-et-gaz,95,0.8
Receveurs,https://www.gedimat.fr/6-salle-de-bains-sanitaire/35-douches/971-receveurs,95,0.5373134328358209
Meubles de salles de bains,https://www.gedimat.fr/6-salle-de-bains-sanitaire/41-meubles-accessoires/177-meubles-de-salles-de-bains,93,0.4603174603174603
Régulateurs de température,https://www.gedimat.fr/9-chauffage-traitement-de-l-air/63-electronique/259-regulateurs-de-temperature,93,0.6666666666666666
Décapants - Diluants,https://www.gedimat.fr/14-amenagements-exterieurs/92-traitements-finition/1161-decapants-diluants,89,0.9090909090909091
Garages,https://www.gedimat.fr/13-plein-air-loisirs/83-abris/347-garages,85,0.43103448275862066
Placages,https://www.gedimat.fr/4-bois-panneaux/27-agencement/131-placages,78,0.6666666666666666
Panneaux à Carreler,https://www.gedimat.fr/6-salle-de-bains-sanitaire/35-douches/1791-panneaux-a-carreler,76,0.5555555555555556
"Revêtements décoratifs, lambris",https://www.gedimat.fr/5-menuiserie-amenagement/33-revetement-sols-et-murs/311-lambris-revetements-decoratifs,69,0.7916666666666666
Outillage du menuisier,https://www.gedimat.fr/12-revetement-sols-murs/81-accessoires-outillage/418-outillage-du-menuisier,66,0.8571428571428571
Peintures bois microporeuse,https://www.gedimat.fr/14-amenagements-exterieurs/92-traitements-finition/299-peintures-bois-microporeuse,63,1.0
Vasques - Plans vasques,https://www.gedimat.fr/6-salle-de-bains-sanitaire/38-vasques-lavabos/172-vasques-plans-vasques,59,0.7058823529411765
Mosaïques - Liners - Revêtements,https://www.gedimat.fr/14-amenagements-exterieurs/93-univers-piscine/408-mosaiques-liners-revetements,53,0.6428571428571429
Collectivité,https://www.gedimat.fr/6-salle-de-bain-sanitaire/40-collectivite/176-collectivite,52,0.59375
WC surélevés,https://www.gedimat.fr/6-salle-de-bain-sanitaire/43-personne-a-mobilite-reduite/182-wc-sureleves,52,0.35294117647058826
WC - Mécanismes,https://www.gedimat.fr/6-salle-de-bains-sanitaire/37-espace-toilettes/168-wc-mecanismes,50,0.6666666666666666
Jerricans,https://www.gedimat.fr/16-quincaillerie/104-rangements-accessoires/477-jerricans,47,1.0
Lave-mains,https://www.gedimat.fr/6-salle-de-bains-sanitaire/37-espace-toilettes/170-lave-mains,46,0.9090909090909091
Portes - Parois de douche,https://www.gedimat.fr/6-salle-de-bains-sanitaire/35-douches/161-portes-parois-de-douche,46,0.5526315789473685
Vidages,https://www.gedimat.fr/6-salle-de-bains-sanitaire/42-vidages-evacuation/224-vidages,44,0.5
Végétaux - Plantes - Fleurs,https://www.gedimat.fr/13-plein-air-loisirs/87-vegetaux-entretiens/368-vegetaux-plantes-fleurs,44,0.7575757575757576
Crépis intérieurs,https://www.gedimat.fr/11-peinture-droguerie/71-peintures-de-finition/291-crepis-interieurs,42,0.2916666666666667
Ecrans pare vapeur,https://www.gedimat.fr/3-isolation-cloison/324-toutes-les-cartes-cadeaux/1771-ecrans-pare-vapeur,41,0.0
Bacs acier,https://www.gedimat.fr/2-couverture-bardage/8-toiture/41-bacs-acier#gallery-3,38,0.868421052631579
Puits canadien,https://www.gedimat.fr/1-materiaux-construction/6-assainissement-vrd/1151-puits-canadien,38,0.6857142857142857
Ecrans de baignoire,https://www.gedimat.fr/6-salle-de-bains-sanitaire/36-bain-bien-etre/165-ecrans-de-baignoire,36,0.5
Chauffage air chaud,https://www.gedimat.fr/9-chauffage-traitement-de-l-air/59-chauffage/1131-chauffage-air-chaud,33,0.7142857142857143
Eviers - Vasques,https://www.gedimat.fr/13-plein-air-loisirs/85-decoration-ornement/355-eviers-vasques,33,0.625
"Sols vinyles, PVC et SPC",https://www.gedimat.fr/12-revetement-sols-murs/78-revetements-sols-interieurs/320-moquettes-sols-pvc,33,0.75
Ecrans pare pluie,https://www.gedimat.fr/3-isolation-cloison/324-toutes-les-cartes-cadeaux/1761-ecrans-pare-pluie,31,1.0
Baignoires - Tabliers,https://www.gedimat.fr/6-salle-de-bains-sanitaire/36-bain-bien-etre/164-baignoires-tabliers,28,0.7391304347826086
Chauffage de piscine,https://www.gedimat.fr/14-amenagements-exterieurs/93-univers-piscine/411-chauffage-de-piscine,28,0.5
Placages,https://www.gedimat.fr/5-menuiserie-amenagement/31-agencement/131-placages,26,0.0
"Cuisines en kit, prêtes à monter",https://www.gedimat.fr/7-cuisine/46-meubles-de-cuisine/191-cuisines-pre-montees,25,0.5
Chauffe-eau et Accessoires,https://www.gedimat.fr/6-salle-de-bains-sanitaire/44-production-d-eau-chaude/238-chauffe-eau-et-accessoires,24,0.34782608695652173
Chauffage salle de bain,https://www.gedimat.fr/6-salle-de-bains-sanitaire/41-meubles-accessoires/244-chauffage-salle-de-bain,23,0.3333333333333333
Humidificateurs,https://www.gedimat.fr/9-chauffage-traitement-de-l-air/61-traitement-de-l-air/255-humidificateurs,23,0.6
Lavabos - Vasques - Lave-mains,https://www.gedimat.fr/6-salle-de-bains-sanitaire/39-robinetterie/230-lavabos-vasques-lave-mains,22,1.0
WC surélevés,https://www.gedimat.fr/6-salle-de-bains-sanitaire/43-personne-a-mobilite-reduite/182-wc-sureleves,22,0.125
Bains-douches,https://www.gedimat.fr/6-salle-de-bains-sanitaire/39-robinetterie/231-bains-douches,21,0.6
Perforateurs - Burineurs,https://www.gedimat.fr/15-outillage/96-outils-electroportatifs/430-perforateurs-burineurs,19,0.6
Eléments préfabriqués,https://www.gedimat.fr/1-materiaux-construction/1-construction/8-elements-pre-fabriques,17,0.6
Chauffage extérieur,https://www.gedimat.fr/13-plein-air-loisirs/84-coin-repas/352-chauffage-exterieur,16,0.38461538461538464
Espace douche PMR,https://www.gedimat.fr/6-salle-de-bain-sanitaire/43-personne-a-mobilite-reduite/185-espace-douche-pmr,16,0.35714285714285715
Robinetterie de douches,https://www.gedimat.fr/6-salle-de-bains-sanitaire/39-robinetterie/232-douches,16,0.3333333333333333
Cabines de douche,https://www.gedimat.fr/6-salle-de-bains-sanitaire/35-douches/160-cabines-de-douche,15,0.9230769230769231
Balnéothérapie - Spas,https://www.gedimat.fr/6-salle-de-bains-sanitaire/36-bain-bien-etre/166-balneotherapie-spas,14,0.2
Colonnes et Combinés de douches,https://www.gedimat.fr/6-salle-de-bains-sanitaire/35-douches/162-colonnes-et-combines-de-douches,11,0.5
Armoires de toilette et Accessoires,https://www.gedimat.fr/6-salle-de-bains-sanitaire/41-meubles-accessoires/178-armoires-de-toilette-et-accessoires,10,0.75
Abattants et Accessoires,https://www.gedimat.fr/6-salle-de-bains-sanitaire/37-espace-toilettes/169-abattants-et-accessoires,8,0.2
Blocs béton,https://www.gedimat.fr/0-[NOM_RAYON]/0-[NOM_SOUSRAYON]/0-[NOM_FAMILLE],8,0.5714285714285714
Panneaux contreplaqués exotiques,https://www.gedimat.fr/2-couverture-bardage/14-accessoires-outillage/60-anti-chute,8,0.16666666666666666
Produits d&#039;entretien - Nettoyants,https://www.gedimat.fr/11-peinture-droguerie/75-droguerie/302-produits-d-entretien-nettoyants#gallery,8,0.625
Receveurs à carreler,https://www.gedimat.fr/6-salle-de-bains-sanitaire/35-douches/1781-receveurs-a-carreler,6,0.8333333333333334
Saunas - Hammam,https://www.gedimat.fr/6-salle-de-bain-sanitaire/36-bain-bien-etre/167-saunas-hammam,6,0.8333333333333334
Baignoires avec porte,https://www.gedimat.fr/6-salle-de-bain-sanitaire/43-personne-a-mobilite-reduite/184-baignoires-avec-porte,5,0.0
Cartes cadeaux,https://www.gedimat.fr/1-materiaux-construction/322-toutes-les-cartes-cadeaux/1842-cartes-cadeaux,5,0.0
Enduits de façade,https://www.gedimat.fr/1-materiaux-construction/2-facade/10-enduits-de-facade#gallery-2,5,0.6666666666666666
Lavabos PMR,https://www.gedimat.fr/6-salle-de-bain-sanitaire/43-personne-a-mobilite-reduite/183-lavabos-pmr,5,0.6
Poutres en I,https://www.gedimat.fr/4-bois-panneaux/24-bois-de-structure/100--poutres-en-i-,5,0.0
Rabots électriques,https://www.gedimat.fr/15-outillage/96-outils-electroportatifs/435-rabots-electriques,5,0.25
Toiture,https://www.gedimat.fr/2-couverture-bardage/8-toiture/cookies,5,0.25
VMC,https://www.gedimat.fr/6-salle-de-bains-sanitaire/45-traitement-de-l-air/251-vmc,5,0.8
Blocs bÃ©ton,https://www.gedimat.fr/1-materiaux-construction/1-construction/1-blocs-beton,4,0.0
Collectivité,https://www.gedimat.fr/6-salle-de-bains-sanitaire/40-collectivite/176-collectivite,4,0.3333333333333333
Evacuation de WC,https://www.gedimat.fr/6-salle-de-bains-sanitaire/42-vidages-evacuation/227-evacuation-de-wc,4,0.0
Outillage du maçon,https://www.gedimat.fr/1-materiaux-construction/5-accessoires-outillage/415-outillage-du-macont,4,0.75
Perceuses visseuses,https://www.gedimat.fr/15-outillage/96-outils-electroportatifs/428-perceuses-visseuses,4,0.3333333333333333
Planchers,https://www.gedimat.fr/1-materiaux-construction/1-construction/7-planchers#gallery-1,4,0.75
Boîtes à outils - Coffres - Servantes,https://www.gedimat.fr/15-outillage/97-rangements-accessoires/476-boites-a-outils-coffres-servantes#gallery,3,0.5
Cartes cadeaux,https://www.gedimat.fr/14-amenagements-exterieurs/335-toutes-les-cartes-cadeaux/1842-cartes-cadeaux,3,0.0
Chassis de toit,https://www.gedimat.fr/2-couverture-bardage/13-chassis-de-toit/fenêtres et portes fenêtres,3,0.0
Enduits de façade,https://www.gedimat.fr/1-materiaux-construction/2-facade/10-enduits-de-facade#gallery-3,3,1.0
Isolation Thermique par Extérieur,https://www.gedimat.fr/3-isolation-cloison/17-isolation-thermique-et-phonique/74-isolation-thermique-par-exterieur#gallery,3,1.0
Peintures spécialité,https://www.gedimat.fr/11-peinture-droguerie/72-peintures-specialite/cookies,3,0.0
Ponceuses,https://www.gedimat.fr/15-outillage/96-outils-electroportatifs/433-ponceuses,3,0.5
Portes - Parois de douche,https://www.gedimat.fr/6-salle-de-bain-sanitaire/35-douches/161-portes-parois-de-douche#gallery-3,3,1.0
Puits canadien,https://www.gedimat.fr/9-chauffage-traitement-de-l-air/61-traitement-de-l-air/1151-puits-canadien,3,0.0
Robinetterie de douches,https://www.gedimat.fr/8-plomberie/55-robinetterie/232-douches,3,0.0
Tuiles et Accessoires,https://www.gedimat.fr/2-couverture-bardage/8-toiture/38-tuiles-et-accessoires#gallery-1,3,1.0
Ardoises et Accessoires,https://www.gedimat.fr/2-couverture-bardage/8-toiture/39-ardoises-et-accessoiresmat,2,0.0
Barres de relèvement et Accessoires,https://www.gedimat.fr/6-salle-de-bains-sanitaire/43-personne-a-mobilite-reduite/186-barres-de-relevement-et-accessoires,2,0.0
Blocs bÃ©ton,https://www.gedimat.fr/1-materiaux-construction/1-construction/1-blocs-beton#document,2,0.0
Carrelages sols intÃ©rieurs,https://www.gedimat.fr/7-cuisine/50-revetement-de-cuisine/321-carrelages-sols-interieurs,2,1.0
Ciments - Chaux - Mortiers,https://www.gedimat.fr/1-materiaux-construction/3-agregats-poudres/16-ciments-chaux-mortiers#:~:text=Rendement : un sac de 25kg Ã©quivaut Ã  12l de bÃ©ton.,2,1.0
Coffrages,https://www.gedimat.fr/1-matériaux-fer béton construction/1-construction/6-coffrages,2,1.0
Construction,https://www.gedimat.fr/1-materiaux-construction/1-construction#/user,2,0.0
Dalles - Terrasses,https://www.gedimat.fr/3-isolation-cloison/17-isolation-thermique-et-phonique/71-dalles-terrasses#gallery,2,0.0
Enduits de façade,https://www.gedimat.fr/1-materiaux-construction/2-facade/10-enduits-de-facade#gallery-1,2,0.5
Espace douche PMR,https://www.gedimat.fr/6-salle-de-bains-sanitaire/43-personne-a-mobilite-reduite/185-espace-douche-pmr,2,0.5
Menuiserie extérieure,https://www.gedimat.fr/5-menuiserie-amenagement/32-menuiserie-exterieure#/user,2,0.0
Moulures,https://www.gedimat.fr/5-menuiserie-amenagement/30-menuiserie-interieure/128-moulures#gallery-1,2,1.0
PavÃ©s - Dallages,https://www.gedimat.fr/1-materiaux-construction/4-revetement-sols-exterieurs/323-paves-dallages,2,0.0
PavÃ©s - Dallages,https://www.gedimat.fr/1-materiaux-construction/4-revetement-sols-exterieurs/323-paves-dallages#document,2,0.0
PavÃ©s - Dallages,https://www.gedimat.fr/1-materiaux-construction/4-revetement-sols-exterieurs/323-paves-dallages#tarteaucitron,2,0.0
Pavés - Dallages,https://www.gedimat.fr/1-materiaux-construction/4-revetement-sols-exterieurs/323-paves-dallages#gallery,2,0.0
Pavés - Dallages,https://www.gedimat.fr/1-materiaux-construction/4-revetement-sols-exterieurs/323-paves-dallages#gallery-2,2,0.0
Pavés - Dallages,https://www.gedimat.fr/1-materiaux-construction/4-revetement-sols-exterieurs/323-paves-dallages#gallery-3,2,1.0
Pièces détachées robinetterie,https://www.gedimat.fr/7-/47-/234-pieces-detachees-robinetterie,2,0.0
Planchers,https://www.gedimat.fr/1-materiaux-construction/1-construction/7-planchers#gallery,2,0.5
Portails - BarriÃšres,https://www.gedimat.fr/14-amenagements-exterieurs/90-portails-clotures-amenagements/143-portails-barrieres,2,0.0
Portails - BarriÃšres,https://www.gedimat.fr/14-amenagements-exterieurs/90-portails-clotures-amenagements/143-portails-barrieres#document,2,0.0
Portails - BarriÃšres,https://www.gedimat.fr/14-amenagements-exterieurs/90-portails-clotures-amenagements/143-portails-barrieres#tarteaucitron,2,0.0
Portes d&#039;intÃ©rieur,https://www.gedimat.fr/5-menuiserie-amenagement/30-menuiserie-interieure/124-portes-d-interieur,2,0.0
Portes d&#039;intÃ©rieur,https://www.gedimat.fr/5-menuiserie-amenagement/30-menuiserie-interieure/124-portes-d-interieur#document,2,0.0
Sables - Graviers - Galets décoratifs,https://www.gedimat.fr/14-amenagements-exterieurs/88-revetements-sols-exterieurs/381-sables-graviers-galets-decoratifs#document,2,0.0
Terrasses en bois,https://www.gedimat.fr/12-revetement-sols-murs/79-revetements-sols-exterieurs/375-terrasses-en-bois#gallery-2,2,0.0
Accessoires &amp; Outillage,https://www.gedimat.fr/2-couverture-bardage/14-accessoires-outillage#/user,1,0.0
Accessoires de chauffage,https://www.gedimat.fr/9-chauffage-traitement-de-l-air/62-accessoires-outillage/258-accessoires-de-chauffage#popup-magasin,1,0.0
Accessoires de fixation,https://www.gedimat.fr/2-couverture-bardage/10-evacuation-eaux-pluviales/48-accessoires-de-fixation#popup-magasin,1,0.0
Accessoires plaques de plâtre,https://www.gedimat.fr/3-isolation-cloison/21-accessoires-outillage/87-accessoires-plaques-de-platre#allDeclinaisons,1,0.0
Accessoires plaques de plâtre,https://www.gedimat.fr/3-isolation-cloison/21-accessoires-outillage/87-accessoires-plaques-de-platre#popup-magasin,1,0.0
Aciers - Ferraillages,https://www.gedimat.fr/1-materiaux-construction/1-construction/5-aciers-ferraillages#gallery,1,0.0
Adjuvants,https://www.gedimat.fr/1-/3-/18-adjuvants,1,1.0
Agrafeurs - Cloueurs,https://www.gedimat.fr/15-outillage/96-outils-electroportatifs/436-agrafeurs-cloueurs,1,0.0
AgrÃ©gats &amp; Poudres,https://www.gedimat.fr/1-materiaux-construction/3-agregats-poudres/#tarteaucitron,1,0.0
Alarmes,https://www.gedimat.fr/10-electricite-eclairage/65-securite-automatisme-domotique/265-alarmes#tarteaucitron,1,0.0
Arrosage &amp; Récupération d&#039;eau,https://www.gedimat.fr/14-amenagements-exterieurs/91-arrosage-recuperation-d-eau/cookies,1,1.0
Bacs acier,https://www.gedimat.fr/2-couverture-bardage/8-toiture/41-bacs-acier#document,1,0.0
Bacs acier,https://www.gedimat.fr/2-couverture-bardage/8-toiture/41-bacs-acier#gallery-1,1,0.0
Bacs acier,https://www.gedimat.fr/2-couverture-bardage/8-toiture/41-bacs-acier#tarteaucitron,1,0.0
Bacs acier,https://www.gedimat.fr/2-couverture-bardage/8-toiture/41-bacs-acierat bac acier,1,0.0
Baignoires - Tabliers,https://www.gedimat.fr/6-salle-de-bain-sanitaire/36-bain-bien-etre/164-baignoires-tabliers#document,1,0.0
Baignoires - Tabliers,https://www.gedimat.fr/6-salle-de-bain-sanitaire/36-bain-bien-etre/164-baignoires-tabliers#tarteaucitron,1,0.0
Balustrades et Garde-corps extÃ©rieurs,https://www.gedimat.fr/14-amenagements-exterieurs/90-portails-clotures-amenagements/145-balustrades-et-garde-corps-exterieurs,1,0.0
Balustrades et Garde-corps intérieurs,https://www.gedimat.fr/5-/30-/105-balustrades-et-garde-corps-interieurs,1,0.0
Bandes de chant,https://www.gedimat.fr/4-bois-panneaux/27-agencement/130-bandes-de-chant#document,1,0.0
Bandes de chant,https://www.gedimat.fr/4-bois-panneaux/27-agencement/130-bandes-de-chant#tarteaucitron,1,0.0
Blocs bÃ©ton,https://www.gedimat.fr/1-materiaux-construction/1-construction/1-blocs-beton#tarteaucitron,1,0.0
Blocs béton,https://www.gedimat.fr/1-materiaux-construction/1-construction/1-blocs-beton#,1,1.0
Blocs béton,"https://www.gedimat.fr/1-materiaux-construction/1-construction/1-blocs-beton#:~:text=Le bloc Ã  bancher est,10 blocs par mÂ².",1,0.0
Blocs béton,"https://www.gedimat.fr/1-materiaux-construction/1-construction/1-blocs-beton#:~:text=Le bloc Ã  bancher est,cm pour les parois porteuse.",1,1.0
Blocs béton,"https://www.gedimat.fr/1-materiaux-construction/1-construction/1-blocs-beton#:~:text=Poids : 20kg.,Palette de 60 blocs.",1,1.0
Blocs béton,https://www.gedimat.fr/1-materiauxsd-construction/1-construction/1-blocs-beton,1,0.0
Bombes de peinture,https://www.gedimat.fr/11-/76-/306-bombes-de-peinture,1,1.0
Bombes de peinture,https://www.gedimat.fr/11-peinture-droguerie/76-accessoires-outillage/306-bombes-de-peinture#document,1,0.0
Bombes de peinture,https://www.gedimat.fr/11-peinture-droguerie/76-accessoires-outillage/306-bombes-de-peinture#tarteaucitron,1,0.0
Boulons - Ecrous - Rondelles,https://www.gedimat.fr/16-quincaillerie/100-fixation-assemblage/456-boulons-ecrous-,1,1.0
Briques de construction,https://www.gedimat.fr/1-materiaux-construction/1-construction/3-briques-de-construction#document,1,0.0
Briques de construction,https://www.gedimat.fr/1-materiaux-construction/1-construction/3-briques-de-construction#tarteaucitron,1,0.0
Briques et Plaquettes de parement,https://www.gedimat.fr/1-materiaux-construction/2-facade/11-briques-et-plaquettes-de-parement vaugirar,1,0.0
Briques et Plaquettes de parement,https://www.gedimat.fr/1-materiaux-construction/2-facade/11-briques-et-plaquettes-de-parement#document,1,0.0
Briques et Plaquettes de parement,https://www.gedimat.fr/1-materiaux-construction/2-facade/11-briques-et-plaquettes-de-parement#gallery,1,0.0
Briques et Plaquettes de parement,https://www.gedimat.fr/1-materiaux-construction/2-facade/11-briques-et-plaquettes-de-parement#popup-magasin,1,0.0
Briques et Plaquettes de parement,https://www.gedimat.fr/1-materiaux-construction/2-facade/11-briques-et-plaquettes-de-parement#tarteaucitron,1,0.0
Brises-vue - Canisses,https://www.gedimat.fr/14-amenagements-exterieurs/90-portails-clotures-amenagements/394-brises-vue-canisses*,1,0.0
BÃ¢che hivernage - Sel de dÃ©neigement,https://www.gedimat.fr/13-plein-air-loisirs/87-vegetaux-entretiens/374-bache-hivernage-sel-de-deneigement,1,0.0
BÃ¢che hivernage - Sel de dÃ©neigement,https://www.gedimat.fr/13-plein-air-loisirs/87-vegetaux-entretiens/374-bache-hivernage-sel-de-deneigement#tarteaucitron,1,0.0
BÃ©tonniÃšres - Brouettes - Malaxeurs,https://www.gedimat.fr/15-outillage/98-materiel-outils-de-chantier-atelier/447-betonnieres-brouettes-malaxeurs,1,0.0
BÃ©tonniÃšres - Brouettes - Malaxeurs,https://www.gedimat.fr/15-outillage/98-materiel-outils-de-chantier-atelier/447-betonnieres-brouettes-malaxeurs#document,1,0.0
BÃ©tonniÃšres - Brouettes - Malaxeurs,https://www.gedimat.fr/15-outillage/98-materiel-outils-de-chantier-atelier/447-betonnieres-brouettes-malaxeurs#tarteaucitron,1,0.0
Béton cellulaire,https://www.gedimat.fr/1-materiaux-construction/1-construction/4-beton-cellulaire traptreden bordes,1,0.0
Béton cellulaire,https://www.gedimat.fr/1-materiaux-construction/1-construction/4-beton-cellulaire#tarteaucitron,1,0.0
Caniveaux,https://www.gedimat.fr/1-materiaux-construction/6-assainissement-vrd/32-caniveaux#document,1,0.0
Caniveaux,https://www.gedimat.fr/1-materiaux-construction/6-assainissement-vrd/32-caniveaux#gallery,1,0.0
Caniveaux,https://www.gedimat.fr/1-materiaux-construction/6-assainissement-vrd/32-caniveaux#gallery-2,1,1.0
Caniveaux,https://www.gedimat.fr/1-materiaux-construction/6-assainissement-vrd/32-caniveaux#tarteaucitron,1,0.0
Carports,https://www.gedimat.fr/13-plein-air-loisirs/83-abris/348-carports#document,1,0.0
Carports,https://www.gedimat.fr/13-plein-air-loisirs/83-abris/348-carports#tarteaucitron,1,0.0
Carrelages murs,https://www.gedimat.fr/7-cuisine/50-revetement-de-cuisine/309-carrelages-murs#popup-magasin,1,0.0
Carrelages murs,https://www.gedimat.fr/7-cuisine/50-revetement-de-cuisine/309-carrelages-murs.b,1,0.0
Carrelages sols extérieurs,https://www.gedimat.fr/12-revetement-sols-murs/79-revetements-sols-exterieurs/325-carrelages-sols-exterieurs#gallery-2,1,0.0
Carrelages sols intÃ©rieurs,https://www.gedimat.fr/7-cuisine/50-revetement-de-cuisine/321-carrelages-sols-interieurs#document,1,0.0
Carrelages sols intÃ©rieurs,https://www.gedimat.fr/7-cuisine/50-revetement-de-cuisine/321-carrelages-sols-interieurs#tarteaucitron,1,0.0
Carrelages sols intérieurs,https://www.gedimat.fr/7-cuisine/50-revetement-de-cuisine/321-carrelages-sols-interieurs#gallery-2,1,1.0
Cartes cadeaux,https://www.gedimat.fr/10-electricite-eclairage/331-toutes-les-cartes-cadeaux/1842-cartes-cadeaux,1,1.0
Cartes cadeaux,https://www.gedimat.fr/12-revetement-sols-murs/333-toutes-les-cartes-cadeaux/1842-cartes-cadeaux,1,0.0
Cartes cadeaux,https://www.gedimat.fr/2-couverture-bardage/323-toutes-les-cartes-cadeaux/1842-cartes-cadeaux,1,0.0
Cartes cadeaux,https://www.gedimat.fr/6-salle-de-bain-sanitaire/327-toutes-les-cartes-cadeaux/1842-cartes-cadeaux,1,0.0
Cartes cadeaux,https://www.gedimat.fr/7-cuisine/328-toutes-les-cartes-cadeaux/1842-cartes-cadeaux,1,1.0
Chaines - Cordes - Arrimages,https://www.gedimat.fr/16-quincaillerie/101-quincailleprendre des cotesie-du-batiment/464-chaines-cordes-arrimages,1,1.0
Chaines - Cordes - Arrimages,https://www.gedimat.fr/16-quincaillerie/101-quincaillerie-du-batiment/464-chaines-cordes-arrimages#document,1,0.0
Chauffage d&#039;appoint,https://www.gedimat.fr/9-chauffage-traitement-de-l-air/59-chauffage/243-chauffage-d-appoint#document,1,0.0
Chauffage extérieur,https://www.gedimat.fr/13-/84-/352-chauffage-exterieur,1,1.0
Chauffe-eau et Accessoires,https://www.gedimat.fr/6-salle-de-bain-sanitaire/44-production-d-eau-chaude/238-chauffe-eau-et-accessoires#document,1,0.0
Chauffe-eau et Accessoires,https://www.gedimat.fr/6-salle-de-bain-sanitaire/44-production-d-eau-chaude/238-chauffe-eau-et-accessoires#tarteaucitron,1,0.0
Ciments - Chaux - Mortiers,"https://www.gedimat.fr/1-materiaux-construction/3-agregats-poudres/16-ciments-chaux-mortiers#:~:text=Rendement : un sac de 25kg,RÃ©sistance : Ã  28jours, 10MPa.",1,1.0
Ciments - Chaux - Mortiers,"https://www.gedimat.fr/1-materiaux-construction/3-agregats-poudres/16-ciments-chaux-mortiers#:~:text=Rendement : un sac de 25kg,RÃ©sistance : Ã  28jours, 25MPa.",1,0.0
Ciments - Chaux - Mortiers,"https://www.gedimat.fr/1-materiaux-construction/3-agregats-poudres/16-ciments-chaux-mortiers#:~:text=Rendement : un sac de 25kg,minutes Ã  20Â°C.",1,0.0
Ciments - Chaux - Mortiers,https://www.gedimat.fr/1-materiaux-construction/3-agregats-poudres/16-ciments-chaux-mortiers#document,1,0.0
Ciments - Chaux - Mortiers,https://www.gedimat.fr/1-materiaux-construction/3-agregats-poudres/16-ciments-chaux-mortiers#popup-magasin,1,0.0
Ciments - Chaux - Mortiers,https://www.gedimat.fr/1-materiaux-construction/3-agregats-poudres/16-ciments-chaux-mortiers#tarteaucitron,1,0.0
Ciments - Chaux - Mortiers,https://www.gedimat.fr/1-materiaux-construction/3-agregats-poudres/16-ciments-chaux-mortierst,1,0.0
Clins - Bardages,https://www.gedimat.fr/1-materiaux-construction/2-facade/45-clins-bardages bois classe 4,1,0.0
Clins - Bardages,https://www.gedimat.fr/1-materiaux-construction/2-facade/45-clins-bardages#gallery-4,1,0.0
Clins - Bardages,https://www.gedimat.fr/1-materiaux-construction/2-facade/45-clins-bardages#searchString,1,0.0
Clins - Bardages,https://www.gedimat.fr/12-revetement-sols-murs/80-revetements-murs-exterieurCARRELAGE SRTORIA/45-clins-bardages,1,1.0
Clins - Bardages,https://www.gedimat.fr/4-bois-panneaux/26-bois-d-habillage/45-clins-bardages#document,1,0.0
Clins - Bardages,https://www.gedimat.fr/4-bois-panneaux/26-bois-d-habillage/45-clins-bardages#tarteaucitron,1,0.0
Cloisons,https://www.gedimat.fr/3-isolation-cloison/19-cloisons#/user,1,0.0
Colles - AdhÃ©sifs,https://www.gedimat.fr/11-peinture-droguerie/75-droguerie/303-colles-adhesifs,1,0.0
Colles - AdhÃ©sifs,https://www.gedimat.fr/11-peinture-droguerie/75-droguerie/303-colles-adhesifs#document,1,0.0
Colles - AdhÃ©sifs,https://www.gedimat.fr/11-peinture-droguerie/75-droguerie/303-colles-adhesifs#tarteaucitron,1,0.0
Colles - Joints,https://www.gedimat.fr/12-revetement-sols-murs/81-accessoires-outillage/335-colles-joints#document,1,0.0
Colles - Joints,https://www.gedimat.fr/12-revetement-sols-murs/81-accessoires-outillage/335-colles-joints#gallery,1,0.0
Colles - Joints,https://www.gedimat.fr/12-revetement-sols-murs/81-accessoires-outillage/335-colles-joints#gallery-2,1,1.0
Colles - Joints,https://www.gedimat.fr/12-revetement-sols-murs/81-accessoires-outillage/335-colles-joints#tarteaucitron,1,0.0
Compresseurs,https://www.gedimat.fr/15-outillage/98-materiel-outils-de-chantier-atelier/445-compresseurs#gallery,1,0.0
Compresseurs,https://www.gedimat.fr/15-outillage/98-materiel-outils-de-chantier-atelier/445-compresseurs#tarteaucitron,1,0.0
Consommables et Accessoires,https://www.gedimat.fr/15-outillage/96-outils-electroportatifs/437-consommables-et-accessoires,1,1.0
Construction,https://www.gedimat.fr/1-materiaux-construction/1-construction/140blocs-beton,1,0.0
Construction,https://www.gedimat.fr/1-materiaux-construction/1-construction/cookies,1,0.0
Construction,https://www.gedimat.fr/1-materiaux-construction/1-construction/seuil porte,1,0.0
CrÃ©maillÃšres - Consoles,https://www.gedimat.fr/15-outillage/97-rangements-accessoires/474-cremailleres-consoles,1,0.0
CrÃ©maillÃšres - Consoles,https://www.gedimat.fr/15-outillage/97-rangements-accessoires/474-cremailleres-consoles#document,1,0.0
"Cuisines en kit, prÃªtes Ã  monter",https://www.gedimat.fr/7-cuisine/46-meubles-de-cuisine/191-cuisines-en-kit-pretes-a-monter,1,0.0
"Cuisines en kit, prÃªtes Ã  monter",https://www.gedimat.fr/7-cuisine/46-meubles-de-cuisine/191-cuisines-en-kit-pretes-a-monter#document,1,0.0
"Cuisines en kit, prÃªtes Ã  monter",https://www.gedimat.fr/7-cuisine/46-meubles-de-cuisine/191-cuisines-en-kit-pretes-a-monter#tarteaucitron,1,0.0
Dalles - Terrasses,https://www.gedimat.fr/3-isolation-cloison/17-isolation-thermique-et-phonique/71-dalles-terrasses#document,1,0.0
Dalles - Terrasses,https://www.gedimat.fr/3-isolation-cloison/17-isolation-thermique-et-phonique/71-dalles-terrasses#tarteaucitron,1,0.0
Douchettes et Flexibles de douche,https://www.gedimat.fr/6-salle-de-bains-sanitaire/35-douches/163-douchettes-et-flexibles-de-douche,1,1.0
Drains,https://www.gedimat.fr/1-materiaux-construction/6-assainissement-vrd/31-drains#document,1,0.0
Droguerie,https://www.gedimat.fr/11-peinture-droguerie/75-droguerie/303tout faire materiauxolles-adhesifs,1,0.0
DÃ©capants - Diluants,https://www.gedimat.fr/11-peinture-droguerie/75-droguerie/1161-decapants-diluants,1,0.0
DÃ©capants - Diluants,https://www.gedimat.fr/11-peinture-droguerie/75-droguerie/1161-decapants-diluants#document,1,0.0
DÃ©capants - Diluants,https://www.gedimat.fr/11-peinture-droguerie/75-droguerie/1161-decapants-diluants#tarteaucitron,1,0.0
DÃ©coration &amp; Ornement,https://www.gedimat.fr/13-plein-air-loisirs/85-decoration-ornement/#tarteaucitron,1,0.0
Echelles - Echafaudages - Goulottes,https://www.gedimat.fr/1-materiaux-construction/5-accessoires-outillage/442-echelles-echafaudages-goulottes#document,1,0.0
Echelles - Echafaudages - Goulottes,https://www.gedimat.fr/1-materiaux-construction/5-accessoires-outillage/442-echelles-echafaudages-goulottes#gallery,1,0.0
Eclairages extÃ©rieurs,https://www.gedimat.fr/14-amenagements-exterieurs/90-portails-clotures-amenagements/278-eclairages-exterieurs,1,0.0
Eclairages extÃ©rieurs,https://www.gedimat.fr/14-amenagements-exterieurs/90-portails-clotures-amenagements/278-eclairages-exterieurs#document,1,0.0
Eclairages extÃ©rieurs,https://www.gedimat.fr/14-amenagements-exterieurs/90-portails-clotures-amenagements/278-eclairages-exterieurs#tarteaucitron,1,0.0
Ecrans - ClÃŽtures,https://www.gedimat.fr/14-amenagements-exterieurs/90-portails-clotures-amenagements/390-ecrans-clotures,1,0.0
Ecrans - Clôtures,https://www.gedimat.fr/5-menuiserie-amenagement/32-menuiserie-exterieure/390-ecrans-clotures#gallery-1,1,1.0
Ecrans - Clôtures,https://www.gedimat.fr/5-menuiserie-amenagement/32-menuiserie-exterieure/390-ecrans-clotures#popup-magasin,1,0.0
Ecrans sous toiture,https://www.gedimat.fr/2-couverture-bardage/11-ecrans-toitures-et-murs/50-ecrans-sous-toiture#document,1,0.0
Ecrans sous toiture,https://www.gedimat.fr/2-couverture-bardage/11-ecrans-toitures-et-murs/50-ecrans-sous-toiture#tarteaucitron,1,0.0
Eléments préfabriqués,https://www.gedimat.fr/1-materiaux-construction/1-construction/8-elements-prefabriques#document,1,0.0
Elï¿œments prï¿œfabriquï¿œs,https://www.gedimat.fr/1-materiaux-construction/1-construction/8-elements-prefabriques,1,0.0
Enduits de faÃ§ade,https://www.gedimat.fr/14-amenagements-exterieurs/89-revetements-murs-exterieurs/10-enduits-de-facade,1,0.0
Enduits de faÃ§ade,https://www.gedimat.fr/14-amenagements-exterieurs/89-revetements-murs-exterieurs/10-enduits-de-facade#document,1,0.0
Enduits de faÃ§ade,https://www.gedimat.fr/14-amenagements-exterieurs/89-revetements-murs-exterieurs/10-enduits-de-facade#tarteaucitron,1,0.0
Enduits de façade,https://www.gedimat.fr/1-materiaux-construction/2-facade/10-enduits-de-facade#popup-magasin,1,0.0
Enduits de façade,https://www.gedimat.fr/12-revetement-sols-murs/80-revetements-murs-exterieursD/10-enduits-de-facade,1,1.0
Energie éolienne,https://www.gedimat.fr/10-electricite-eclairage/68-production-d-energie-electrique/281-energie-eolienne,1,1.0
Entretiens,https://www.gedimat.fr/15-outillage/99-entretiens/#tarteaucitron,1,0.0
Escaliers,https://www.gedimat.fr/5-menuiserie-amenagement/30-menuiserie-interieure/123-escaliers.,1,0.0
EtanchÃ©itÃ© de couverture,https://www.gedimat.fr/1-materiaux-construction/7-protection-etancheite/1721-etancheite-de-couverture,1,0.0
EtanchÃ©itÃ© de couverture,https://www.gedimat.fr/1-materiaux-construction/7-protection-etancheite/1721-etancheite-de-couverture#document,1,0.0
Eviers &amp; Robinetterie,https://www.gedimat.fr/7-cuisine/47-eviers-robinetterie/cookies,1,0.0
Eviers &amp; Robinetterie,https://www.gedimat.fr/7-cuisine/47-eviers-robinetterie/cookies#tarteaucitron,1,0.0
Extracteurs - AÃ©rateurs,https://www.gedimat.fr/6-salle-de-bain-sanitaire/45-traitement-de-l-air/252-extracteurs-aerateurs,1,0.0
Extracteurs - AÃ©rateurs,https://www.gedimat.fr/6-salle-de-bain-sanitaire/45-traitement-de-l-air/252-extracteurs-aerateurs#document,1,0.0
FenÃªtres - Portes fenÃªtres,https://www.gedimat.fr/5-menuiserie-amenagement/32-menuiserie-exterieure/139-fenetres-portes-fenetres,1,0.0
FenÃªtres - Portes fenÃªtres,https://www.gedimat.fr/5-menuiserie-amenagement/32-menuiserie-exterieure/139-fenetres-portes-fenetres#document,1,0.0
FenÃªtres - Portes fenÃªtres,https://www.gedimat.fr/5-menuiserie-amenagement/32-menuiserie-exterieure/139-fenetres-portes-fenetres#tarteaucitron,1,0.0
FenÃªtres de toit - Raccords,https://www.gedimat.fr/2-couverture-bardage/13-chassis-de-toit/140-fenetres-de-toit-raccords,1,0.0
FenÃªtres de toit - Raccords,https://www.gedimat.fr/2-couverture-bardage/13-chassis-de-toit/140-fenetres-de-toit-raccords#document,1,0.0
FenÃªtres de toit - Raccords,https://www.gedimat.fr/2-couverture-bardage/13-chassis-de-toit/140-fenetres-de-toit-raccords#tarteaucitron,1,0.0
Feutres géotextiles,https://www.gedimat.fr/1-materiaux-construction/6-assainissement-vrd/35-feutres-geotextiles#gallery,1,1.0
Fonte de voirie,https://www.gedimat.fr/1-/6-/34-fonte-de-voirie,1,0.0
Fonte de voirie,https://www.gedimat.fr/1-materiaux-construction/6-assainissement-vrd/34-fonte-de-voirie#gallery,1,0.0
Fumisterie,https://www.gedimat.fr/2-couverture-bardage/15-fumisterie#/user,1,0.0
Gouttières - Descentes,https://www.gedimat.fr/2-/10-/47-gouttieres-descentes,1,1.0
Granulats,https://www.gedimat.fr/1-materiaux-construction/3-agregats-poudres/15-granulats#document,1,0.0
Granulats,https://www.gedimat.fr/1-materiaux-construction/3-agregats-poudres/15-granulats#gallery,1,0.0
Granulats,https://www.gedimat.fr/1-materiaux-construction/3-agregats-poudres/15-granulats#gallery-1,1,0.0
Granulats,https://www.gedimat.fr/1-materiaux-construction/3-agregats-poudres/15-granulats#tarteaucitron,1,0.0
Grilles de défense,https://www.gedimat.fr/5-menuiserie-amenagement/32-menuiserie-exterieure/146-grilles-de-defens=,1,1.0
Hottes,https://www.gedimat.fr/7-cuisine/48-electromenager/204-hottes#document,1,0.0
Hottes,https://www.gedimat.fr/7-cuisine/48-electromenager/204-hottes#tarteaucitron,1,0.0
Isolation Thermique par Extérieur,https://www.gedimat.fr/3-/17-/74-isolation-thermique-par-exterieur,1,0.0
Isolation thermique et phonique,https://www.gedimat.fr/3-isolation-cloison/17-isolation-thermique-et-phonique#/user,1,0.0
Jardinières - Poteries,https://www.gedimat.fr/13-plein-air-loisirs/85-decoration-ornement/354-bordures de jardin,1,0.0
Lames ï¿œ volet,https://www.gedimat.fr/4-bois-panneaux/26-bois-d-habillage/106-lames-a-volet,1,1.0
Lavabos,https://www.gedimat.fr/6-salle-de-bains-sanitaire/38-vasques-lavabos/171-lavabos,1,1.0
Lavabos - Vasques - Lave-mains,https://www.gedimat.fr/6-salle-de-bain-sanitaire/39-robinetterie/230-lavabos-vasques-lave-mainsgedimat sous couche,1,0.0
Lave-mains,https://www.gedimat.fr/6-salle-de-bain-sanitaire/37-espace-toilettes/170-lave-mains#document,1,0.0
Lave-mains,https://www.gedimat.fr/6-salle-de-bain-sanitaire/37-espace-toilettes/170-lave-mains#tarteaucitron,1,0.0
Madriers - Bastaings - Solivettes,https://www.gedimat.fr/4-bois-panneaux/23-bois-de-charpente/90-madriers-bastaings-solivettes#popup-magasin,1,0.0
Margelles,https://www.gedimat.fr/14-amenagements-exterieurs/88-revetements-sols-exterieurs/1171-margelles#tarteaucitron,1,0.0
Mastics,https://www.gedimat.fr/11-peinture-droguerie/75-droguerie/981-mastics#document,1,0.0
Mastics,https://www.gedimat.fr/11-peinture-droguerie/75-droguerie/981-mastics#tarteaucitron,1,0.0
Meubles &amp; Accessoires,https://www.gedimat.fr/6-salle-de-bain-sanitaire/41-meubles-accessoires#/user,1,0.0
Meubles de salles de bains,https://www.gedimat.fr/6-salle-de-bain-sanitaire/41-meubles-accessoires/177-meuble-de-salle-de-bains,1,1.0
Meubles de salles de bains,https://www.gedimat.fr/6-salle-de-bain-sanitaire/41-meubles-accessoires/177-meubles-de-salles-de-bains#document,1,0.0
Meubles de salles de bains,https://www.gedimat.fr/6-salle-de-bain-sanitaire/41-meubles-accessoires/177-meubles-de-salles-de-bains#gallery-1,1,1.0
Meubles de salles de bains,https://www.gedimat.fr/6-salle-de-bain-sanitaire/41-meubles-accessoires/177-meubles-de-salles-de-bains#tarteaucitron,1,0.0
Meuleuses - Rainureuses,https://www.gedimat.fr/15-outillage/96-outils-electro-portatif/431-meuleuses-rainureuses#document,1,0.0
Meuleuses - Rainureuses,https://www.gedimat.fr/15-outillage/96-outils-electro-portatif/431-meuleuses-rainureuses#tarteaucitron,1,0.0
Modulaires - BoÃ®tes,https://www.gedimat.fr/10-electricite-eclairage/64-appareillages-modulaires/263-modulaires-boites,1,1.0
Multiprises,https://www.gedimat.fr/10-electricite-eclairage/66-fils-cables-gaines-tubes/272-multiprises#document,1,0.0
Multiprises,https://www.gedimat.fr/10-electricite-eclairage/66-fils-cables-gaines-tubes/272-multiprises#tarteaucitron,1,0.0
Murs de soutÃšnement - Talus,https://www.gedimat.fr/14-amenagements-exterieurs/321-construction/1841-murs-de-soutenement-talus,1,0.0
Murs de soutÃšnement - Talus,https://www.gedimat.fr/14-amenagements-exterieurs/321-construction/1841-murs-de-soutenement-talus#document,1,0.0
Murs de soutï¿œnement - Talus,https://www.gedimat.fr/1-materiaux-construction/1-construction/1841-murs-de-soutenement-talus,1,1.0
Murs et Cloisons intÃ©rieurs,https://www.gedimat.fr/3-isolation-cloison/17-isolation-thermique-et-phonique/70-murs-et-cloisons-interieurs,1,0.0
Murs et Cloisons intÃ©rieurs,https://www.gedimat.fr/3-isolation-cloison/17-isolation-thermique-et-phonique/70-murs-et-cloisons-interieurs#document,1,0.0
Murs et Cloisons intérieurs,https://www.gedimat.fr/3-isolation-cloison/17-isolation-thermique-et-phonique/70-murs-et-cloisons-interiebricours,1,0.0
Murs et Cloisons intérieurs,"https://www.gedimat.fr/3-isolation-cloison/17-isolation-thermique-et-phonique/70-murs-et-cloisons-interieurs#:~:text=Le doublage PLACOTHERM+ Hydro est,l'intÃ©rieur des piÃšces humides.",1,0.0
Murs et Cloisons intérieurs,https://www.gedimat.fr/3-isolation-cloison/17-isolation-thermique-et-phonique/70-murs-et-cloisons-interieurs#gallery,1,0.0
Murs et Cloisons intérieurs,https://www.gedimat.fr/3-isolation-cloison/17-isolation-thermique-et-phonique/70-murs-et-cloisons-interieursa,1,0.0
MÃ©taux de couverture,https://www.gedimat.fr/2-couverture-bardage/8-toiture/40-metaux-de-couverture,1,1.0
Outillage du carreleur,https://www.gedimat.fr/12-revetement-sols-murs/81-accessoires-outillage/419-outillage-du-carreleur#document,1,0.0
Outillage du carreleur,https://www.gedimat.fr/12-revetement-sols-murs/81-accessoires-outillage/419-outillage-du-carreleur#pk_campaign=promo-pro-ls-g25-06&pk_source=fb-post-orga&pk_medium=page-cms,1,0.0
Outillage du carreleur,https://www.gedimat.fr/12-revetement-sols-murs/81-accessoires-outillage/419-outillage-du-carreleur#tarteaucitron,1,0.0
Outillage du couvreur,https://www.gedimat.fr/15-outillage/94-outils/416-outillage-du-couvreur#document,1,0.0
Outillage du couvreur,https://www.gedimat.fr/15-outillage/94-outils/416-outillage-du-couvreur#tarteaucitron,1,0.0
Outillage du couvreur,https://www.gedimat.fr/2-/14-/416-outillage-du-couvreur,1,1.0
Outillage du couvreur,https://www.gedimat.fr/2-couverture-bardage/14-accessoires-outillage/416-outillage-du-couvreur#document,1,0.0
Outillage du couvreur,https://www.gedimat.fr/2-couverture-bardage/14-accessoires-outillage/416-outillage-du-couvreur#tarteaucitron,1,0.0
Outillage du maÃ§on,https://www.gedimat.fr/1-materiaux-construction/5-accessoires-outillage/415-outillage-du-macon,1,0.0
Outillage du maÃ§on,https://www.gedimat.fr/1-materiaux-construction/5-accessoires-outillage/415-outillage-du-macon#document,1,0.0
Outillage du maÃ§on,https://www.gedimat.fr/1-materiaux-construction/5-accessoires-outillage/415-outillage-du-macon#tarteaucitron,1,0.0
Outillage du maÃ§on,https://www.gedimat.fr/15-outillage/94-outils/415-outillage-du-macon,1,0.0
Outillage du maÃ§on,https://www.gedimat.fr/15-outillage/94-outils/415-outillage-du-macon#document,1,0.0
Outillage du maÃ§on,https://www.gedimat.fr/15-outillage/94-outils/415-outillage-du-macon#tarteaucitron,1,0.0
Outillage du menuisier,https://www.gedimat.fr/15-outillage/94-outils/418-outillage-du-menuisier#document,1,0.0
Outillage du menuisier,https://www.gedimat.fr/15-outillage/94-outils/418-outillage-du-menuisier#tarteaucitron,1,0.0
Outillage du peintre,https://www.gedimat.fr/11-peinture-droguerie/76-accessoires-outillage/420-outillage-du-peintre#document,1,0.0
Outillage du peintre,https://www.gedimat.fr/11-peinture-droguerie/76-accessoires-outillage/420-outillage-du-peintre#tarteaucitron,1,0.0
Outillage du peintre,https://www.gedimat.fr/15-outillage/94-outils/420-outillage-du-peintre#document,1,0.0
Outillage du peintre,https://www.gedimat.fr/15-outillage/94-outils/420-outillage-du-peintre#tarteaucitron,1,0.0
Outillage polyvalent,https://www.gedimat.fr/15-outillage/94-outils/414-outillage-polyvalent#document,1,0.0
Outillage polyvalent,https://www.gedimat.fr/15-outillage/94-outils/414-outillage-polyvalent#gallery-1,1,0.0
Outillage polyvalent,https://www.gedimat.fr/15-outillage/94-outils/414-outillage-polyvalent#tarteaucitron,1,0.0
Panneaux &amp; Dalles,https://www.gedimat.fr/4-bois-panneaux/28-panneaux-dalles#/user,1,0.0
Panneaux OSB grands formats,https://www.gedimat.fr/4-bois-panneaux/28-panneaux-dalles/117-panneaux-osb-grands-formats#gallery,1,0.0
Panneaux contreplaqués,https://www.gedimat.fr/4-bois-panneaux/28-panneaux-dalles/115-panneaux-contreplaques#popup-magasin,1,0.0
Panneaux de coffrage,https://www.gedimat.fr/4-/28-/120-panneaux-de-coffrage,1,1.0
Panneaux de toitures,https://www.gedimat.fr/2-couverture-bardage/8-toituFaîtage simple à pinces zinc e/43-panneaux-de-toitures,1,0.0
Panneaux de toitures,https://www.gedimat.fr/2-couverture-bardage/8-toiture/43-panneaux-de-toitures#document,1,0.0
Panneaux de toitures,https://www.gedimat.fr/2-couverture-bardage/8-toiture/43-panneaux-de-toitures#tarteaucitron,1,0.0
Panneaux lattés et lamellés-collés,https://www.gedimat.fr/4-bois-panneaux/28-panneaux-dalles/119-panneaux-lattes-et-lamelles-colles#gallery,1,0.0
Panneaux mÃ©laminÃ©s,https://www.gedimat.fr/4-bois-panneaux/28-panneaux-dalles/114-panneaux-melamines,1,0.0
Panneaux mÃ©laminÃ©s,https://www.gedimat.fr/4-bois-panneaux/28-panneaux-dalles/114-panneaux-melamines#document,1,0.0
Panneaux mÃ©laminÃ©s,https://www.gedimat.fr/4-bois-panneaux/28-panneaux-dalles/114-panneaux-melamines#tarteaucitron,1,0.0
Panneaux mÃ©laminÃ©s,https://www.gedimat.fr/5-menuiserie-amenagement/31-agencement/114-panneaux-melamines,1,0.0
Panneaux stratifiÃ©s et dÃ©coratifs,https://www.gedimat.fr/4-bois-panneaux/28-panneaux-dalles/116-panneaux-stratifies-et-decoratifs,1,0.0
PavÃ©s - Dallages,https://www.gedimat.fr/14-amenagements-exterieurs/88-revetements-sols-exterieurs/323-paves-dallages,1,0.0
PavÃ©s - Dallages,https://www.gedimat.fr/14-amenagements-exterieurs/88-revetements-sols-exterieurs/323-paves-dallages#document,1,0.0
PavÃ©s - Dallages,https://www.gedimat.fr/14-amenagements-exterieurs/88-revetements-sols-exterieurs/323-paves-dallages#tarteaucitron,1,0.0
Pavés - Dallages,https://www.gedimat.fr/1-materiaux-construction/4-revetement-sols-exterieurs/323-paves-dallages POID,1,0.0
Pavés - Dallages,https://www.gedimat.fr/1-materiaux-construction/4-revetement-sols-exterieurs/323-paves-dallages#gallery-1,1,0.0
Pavï¿œs - Dallages,https://www.gedimat.fr/1-materiaux-construction/4-revetement-sols-exterieurs/323-paves-dallages,1,0.0
Peintures bois microporeuse,https://www.gedimat.fr/14-/92-/299-peintures-bois-microporeuse,1,0.0
Peintures bois microporeuse,https://www.gedimat.fr/14-amenagements-exterieurs/92-traitements-finition/299-peintures-bois-microporeuse#document,1,0.0
Peintures bois microporeuse,https://www.gedimat.fr/14-amenagements-exterieurs/92-traitements-finition/299-peintures-bois-microporeuse#tarteaucitron,1,0.0
Peintures sol,https://www.gedimat.fr/11-peinture-droguerie/72-peintures-specialite/294-peintures-sol#document,1,0.0
Peintures sol,https://www.gedimat.fr/11-peinture-droguerie/72-peintures-specialite/294-peintures-sol#tarteaucitron,1,0.0
Pergolas,https://www.gedimat.fr/13-plein-air-loisirs/85-decoration-ornement/353-pergolas#document,1,0.0
Pergolas,https://www.gedimat.fr/13-plein-air-loisirs/85-decoration-ornement/353-pergolas#tarteaucitron,1,0.0
Pierres naturelles,https://www.gedimat.fr/14-/88-/324-pierres-naturelles,1,0.0
Piliers - Murets,https://www.gedimat.fr/14-amenagements-exterieurs/90-portails-clotures-amenagements/392-piliers-murets#document,1,0.0
Piliers - Murets,https://www.gedimat.fr/14-amenagements-exterieurs/90-portails-clotures-amenagements/392-piliers-murets#tarteaucitron,1,0.0
Planchers,https://www.gedimat.fr/1-materiaux-construction/1-construction/7-hourdis brique hauteur 12,1,0.0
Planches de rives - Sous-faces,https://www.gedimat.fr/2-couverture-bardage/9-clins-bardage/46-planches-de-rives-sous-faces#document,1,0.0
Plans de travail - Crédences,https://www.gedimat.fr/7-/46-/194-plans-de-travail-credences,1,0.0
Plans de travail - Crédences,https://www.gedimat.fr/7-cuisine/46-meubles-de-cuisine/194-plans-de-travail-credences#gallery-4,1,0.0
Plaques de couverture,https://www.gedimat.fr/2-couverture-bardage/8-toiture/42-plaques-de-couverture#gallery-2,1,0.0
Plaques de plÃ¢tre,https://www.gedimat.fr/3-isolation-cloison/19-cloisons/77-plaques-de-platre,1,0.0
Plaques de plÃ¢tre,https://www.gedimat.fr/3-isolation-cloison/19-cloisons/77-plaques-de-platre#document,1,0.0
Plaques de plÃ¢tre,https://www.gedimat.fr/3-isolation-cloison/19-cloisons/77-plaques-de-platre#tarteaucitron,1,0.0
Plaques de plâtre,https://www.gedimat.fr/3-isolation-cloison/19-cloisons/77-plaques-de-platre#gallery,1,0.0
Plaques de plâtre,https://www.gedimat.fr/3-isolation-cloison/19-cloisons/77-plaques-de-platre#gallery-1,1,0.0
Plaques de plâtre,https://www.gedimat.fr/3-isolation-cloison/19-cloisons/77-plaques-de-platre#popup-magasin,1,0.0
Plots - Avivï¿œs,https://www.gedimat.fr/4-bois-panneaux/22-bois-brut/89-plots-avives,1,0.0
Portails - Barrières,https://www.gedimat.fr/14-/90-/143-portails-barrieres,1,0.0
"Portails, Clôtures &amp; Aménagements",https://www.gedimat.fr/14-amenagements-exterieurs/90-portails-clotures-amenagements#/user,1,0.0
Portes - Parois de douche,https://www.gedimat.fr/6-salle-de-bain-sanitaire/35-douches/161-portes-parois-de-douche PVC,1,0.0
Portes - Parois de douche,https://www.gedimat.fr/6-salle-de-bain-sanitaire/35-douches/161-portes-parois-de-douche#gallery,1,0.0
Portes d&#039;entrÃ©e,https://www.gedimat.fr/5-menuiserie-amenagement/32-menuiserie-exterieure/136-portes-d-entree,1,0.0
Portes d&#039;entrÃ©e,https://www.gedimat.fr/5-menuiserie-amenagement/32-menuiserie-exterieure/136-portes-d-entree#document,1,0.0
Portes d&#039;entrÃ©e,https://www.gedimat.fr/5-menuiserie-amenagement/32-menuiserie-exterieure/136-portes-d-entree#tarteaucitron,1,0.0
Portes d&#039;intÃ©rieur,https://www.gedimat.fr/5-menuiserie-amenagement/30-menuiserie-interieure/124-portes-d-interieur#tarteaucitron,1,0.0
Portes d&#039;intérieur,https://www.gedimat.fr/5-menuiserie-amenagement/30-menuiserie-interieure/124-portes-d-interieurPorte stratifiée CPL tubulaire Duritop,1,0.0
Portes d&#039;intérieur,https://www.gedimat.fr/5-menuiserie-amenagement/30-menuiserie-interieure/124-portes-d-interieuraty,1,1.0
Portes de garage,https://www.gedimat.fr/5-menuiserie-amenagement/32-menuiserie-exterieure/142-portes-de-garagePorte de garage basculante débordante Europro 123 avec rails acier nervures verticales et barre décartement blanc RAL 9016 - 200x250cm,1,0.0
Poubelles,https://www.gedimat.fr/15-outillage/98-materiel-outils-de-chantier-atelier/991-poubelles#document,1,0.0
Poubelles,https://www.gedimat.fr/15-outillage/98-materiel-outils-de-chantier-atelier/991-poubelles#tarteaucitron,1,0.0
Poutres - Poteaux,https://www.gedimat.fr/4-bois-panneaux-de-construction/23-bois-de-charpente/96-poutres-poteaux,1,0.0
Poutres - Poteaux,https://www.gedimat.fr/4-bois-panneaux/23-bois-de-charpente/96-poutres-poteaux#document,1,0.0
Poutres - Poteaux,https://www.gedimat.fr/4-bois-panneaux/23-bois-de-charpente/96-poutres-poteaux#gallery-1,1,0.0
Poutres - Poteaux,https://www.gedimat.fr/4-bois-panneaux/23-bois-de-charpente/96-poutres-poteaux#gallery-2,1,0.0
Poutres - Poteaux,https://www.gedimat.fr/4-bois-panneaux/23-bois-de-charpente/96-poutres-poteaux#tarteaucitron,1,0.0
Production d&#039;eau chaude,https://www.gedimat.fr/6-salle-de-bain-sanitaire/44-production-d-eau-chaude/#document,1,0.0
Produits d&#039;entretien - Nettoyants,https://www.gedimat.fr/15-outillage/99-entretiens/302-produits-d-entretien-nettoyants#document,1,0.0
Produits d&#039;entretien - Nettoyants,https://www.gedimat.fr/15-outillage/99-entretiens/302-produits-d-entretien-nettoyants#tarteaucitron,1,0.0
Profilés - Tôles - Fers,https://www.gedimat.fr/16-quincaillerie/101-quincaillerie-du-batiment/463-profiles-toles-fers#popup-magasin,1,0.0
Protection des faÃ§ades,https://www.gedimat.fr/1-materiaux-construction/7-protection-etancheite/37-protection-des-facades,1,0.0
Protection des faÃ§ades,https://www.gedimat.fr/1-materiaux-construction/7-protection-etancheite/37-protection-des-facades#document,1,0.0
Protection des faÃ§ades,https://www.gedimat.fr/1-materiaux-construction/7-protection-etancheite/37-protection-des-facades#tarteaucitron,1,0.0
Protection des façades,https://www.gedimat.fr/1-/7-/37-protection-des-facades,1,0.0
PrÃ©paration des fonds,https://www.gedimat.fr/11-peinture-droguerie/70-preparation-des-fonds/#document,1,0.0
PrÃ©paration des fonds,https://www.gedimat.fr/11-peinture-droguerie/70-preparation-des-fonds/#tarteaucitron,1,0.0
Quincaillerie d&#039;ameublement,https://www.gedimat.fr/5-menuiserie-amenagement/34-accessoires-outillage/468-quincaillerie-d-ameublement#gallery-1,1,1.0
Quincaillerie de couverture et charpente,https://www.gedimat.fr/16-quincaillerie/101-quincaillerie-du-batiment/460-quincaillerie-de-couverture-et-charpente#document,1,0.0
Quincaillerie de couverture et charpente,https://www.gedimat.fr/16-quincaillerie/101-quincaillerie-du-batiment/460-quincaillerie-de-couverture-et-charpente#tarteaucitron,1,0.0
Quincaillerie de couverture et charpente,https://www.gedimat.fr/2-couverture-bardage/14-accessoires-outillage/460-quincaillerie-de-couverture-et-charpentecontreplaqué marin,1,0.0
Quincaillerie de portes,https://www.gedimat.fr/16-quincaillerie/102-portes-fenetres-ameublement/467-quincaillerie-de-portes#document,1,0.0
Quincaillerie de portes,https://www.gedimat.fr/16-quincaillerie/102-portes-fenetres-ameublement/467-quincaillerie-de-portes#tarteaucitron,1,0.0
Quincaillerie de volets,https://www.gedimat.fr/16-quincaillerie/101-quincaillerie-du-batimevis expressnt/462-quincaillerie-de-volets,1,0.0
Ragréage,https://www.gedimat.fr/12-revetement-sols-murs/81-accessoires-outillage/336-ragreage#gallery-2,1,1.0
Regards - Réhausses,https://www.gedimat.fr/1-materiaux-construction/6-assainissement-vrd/28-regards de trottoir,1,0.0
Regards - Réhausses,https://www.gedimat.fr/1-materiaux-construction/6-assainissement-vrd/28-regards-rehausses PRIX,1,0.0
Regards - Réhausses,https://www.gedimat.fr/1-materiaux-construction/6-assainissement-vrd/28-regards-rehausses#gallery-2,1,0.0
Regards - Réhausses,https://www.gedimat.fr/1-materiaux-construction/6-assainissement-vrd/28-regards-rehausses#popup-magasin,1,0.0
RevÃªtements murs extÃ©rieurs,https://www.gedimat.fr/14-amenagements-exterieurs/89-revetements-murs-exterieurs/#tarteaucitron,1,0.0
Robinetterie de douches,https://www.gedimat.fr/8-plomberie/55-robinetterie/232-robinet-de-douches,1,0.0
Récupération d&#039;eau de pluie,https://www.gedimat.fr/2-couverture-bardage/10-evacuation-eaux-pluviales/49-recuperation-d-eau-de-pluie#allDeclinaisons,1,0.0
Saunas - Hammam,https://www.gedimat.fr/6-salle-de-bains-sanitaire/36-bain-bien-etre/167-saunas-hammam,1,0.0
Signalisation,https://www.gedimat.fr/15-outillage/95-protection-securite/425-signalisation#document,1,0.0
Signalisation,https://www.gedimat.fr/15-outillage/95-protection-securite/425-signalisation#tarteaucitron,1,0.0
Sols stratifiés,https://www.gedimat.fr/12-revetement-sols-murs/78-revetementbricoramasols-interieurs/318-sols-stratifies,1,0.0
Sols stratifiés,https://www.gedimat.fr/5-menuiserie-amenagement/33-revetement-sols-et-murs/318-sols-stratifies#gallery-1,1,1.0
"Sols vinyles, PVC et SPC",https://www.gedimat.fr/5-menuiserie-amenagement/33-revetement-sols-et-murs/320-moquettes-sols-pvc,1,0.0
Sécurité des accès et des biens,https://www.gedimat.fr/16-quincaillerie/103-securite-des-acces-et-des-biens/cookies,1,0.0
Tableaux Ã©lectriques,https://www.gedimat.fr/10-electricite-eclairage/64-appareillages-modulaires/261-tableaux-electriques,1,0.0
Tableaux Ã©lectriques,https://www.gedimat.fr/10-electricite-eclairage/64-appareillages-modulaires/261-tableaux-electriques#document,1,0.0
Tableaux Ã©lectriques,https://www.gedimat.fr/10-electricite-eclairage/64-appareillages-modulaires/261-tableaux-electriques#tarteaucitron,1,0.0
Tasseaux,https://www.gedimat.fr/4-bois-panneaux-de-construction/27-agencement/110-tasseaux,1,0.0
Terrasses en bois,https://www.gedimat.fr/12-revetement-sols-murs/79-revetements-sols-exterieurs/375-terrasses-en-bois#gallery-1,1,0.0
Toiture,https://www.gedimat.fr/2-couverture-bardage/8-toiture#/user,1,0.0
Toiture - Combles,https://www.gedimat.fr/3-isolation-cloison/17-isolation-thermique-et-phonique/69-toiture-combles#document,1,0.0
Toiture - Combles,https://www.gedimat.fr/3-isolation-cloison/17-isolation-thermique-et-phonique/69-toiture-combles#popup-magasin,1,0.0
Toiture - Combles,https://www.gedimat.fr/3-isolation-cloison/17-isolation-thermique-et-phonique/69-toiture-combles#tarteaucitron,1,0.0
Traitements curatifs et prÃ©ventifs bois,https://www.gedimat.fr/14-amenagements-exterieurs/92-traitements-finition/300-traitements-curatifs-et-preventifs-bois,1,0.0
Traitements curatifs et prÃ©ventifs bois,https://www.gedimat.fr/14-amenagements-exterieurs/92-traitements-finition/300-traitements-curatifs-et-preventifs-bois#tarteaucitron,1,0.0
Traitements curatifs et prÃ©ventifs bois,https://www.gedimat.fr/2-couverture-bardage/16-traitements-finitions/300-traitements-curatifs-et-preventifs-bois,1,0.0
Traitements curatifs et prÃ©ventifs bois,https://www.gedimat.fr/2-couverture-bardage/16-traitements-finitions/300-traitements-curatifs-et-preventifs-bois#document,1,0.0
Traitements curatifs et prÃ©ventifs bois,https://www.gedimat.fr/2-couverture-bardage/16-traitements-finitions/300-traitements-curatifs-et-preventifs-bois#tarteaucitron,1,0.0
Traitements curatifs et préventifs bois,https://www.gedimat.fr/2-couverture-bardage/16-traitements-finitions/300-traitements-curatifs-et-preventifs-bois#gallery-1,1,0.0
Traitements des dallages,https://www.gedimat.fr/14-amenagements-exterieurs/92-traitements-finition/406-traitements-des-dallages#document,1,0.0
Traitements des dallages,https://www.gedimat.fr/14-amenagements-exterieurs/92-traitements-finition/406-traitements-des-dallages#tarteaucitron,1,0.0
TronÃ§onneuses,https://www.gedimat.fr/13-plein-air-loisirs/86-outils-de-jardinage/360-tronconneuses,1,0.0
TronÃ§onneuses,https://www.gedimat.fr/13-plein-air-loisirs/86-outils-de-jardinage/360-tronconneuses#document,1,0.0
TronÃ§onneuses,https://www.gedimat.fr/13-plein-air-loisirs/86-outils-de-jardinage/360-tronconneuses#tarteaucitron,1,0.0
Tubes et Raccords d&#039;alimentation eau,https://www.gedimat.fr/8-plomberie/52-alimentation/219-tubes-et-raccords-d-alimentation-eau>page=4,1,0.0
Tubes et Raccords d&#039;alimentation eau,https://www.gedimat.fr/8-plomberie/52-alimentation/219-tubes-et-raccords-d-alimentation-eauGedimat,1,1.0
Tuiles et Accessoires,https://www.gedimat.fr/2-couverture-bardage/8-toiture/38-tuiles-et-accessoires terre de chene,1,0.0
Tuiles et Accessoires,https://www.gedimat.fr/2-couverture-bardage/8-toiture/38-tuiles-et-accessoires#gallery,1,0.0
Tuiles et Accessoires,https://www.gedimat.fr/2-couverture-bardage/8-toiture/38-tuiles-et-accessoires#gallery-2,1,0.0
VMC,https://www.gedimat.fr/6-salle-de-bain-sanitaire/45-traitement-de-l-air/251-vmc#gallery,1,0.0
Évacuation eaux pluviales,https://www.gedimat.fr/2-couverture-bardage/10-evacuation-eaux-pluviales#/user,1,0.0
