CodeTellus,Sessions,Visiteurs
30284654,292,267
24705479,199,186
30361012,174,162
24094429,150,139
27808849,139,122
21442988,138,125
30362030,138,127
30026386,131,114
24690461,105,102
29013524,103,99
28913603,100,92
26430348,98,94
26865768,91,67
24548106,87,80
27808788,82,78
24644822,81,73
25065831,81,76
21480713,80,80
27513408,80,74
27008713,77,74
26373041,76,74
27512623,74,71
25758535,72,69
24659314,70,70
24768740,70,66
24781794,68,67
30026385,67,62
30170321,67,51
24749671,66,63
25090406,66,60
25593860,65,61
23391697,62,62
29376193,62,59
30005104,62,57
30103545,62,10
24707077,61,52
26869056,61,58
29190362,61,57
29376209,61,57
30005095,60,58
30246226,60,54
30267588,60,60
25760897,58,56
26863030,58,56
30039791,58,48
26070247,57,53
30178235,57,55
30246961,57,53
27842935,56,56
21436062,55,54
29355495,55,50
30268838,55,54
27806111,54,53
27513422,53,47
27513446,53,46
30043315,53,52
24845540,52,47
26868950,52,50
30523360,52,49
30168832,51,49
30355216,51,48
25065343,50,49
30214837,50,47
24679596,49,47
24721394,49,47
24735544,49,48
24504287,48,47
24733700,48,46
24781169,48,44
25958874,48,46
26933351,48,46
27513460,48,40
30043132,48,47
30364340,48,44
24721349,47,42
29190355,47,42
30014672,47,42
30264533,47,44
27852897,46,43
30028222,46,44
23657311,45,45
24592406,45,30
24705141,45,34
24708180,45,40
25958676,45,42
30005043,45,41
30539315,45,40
24679329,44,40
24693059,44,44
25752212,44,43
26367385,44,39
30005093,44,36
30168817,44,44
30456238,44,41
24696012,43,40
24720014,43,41
30457655,43,43
30539474,43,40
24603775,42,36
25635423,42,39
25681130,42,39
25752250,42,41
28955771,42,41
30028225,42,40
30166373,42,40
24094436,41,41
24749978,41,38
24929752,41,38
20488925,40,37
24900195,40,39
24901277,40,38
26714455,40,32
28630517,40,39
30014671,40,37
30023874,40,35
30040350,40,40
30286296,40,36
30351756,40,35
21188602,39,38
23356597,39,33
24664400,39,38
25118094,39,31
26864839,39,33
26868905,39,39
27226698,39,35
28955696,39,38
30263048,39,38
30312885,39,36
24646161,38,34
24683890,38,37
24698726,38,38
26123424,38,35
26584539,38,37
26863474,38,37
30066812,38,33
30170320,38,33
30267584,38,35
24648592,37,37
25400182,37,37
27511916,37,34
27796641,37,35
30291088,37,36
30460260,37,34
24548199,36,34
24733755,36,32
25131000,36,34
26552712,36,34
27518076,36,33
27631980,36,34
28810483,36,34
30523826,36,35
24679510,35,32
24703185,35,33
24721295,35,32
25114119,35,34
26120669,35,35
27518106,35,27
27808443,35,32
28926511,35,35
30079835,35,34
30438320,35,34
23533196,34,34
24506526,34,12
24659017,34,33
24721318,34,33
25377989,34,28
25552546,34,34
26120652,34,34
26869032,34,33
28889816,34,30
30021704,34,19
21421990,33,32
26350028,33,33
27513392,33,31
27520161,33,31
30265030,33,33
30360584,33,26
30363308,33,29
20792701,32,32
24690393,32,32
24695114,32,28
25759211,32,30
27794517,32,32
27796719,32,31
28915539,32,30
30337145,32,28
30337455,32,28
30355259,32,10
24597425,31,28
24691550,31,30
24781862,31,29
27520222,31,30
28888628,31,26
29320639,31,25
30028230,31,31
30170187,31,29
30236783,31,9
30284797,31,29
30284905,31,30
30300780,31,25
30438321,31,31
24699556,30,30
24807135,30,28
25686302,30,29
26680576,30,29
26868899,30,28
27512609,30,29
27592298,30,27
27592809,30,28
27811702,30,30
30010346,30,27
30039678,30,26
30051962,30,29
30410370,30,29
30437248,30,30
21242960,29,27
24058827,29,28
24660075,29,29
24698009,29,27
24922272,29,29
25113495,29,28
25550740,29,25
26933634,29,25
28145523,29,25
28913597,29,24
30065701,29,26
30166374,29,28
30213330,29,28
30354996,29,24
30363795,29,27
24678711,28,28
24901154,28,26
25722451,28,27
25959321,28,27
26265773,28,25
27511107,28,25
27513453,28,26
27625217,28,26
28826262,28,25
30028220,28,27
30109081,28,25
30160990,28,26
30161007,28,27
30178171,28,26
30263907,28,27
30457437,28,21
30459182,28,19
24603386,27,26
24693387,27,26
24733694,27,27
24734752,27,25
24734820,27,23
24745253,27,27
25282689,27,25
25686487,27,26
25958621,27,27
26444048,27,27
27786338,27,26
30105649,27,25
30223853,27,25
30355220,27,26
30823509,27,25
24059169,26,25
24291019,26,23
24637640,26,26
24654654,26,25
24706834,26,24
24750257,26,24
24929868,26,24
25593754,26,26
25704020,26,22
25754322,26,24
25760743,26,25
25915839,26,26
25958768,26,21
27626887,26,26
27669655,26,24
28873341,26,25
30070369,26,24
30082179,26,25
30168818,26,23
30170143,26,26
30170324,26,22
30286441,26,23
30288386,26,25
30360585,26,19
21550508,25,22
23350953,25,25
24093668,25,25
24297356,25,24
24686259,25,24
24693165,25,23
24696029,25,25
24699549,25,25
24778787,25,25
25282665,25,24
25438314,25,23
25858556,25,23
27512524,25,21
27545355,25,21
27626795,25,25
27795019,25,19
30005096,25,23
30005382,25,24
30043128,25,25
30044226,25,23
30105803,25,25
30177943,25,25
30179701,25,24
30233274,25,25
30284056,25,22
30312884,25,24
30314569,25,25
30451487,25,25
30457651,25,25
23782884,24,20
24297332,24,23
24673877,24,23
24683548,24,24
24768030,24,24
24780933,24,23
24781411,24,24
24930857,24,24
25402421,24,22
25426427,24,24
25577020,24,24
26298153,24,22
26340470,24,24
26442488,24,22
26443478,24,17
26863450,24,23
26933375,24,20
27667026,24,21
27882078,24,24
28017905,24,23
30014673,24,23
30044777,24,19
30146903,24,23
30168819,24,23
30285068,24,2
30286298,24,22
30286306,24,23
30301529,24,23
30306372,24,23
30360643,24,24
30461178,24,23
30522780,24,20
24597319,23,22
24644839,23,22
24647922,23,21
24692533,23,22
24702553,23,21
24781220,23,23
25114256,23,22
25120851,23,21
25681147,23,23
25853254,23,21
25958881,23,22
26121109,23,23
26865751,23,18
27787991,23,23
27809716,23,23
28873259,23,23
29376216,23,18
30009945,23,23
30026436,23,22
30140124,23,21
30170191,23,17
30170259,23,14
30170954,23,22
30263912,23,23
30312397,23,22
30364268,23,23
30456244,23,19
30522441,23,22
30823508,23,14
20662264,22,22
23350939,22,21
23921870,22,22
24115063,22,18
24548113,22,20
24647496,22,21
24659291,22,22
24698993,22,21
24701242,22,21
24807241,22,20
25024494,22,22
25426410,22,6
25549737,22,21
25858518,22,21
25959017,22,22
26566801,22,21
26933931,22,19
27513415,22,20
28884248,22,21
30009265,22,22
30071115,22,20
30086890,22,22
30168781,22,20
30246035,22,22
30266668,22,22
30284375,22,18
30312153,22,22
30362021,22,22
30364343,22,22
30458580,22,22
30459035,22,18
23356580,21,16
24101929,21,20
24677882,21,21
24678070,21,20
24698719,21,18
24720021,21,21
24751834,21,20
24781671,21,17
24932738,21,19
25140538,21,12
25436167,21,21
26253435,21,21
26430317,21,19
26586328,21,19
26806426,21,20
28884231,21,20
30002874,21,20
30039210,21,19
30056398,21,20
30178164,21,20
30212697,21,19
30361978,21,20
30397619,21,19
20488956,20,18
23356672,20,19
23390423,20,19
24297370,20,19
24656948,20,20
24666060,20,18
24677844,20,20
24695374,20,20
25120998,20,18
25405019,20,19
25444506,20,19
25659832,20,20
26266657,20,17
26349992,20,17
26667492,20,17
26684253,20,19
27163283,20,20
27169544,20,20
27601365,20,19
27601532,20,20
27795408,20,17
27796658,20,20
27811658,20,20
27882108,20,20
27942048,20,18
28288084,20,19
28812708,20,19
28955689,20,20
29355501,20,20
30040146,20,20
30043377,20,20
30043930,20,19
30056401,20,17
30087899,20,20
30109077,20,20
30165055,20,19
30213880,20,19
30263908,20,16
30286308,20,20
30312538,20,17
30354513,20,20
30354896,20,19
30420160,20,20
30458966,20,18
30522034,20,17
30522439,20,15
21086878,19,19
23893900,19,19
24016933,19,19
24094320,19,18
24291071,19,19
24548120,19,19
24601948,19,19
24723299,19,19
24781732,19,19
24901116,19,16
25122190,19,19
25334623,19,17
25577082,19,18
25681789,19,19
25759174,19,18
25774245,19,13
25915846,19,16
25959024,19,19
26121017,19,19
26324944,19,18
26373270,19,19
27592786,19,18
27612842,19,19
28810469,19,19
28867883,19,17
29096855,19,14
29375738,19,19
30028177,19,19
30039460,19,19
30039790,19,19
30042156,19,18
30044494,19,18
30052347,19,19
30065225,19,19
30082169,19,17
30161595,19,17
30168121,19,19
30182097,19,18
30222926,19,18
30230048,19,18
30291771,19,17
30355298,19,18
30360592,19,18
30363553,19,18
30875276,19,19
24093842,18,17
24548489,18,18
24579551,18,18
24603379,18,18
24606264,18,18
24651684,18,18
24660396,18,18
24679282,18,17
24705486,18,16
24706643,18,17
24773294,18,18
24781503,18,18
24781602,18,18
24781800,18,18
24782647,18,18
24791052,18,12
25114263,18,15
25122008,18,17
25189346,18,17
25334883,18,16
25749359,18,15
25752120,18,16
25755190,18,18
25760712,18,18
25760873,18,17
25915679,18,18
26298009,18,17
26426266,18,17
26444017,18,17
26863436,18,16
26864884,18,17
27238998,18,18
27600030,18,15
27796832,18,15
27856949,18,16
28275336,18,18
28889335,18,18
29238798,18,18
30005045,18,16
30009949,18,17
30017505,18,17
30028227,18,12
30038165,18,18
30052173,18,17
30056522,18,16
30065741,18,18
30065756,18,18
30213331,18,17
30287589,18,18
30291096,18,14
30312161,18,17
30353742,18,18
30362929,18,16
30362952,18,15
30459034,18,15
30459143,18,15
30809419,18,18
30882164,18,18
21047121,17,16
21543838,17,16
21740183,17,17
24114950,17,16
24175739,17,17
24548137,17,16
24567503,17,15
24648011,17,16
24648554,17,16
24658713,17,15
24679206,17,16
24679305,17,17
24683883,17,17
24704090,17,13
24723305,17,17
24749701,17,17
24750158,17,17
24781817,17,16
24900294,17,17
24901246,17,17
24929837,17,16
24942584,17,15
25050745,17,14
25362572,17,15
25510034,17,17
25665581,17,16
25714371,17,16
25754131,17,17
25758542,17,17
25959116,17,17
25959123,17,17
26373379,17,17
26410838,17,16
26591780,17,17
26843216,17,17
26892832,17,17
27272060,17,17
27272091,17,15
27512616,17,14
27517000,17,15
27545645,17,14
27601389,17,12
27856055,17,16
27859582,17,17
28256878,17,17
29254071,17,16
29320578,17,17
30038959,17,14
30040344,17,17
30043091,17,17
30043116,17,14
30055578,17,5
30103766,17,16
30113564,17,16
30143978,17,14
30168816,17,17
30213000,17,17
30214018,17,16
30214839,17,14
30247477,17,16
30286304,17,8
30292402,17,17
30311498,17,17
30312883,17,10
30334198,17,17
30335204,17,17
30362517,17,17
30522504,17,16
30539214,17,16
30567526,17,17
30882173,17,15
21475238,16,14
23373228,16,16
23933644,16,15
23933712,16,16
23934160,16,15
24186346,16,14
24512169,16,16
24548168,16,13
24647434,16,14
24648547,16,14
24654739,16,16
24658140,16,16
24660570,16,15
24678094,16,16
24679541,16,15
24679565,16,15
24696203,16,15
24698740,16,13
24711104,16,16
24721325,16,14
24722025,16,16
24732352,16,14
24753210,16,16
24768764,16,15
24943246,16,15
25050035,16,15
25064407,16,16
25290271,16,16
25819830,16,14
25858402,16,16
25936162,16,16
25994483,16,13
26075037,16,15
26830759,16,16
27442883,16,16
27511114,16,13
27796757,16,16
28684763,16,15
28806479,16,14
28891581,16,14
29323012,16,15
29376223,16,10
29376230,16,15
30005042,16,15
30005100,16,15
30021039,16,16
30022349,16,15
30028387,16,16
30066364,16,15
30079960,16,16
30082424,16,15
30168863,16,16
30171138,16,15
30175692,16,15
30178236,16,16
30267870,16,15
30283515,16,16
30283628,16,11
30312157,16,16
30337144,16,16
30337940,16,3
30355385,16,16
30362023,16,16
30362532,16,12
30363776,16,14
30368194,16,15
30420848,16,13
30456922,16,16
30457623,16,15
30459336,16,16
30460023,16,16
30522440,16,14
30522794,16,16
30567209,16,16
20979997,15,13
21242496,15,15
24059329,15,13
24093743,15,15
24205955,15,15
24226974,15,12
24493383,15,15
24512695,15,14
24594547,15,15
24602037,15,15
24636575,15,13
24637503,15,12
24678483,15,14
24691895,15,14
24691918,15,15
24696036,15,13
24697453,15,15
24697521,15,13
24701372,15,13
24706179,15,15
24711968,15,15
24820004,15,14
24900348,15,13
24931106,15,14
25090390,15,13
25118889,15,14
25282658,15,13
25576931,15,15
25758559,15,15
25776607,15,9
25972085,15,14
26252322,15,13
26350196,15,15
26869063,15,14
27226711,15,13
27545386,15,14
27626818,15,15
27626900,15,13
27776995,15,13
27801741,15,15
27808412,15,14
28826576,15,14
28836193,15,12
28887089,15,15
28887393,15,15
28891543,15,15
28926368,15,15
29025640,15,15
29096893,15,15
29350797,15,14
30002877,15,13
30005041,15,15
30017509,15,15
30039835,15,12
30168487,15,14
30170083,15,14
30170162,15,14
30171124,15,14
30171127,15,15
30175708,15,14
30175722,15,15
30212694,15,14
30231870,15,15
30284337,15,7
30285899,15,15
30288381,15,14
30291171,15,14
30291807,15,14
30300924,15,13
30313757,15,14
30323476,15,14
30352075,15,12
30354542,15,14
30355196,15,15
30362927,15,12
30364337,15,15
30458476,15,13
30460259,15,11
30460435,15,15
30522208,15,14
30542409,15,12
30809573,15,13
20489373,14,11
21772337,14,13
23319165,14,13
23893894,14,13
24093798,14,13
24254380,14,11
24590396,14,13
24643375,14,13
24658393,14,14
24659048,14,14
24679497,14,13
24699563,14,12
24704137,14,14
24707091,14,14
24779388,14,14
24915298,14,12
24943260,14,12
25065459,14,14
25065879,14,13
25066142,14,11
25121032,14,14
25282634,14,14
25577044,14,13
25593846,14,14
25634549,14,14
25686319,14,13
25686586,14,12
25758955,14,13
25821130,14,12
25915693,14,13
25958805,14,14
25959147,14,12
25971446,14,12
26253381,14,14
26338774,14,14
26350721,14,14
26449814,14,14
26598697,14,14
26863498,14,13
26864815,14,13
26868882,14,14
26959290,14,14
27601372,14,12
27601518,14,14
27626894,14,14
27790687,14,14
27810590,14,12
27810781,14,14
27812099,14,13
27814901,14,12
27856239,14,14
27914342,14,14
28275237,14,14
28955306,14,14
29184002,14,14
29376247,14,14
30005094,14,14
30005097,14,14
30017506,14,13
30022527,14,14
30039680,14,14
30043908,14,12
30051148,14,12
30065727,14,14
30071113,14,11
30079061,14,14
30082401,14,10
30161659,14,14
30169792,14,13
30170189,14,13
30170192,14,13
30170319,14,14
30176800,14,14
30178071,14,14
30178079,14,13
30212374,14,7
30213595,14,14
30233345,14,14
30236796,14,10
30246899,14,13
30263882,14,12
30268074,14,14
30284057,14,13
30286352,14,11
30290752,14,12
30301486,14,14
30312401,14,14
30353735,14,13
30357199,14,12
30360583,14,12
30362930,14,11
30363554,14,12
30363914,14,11
30366282,14,13
30397287,14,11
30456921,14,12
30457380,14,12
30522077,14,14
30522779,14,12
30821728,14,13
20489366,13,13
20980955,13,13
21192562,13,13
21272882,13,6
21391897,13,11
21550492,13,11
23412774,13,12
23657885,13,12
23912366,13,13
23964396,13,13
24126977,13,13
24175661,13,13
24593076,13,13
24643948,13,13
24647939,13,11
24659222,13,12
24677561,13,13
24682084,13,12
24690324,13,12
24691901,13,13
24698931,13,12
24699501,13,13
24707534,13,10
24749596,13,13
24776028,13,13
24776035,13,13
24779135,13,13
24780940,13,13
24780995,13,13
24781398,13,12
24781701,13,13
24934039,13,12
25065367,13,11
25065770,13,11
25114386,13,11
25118469,13,11
25119060,13,12
25178173,13,10
25399806,13,6
25577075,13,13
25660876,13,12
25662948,13,13
25675870,13,13
25686142,13,12
25750157,13,13
25755497,13,13
25757408,13,13
25760705,13,12
25811315,13,12
25909142,13,13
25913941,13,13
25915709,13,13
25958935,13,13
26000756,13,12
26129747,13,12
26340463,13,13
26356570,13,13
26450391,13,10
26507088,13,11
26682365,13,12
26862965,13,13
26868912,13,13
26868929,13,13
26869094,13,9
26871158,13,13
26872148,13,11
26944777,13,13
27062524,13,13
27442821,13,13
27511039,13,13
27601358,13,13
27612828,13,10
27626825,13,12
27647790,13,13
27817148,13,13
27944332,13,12
28812784,13,12
28885887,13,11
28891512,13,13
28929963,13,13
29013449,13,13
29322787,13,12
30005044,13,13
30005083,13,11
30021683,13,13
30021702,13,4
30028164,13,13
30028327,13,13
30028843,13,11
30039709,13,13
30082170,13,13
30161668,13,13
30165252,13,13
30166030,13,12
30168830,13,12
30170164,13,11
30170231,13,13
30170957,13,11
30171142,13,12
30177794,13,13
30178069,13,13
30178242,13,13
30182098,13,13
30183175,13,13
30208315,13,11
30213950,13,13
30216162,13,12
30263079,13,11
30284039,13,12
30288226,13,13
30291169,13,13
30291577,13,11
30292081,13,11
30314568,13,13
30323064,13,12
30354176,13,10
30354937,13,11
30355376,13,13
30362612,13,13
30362926,13,13
30362928,13,13
30363358,13,12
30364341,13,13
30410307,13,8
30458473,13,13
30460013,13,13
30541208,13,13
30542410,13,11
20449179,12,12
20449728,12,12
20489083,12,12
20494308,12,11
20845049,12,12
21188190,12,11
21190780,12,11
21242892,12,11
23373303,12,11
23375253,12,11
24080668,12,11
24175722,12,12
24297325,12,12
24493413,12,12
24593359,12,8
24597449,12,12
24597517,12,12
24603157,12,9
24604598,12,12
24617215,12,11
24651622,12,12
24660556,12,11
24661157,12,12
24665902,12,11
24679633,12,12
24690232,12,11
24695466,12,12
24695794,12,12
24705509,12,10
24732321,12,12
24781176,12,12
24901178,12,4
24901215,12,12
24901345,12,11
24901529,12,12
24929745,12,11
25033915,12,11
25066302,12,12
25089448,12,9
25362558,12,5
25686517,12,12
25761535,12,12
25773170,12,11
25812718,12,12
25858426,12,11
25936117,12,10
26122250,12,11
26129778,12,7
26266664,12,12
26266671,12,12
26442495,12,12
26834726,12,11
27008881,12,12
27273265,12,11
27520239,12,12
27672969,12,12
27730515,12,8
27808399,12,12
27808627,12,12
27842164,12,11
27842782,12,12
27856376,12,12
27882122,12,10
27928912,12,11
27943144,12,12
27944387,12,11
27964309,12,12
28885863,12,11
28885870,12,11
28889168,12,12
29238781,12,12
29315741,12,11
29319435,12,12
29323326,12,9
30020567,12,12
30023657,12,6
30028179,12,11
30038245,12,11
30038247,12,12
30039462,12,12
30043130,12,11
30043477,12,12
30043837,12,12
30056539,12,10
30065703,12,9
30072919,12,12
30082426,12,12
30103750,12,10
30107199,12,10
30162907,12,12
30169630,12,12
30171129,12,10
30177691,12,12
30177845,12,11
30177970,12,12
30182055,12,9
30182335,12,12
30236785,12,12
30266669,12,11
30284055,12,12
30284649,12,11
30286300,12,12
30286307,12,12
30286353,12,11
30306573,12,9
30312591,12,12
30312886,12,11
30353890,12,9
30354174,12,11
30354901,12,11
30354927,12,11
30363517,12,12
30363737,12,11
30368197,12,12
30410287,12,9
30420018,12,11
30457204,12,10
30459064,12,10
30522036,12,10
30522789,12,12
30524021,12,10
30541430,12,11
30809028,12,11
30829599,12,6
95088374,12,5
20021405,11,11
20792725,11,11
21188596,11,11
21436130,11,11
21566677,11,10
21713941,11,11
23661820,11,11
24114431,11,11
24198394,11,11
24594080,11,10
24643009,11,9
24643474,11,4
24645591,11,10
24646307,11,10
24647892,11,8
24660938,11,10
24677639,11,11
24677905,11,11
24678469,11,11
24679619,11,11
24689922,11,11
24693110,11,11
24696166,11,10
24698061,11,11
24698863,11,10
24700979,11,10
24706056,11,10
24731201,11,11
24750110,11,11
24777537,11,11
24778848,11,11
24780124,11,10
24807104,11,10
24819954,11,11
24820066,11,11
24905237,11,11
24931090,11,8
25025163,11,11
25032611,11,11
25065909,11,11
25065992,11,11
25067163,11,10
25114133,11,10
25118575,11,11
25171778,11,11
25171914,11,9
25280838,11,11
25282672,11,10
25490695,11,10
25552461,11,11
25553512,11,11
25663525,11,11
25675788,11,10
25680409,11,11
25754100,11,11
25754124,11,10
25760880,11,11
25773309,11,10
25915815,11,11
25959130,11,11
25965483,11,11
26022543,11,11
26078007,11,10
26149455,11,7
26154480,11,10
26250847,11,11
26328065,11,11
26343655,11,11
26349961,11,11
26351520,11,10
26430881,11,11
26528526,11,10
26549231,11,11
26868967,11,9
27196977,11,11
27259368,11,11
27272077,11,4
27511909,11,10
27808856,11,10
27809709,11,10
27842256,11,11
27915967,11,11
27940211,11,11
28621508,11,11
28873310,11,11
28889212,11,11
29352036,11,11
29353569,11,9
29375172,11,10
30004865,11,11
30005075,11,10
30005381,11,11
30005726,11,11
30010345,11,10
30021684,11,5
30028215,11,11
30038249,11,11
30042492,11,11
30042910,11,9
30047899,11,11
30052127,11,4
30055827,11,11
30056400,11,9
30065045,11,11
30070842,11,11
30079246,11,11
30081418,11,11
30083009,11,11
30103752,11,10
30115992,11,11
30117267,11,11
30122049,11,11
30146900,11,6
30165883,11,11
30166014,11,11
30169718,11,11
30176802,11,10
30177974,11,11
30178174,11,10
30246070,11,9
30246962,11,11
30263881,11,11
30266670,11,11
30267190,11,10
30267527,11,10
30267686,11,11
30267800,11,11
30283848,11,11
30284388,11,11
30284911,11,11
30286309,11,11
30287581,11,8
30291071,11,9
30291087,11,10
30300764,11,9
30300822,11,9
30312881,11,9
30312890,11,10
30312909,11,11
30350538,11,9
30354175,11,11
30354179,11,10
30355017,11,10
30362934,11,11
30363772,11,11
30397011,11,11
30397365,11,8
30398717,11,8
30409158,11,10
30419017,11,10
30438296,11,11
30460438,11,8
30522026,11,11
30522044,11,11
30523089,11,3
30544270,11,10
30544728,11,11
30544735,11,11
30889728,11,11
20026486,10,9
20827144,10,7
21200021,10,10
21564178,10,10
23082991,10,9
23614345,10,10
23657663,10,9
23893917,10,10
23991521,10,10
23993112,10,9
24016834,10,10
24093392,10,10
24094610,10,10
24103589,10,10
24114752,10,10
24114967,10,10
24265348,10,10
24528047,10,9
24535892,10,8
24548090,10,10
24592277,10,8
24593540,10,8
24642972,10,9
24645171,10,9
24647953,10,8
24656771,10,9
24659215,10,10
24660372,10,10
24661256,10,10
24664271,10,9
24677578,10,10
24677660,10,10
24677752,10,10
24681674,10,9
24684262,10,9
24691987,10,10
24699679,10,10
24703109,10,3
24708951,10,10
24721301,10,9
24768016,10,10
24771344,10,10
24819978,10,9
24820042,10,10
24901208,10,8
24901239,10,10
24901390,10,10
24901420,10,8
24901505,10,10
24931045,10,10
24932769,10,10
24933513,10,10
24934022,10,10
24946179,10,8
25028171,10,9
25033304,10,9
25034752,10,9
25035544,10,10
25057096,10,10
25062281,10,10
25066319,10,10
25139235,10,9
25175271,10,10
25286199,10,10
25362442,10,10
25400472,10,10
25409864,10,10
25509878,10,10
25510287,10,10
25573107,10,10
25575613,10,10
25581485,10,10
25754575,10,10
25773989,10,9
25853261,10,9
25915747,10,9
25958713,10,10
25958782,10,10
26075143,10,10
26147550,10,9
26252339,10,7
26253411,10,10
26255781,10,10
26350356,10,8
26350660,10,10
26350738,10,9
26351575,10,10
26409344,10,10
26411231,10,10
26442730,10,10
26591797,10,10
26666495,10,10
26775159,10,10
26775197,10,10
26827858,10,8
26855844,10,9
26870878,10,8
26870885,10,7
26871233,10,10
26900698,10,10
27062500,10,10
27169551,10,10
27196960,10,10
27213216,10,10
27513866,10,9
27518090,10,10
27545867,10,10
27653760,10,9
27808801,10,9
27808818,10,10
27810767,10,9
27810774,10,8
27811689,10,9
27814888,10,10
27856956,10,10
27859636,10,8
27882054,10,10
27883532,10,10
27926284,10,9
27944608,10,9
27951149,10,10
28812609,10,10
28836117,10,9
28887102,10,9
28891420,10,8
28926573,10,8
29185412,10,10
29302376,10,10
29317844,10,7
29322770,10,7
30000590,10,8
30005037,10,10
30005101,10,10
30005380,10,10
30009946,10,10
30009947,10,10
30018353,10,10
30021685,10,10
30038908,10,4
30038952,10,10
30040348,10,10
30043982,10,10
30044224,10,8
30052412,10,8
30056278,10,10
30056402,10,9
30065704,10,9
30065726,10,9
30072882,10,10
30072909,10,10
30073037,10,10
30079839,10,10
30087250,10,9
30100818,10,5
30105789,10,10
30140271,10,10
30146264,10,10
30157347,10,9
30159418,10,10
30168825,10,9
30170196,10,8
30170497,10,9
30170943,10,10
30175709,10,10
30182194,10,9
30212631,10,10
30213162,10,8
30213486,10,9
30214838,10,10
30236065,10,9
30246995,10,5
30263152,10,10
30263165,10,7
30267537,10,10
30267892,10,9
30284053,10,8
30284722,10,8
30286294,10,10
30290673,10,10
30291083,10,10
30291211,10,7
30292080,10,7
30292082,10,8
30292117,10,10
30300022,10,10
30312601,10,9
30335217,10,10
30337936,10,10
30354172,10,9
30354184,10,9
30354954,10,10
30355199,10,10
30355218,10,10
30355384,10,9
30363520,10,10
30366243,10,6
30397376,10,9
30397617,10,9
30420162,10,10
30427477,10,10
30439012,10,10
30448489,10,8
30453735,10,9
30456242,10,10
30457436,10,8
30457664,10,10
30460437,10,10
30461169,10,10
30524022,10,9
30524201,10,8
30540635,10,7
30541824,10,10
30542243,10,6
30544734,10,10
30881926,10,7
30882368,10,10
30883590,10,10
30884025,10,10
30918199,10,8
95088193,10,9
20488963,9,9
20794583,9,9
20980931,9,9
21078668,9,7
21242946,9,9
21484520,9,9
21744914,9,9
23500006,9,9
23657670,9,8
23964402,9,9
24081450,9,9
24088404,9,8
24092647,9,9
24114448,9,9
24245265,9,8
24251723,9,9
24273671,9,8
24343091,9,9
24471701,9,9
24497718,9,8
24504294,9,9
24548144,9,9
24590549,9,9
24604383,9,5
24606295,9,9
24613422,9,8
24613484,9,9
24614191,9,9
24636155,9,8
24648035,9,9
24651660,9,9
24657129,9,9
24659208,9,9
24663830,9,8
24665865,9,7
24677868,9,8
24678087,9,8
24678476,9,7
24679244,9,9
24692526,9,7
24692915,9,9
24695381,9,9
24699310,9,8
24700016,9,8
24701020,9,9
24702119,9,9
24705462,9,9
24707084,9,9
24711852,9,8
24714709,9,9
24718820,9,9
24733199,9,8
24746595,9,9
24749572,9,9
24771818,9,9
24773416,9,9
24795715,9,9
24807234,9,9
24807319,9,9
24915281,9,7
25029222,9,9
25029321,9,9
25034769,9,9
25036435,9,6
25050851,9,9
25065893,9,9
25113860,9,9
25121278,9,9
25286892,9,9
25287127,9,5
25309928,9,9
25397956,9,9
25404982,9,9
25510140,9,8
25593815,9,9
25593839,9,9
25659887,9,9
25662016,9,9
25681352,9,8
25685268,9,8
25685282,9,9
25686296,9,9
25761634,9,9
25778700,9,7
25858211,9,9
25915822,9,9
25915877,9,9
25915921,9,9
25935981,9,8
25958843,9,9
25970418,9,9
26074900,9,8
26123752,9,8
26130026,9,9
26253428,9,9
26255828,9,9
26257754,9,9
26266688,9,9
26407081,9,7
26430294,9,9
26442549,9,9
26444031,9,7
26475998,9,9
26514437,9,9
26550220,9,6
26600086,9,9
26863023,9,7
26863184,9,9
27141298,9,9
27222997,9,9
27442340,9,9
27512647,9,9
27513439,9,9
27513941,9,9
27520031,9,6
27520383,9,8
27545379,9,9
27658161,9,9
27667033,9,9
27669556,9,9
27784570,9,9
27808405,9,8
27854341,9,9
27856277,9,8
27858875,9,9
27867877,9,8
27943342,9,8
27944615,9,9
27944868,9,9
28138495,9,9
28745457,9,9
28876779,9,8
28889076,9,9
28889250,9,8
28889854,9,9
28894070,9,8
28915515,9,7
28926320,9,9
28926405,9,7
29023875,9,9
29064649,9,6
29096862,9,9
29096886,9,8
29109791,9,9
29256037,9,9
29275250,9,8
29315123,9,9
29355235,9,7
29362462,9,7
29375554,9,9
30005102,9,9
30005103,9,8
30009952,9,9
30020581,9,9
30021084,9,9
30028218,9,8
30028319,9,9
30028863,9,9
30038239,9,8
30038957,9,9
30039459,9,6
30039836,9,9
30043067,9,7
30044228,9,8
30051956,9,9
30055581,9,8
30056177,9,8
30065122,9,9
30065953,9,9
30066362,9,9
30066416,9,7
30070845,9,8
30080853,9,9
30082174,9,7
30082217,9,9
30082423,9,9
30082489,9,9
30086889,9,9
30103753,9,7
30140234,9,9
30161657,9,8
30161872,9,9
30165044,9,8
30166049,9,9
30169931,9,8
30170092,9,7
30170318,9,9
30170323,9,9
30170325,9,9
30170365,9,7
30170697,9,9
30171130,9,8
30175713,9,9
30177693,9,8
30177770,9,2
30177772,9,9
30177923,9,9
30177942,9,9
30179061,9,9
30179661,9,9
30182099,9,8
30213084,9,8
30233413,9,8
30235514,9,9
30246074,9,9
30246227,9,8
30263167,9,9
30263203,9,9
30263905,9,7
30263906,9,9
30267535,9,9
30267582,9,9
30267587,9,9
30267594,9,9
30268840,9,9
30268844,9,9
30279742,9,8
30283507,9,7
30284054,9,9
30284656,9,6
30284798,9,8
30286299,9,8
30286305,9,9
30287795,9,9
30288385,9,9
30291161,9,8
30299686,9,9
30300004,9,9
30300019,9,8
30300024,9,9
30301312,9,9
30312158,9,8
30312407,9,8
30316461,9,7
30333419,9,9
30354173,9,8
30354177,9,9
30354512,9,9
30354535,9,9
30355373,9,9
30355380,9,9
30358949,9,9
30362019,9,9
30362364,9,8
30362420,9,8
30362931,9,8
30363309,9,8
30363518,9,7
30363670,9,7
30368195,9,8
30396400,9,9
30397367,9,9
30398757,9,9
30420182,9,8
30456233,9,9
30457665,9,9
30458484,9,8
30460277,9,9
30522040,9,9
30522065,9,9
30523012,9,9
30523430,9,9
30540648,9,8
30798831,9,8
30863611,9,9
30882169,9,8
95088565,9,3
20021344,8,8
20238322,8,8
20489281,8,8
20824020,8,8
20966997,8,8
21188473,8,7
21192449,8,8
21193262,8,8
21198090,8,8
21233128,8,8
21242687,8,7
21316029,8,8
21409998,8,8
21422027,8,8
21441110,8,8
21443008,8,8
21550485,8,7
21550515,8,8
21761027,8,8
23117242,8,8
23344068,8,8
23356610,8,8
23494602,8,8
24057813,8,6
24059909,8,8
24088435,8,8
24094108,8,7
24094665,8,8
24169370,8,7
24213035,8,7
24237635,8,7
24237697,8,8
24254465,8,7
24256087,8,7
24346283,8,8
24506984,8,7
24579513,8,8
24590297,8,7
24590945,8,3
24592284,8,8
24597951,8,8
24647632,8,6
24647908,8,8
24648080,8,8
24654661,8,8
24658157,8,8
24659000,8,8
24659031,8,8
24659055,8,7
24659284,8,7
24661744,8,8
24663847,8,8
24677653,8,8
24679190,8,8
24679350,8,8
24679466,8,8
24690331,8,8
24691567,8,7
24692571,8,8
24695459,8,8
24699273,8,8
24699624,8,7
24703567,8,7
24705516,8,5
24709293,8,7
24723329,8,6
24724722,8,8
24732369,8,8
24733724,8,8
24734714,8,6
24738286,8,7
24745284,8,8
24768009,8,6
24768481,8,8
24772341,8,7
24775014,8,7
24779210,8,8
24781244,8,8
24807302,8,8
24819718,8,7
24838146,8,8
24901109,8,8
24901147,8,8
24914710,8,3
25022094,8,5
25023985,8,8
25025651,8,8
25035148,8,7
25055122,8,8
25065794,8,8
25065855,8,8
25065916,8,8
25066111,8,6
25114058,8,8
25171570,8,7
25178234,8,8
25286274,8,8
25314601,8,8
25334616,8,7
25397574,8,3
25401592,8,8
25426465,8,8
25436150,8,7
25549485,8,7
25571875,8,7
25593723,8,8
25593884,8,8
25594003,8,8
25662283,8,8
25686593,8,8
25719925,8,8
25725865,8,4
25731040,8,7
25753950,8,8
25778694,8,7
25809992,8,8
25817072,8,5
25819243,8,8
25820959,8,7
25915945,8,8
25920512,8,6
25959154,8,8
25959260,8,7
25959383,8,8
25965209,8,8
25969832,8,8
26000770,8,8
26021225,8,7
26074887,8,6
26075167,8,8
26075624,8,8
26103167,8,8
26121048,8,8
26121093,8,8
26121772,8,4
26123417,8,8
26253343,8,8
26253541,8,8
26257716,8,8
26266640,8,8
26273099,8,8
26276304,8,8
26278087,8,7
26338941,8,8
26349626,8,8
26350158,8,8
26406923,8,8
26410876,8,8
26444024,8,8
26504193,8,8
26598758,8,8
26667737,8,8
26667836,8,8
26680248,8,8
26684260,8,8
26715148,8,5
26775234,8,8
26775241,8,8
26830766,8,8
26864853,8,7
26868813,8,8
26869070,8,7
26907208,8,8
26961118,8,8
26995663,8,8
27062517,8,8
27065068,8,7
27169308,8,8
27259412,8,8
27260142,8,8
27511084,8,8
27511121,8,7
27513231,8,8
27544662,8,8
27545416,8,8
27546017,8,8
27546024,8,7
27592793,8,8
27597576,8,8
27601341,8,8
27632277,8,8
27666562,8,8
27684306,8,8
27730485,8,8
27775547,8,7
27775578,8,6
27785249,8,8
27788103,8,8
27791530,8,7
27796818,8,7
27801963,8,6
27852903,8,6
27853962,8,8
27854372,8,8
27858837,8,8
27917480,8,7
27928899,8,7
28017882,8,8
28256885,8,8
28509370,8,7
28686095,8,8
28835561,8,8
28867357,8,8
28871910,8,7
28873235,8,8
28877066,8,8
28884422,8,7
28885757,8,8
28889182,8,7
28889304,8,8
28933885,8,6
28955672,8,8
29013104,8,8
29096268,8,8
29119554,8,4
29184040,8,8
29185917,8,8
29254293,8,7
29272686,8,8
29320295,8,4
29322404,8,8
29354412,8,8
30005035,8,8
30005082,8,8
30009263,8,8
30009955,8,3
30018692,8,6
30018743,8,7
30019572,8,8
30020584,8,8
30021037,8,8
30021142,8,8
30022530,8,7
30022555,8,8
30024299,8,8
30028174,8,8
30028323,8,8
30039461,8,7
30039788,8,8
30040128,8,8
30040758,8,8
30042494,8,7
30043931,8,8
30052369,8,6
30064392,8,8
30064464,8,6
30066289,8,8
30066353,8,8
30066376,8,6
30066393,8,8
30066410,8,8
30071117,8,7
30072562,8,7
30103765,8,8
30103767,8,8
30103783,8,6
30105657,8,7
30115842,8,7
30117330,8,8
30117333,8,7
30117417,8,8
30117425,8,8
30140186,8,7
30140348,8,8
30165080,8,6
30166001,8,8
30169716,8,8
30169766,8,8
30170322,8,8
30170367,8,7
30171126,8,8
30179064,8,8
30212992,8,8
30212993,8,7
30213165,8,8
30213571,8,7
30235145,8,3
30246900,8,5
30263382,8,7
30263806,8,8
30263884,8,8
30267165,8,8
30267581,8,8
30268841,8,8
30269214,8,6
30279741,8,8
30284032,8,6
30284052,8,8
30284355,8,8
30284453,8,7
30284643,8,8
30286310,8,7
30287654,8,5
30288311,8,7
30288469,8,8
30290749,8,8
30291215,8,8
30291791,8,8
30297560,8,8
30299141,8,7
30300811,8,7
30300929,8,8
30300955,8,8
30301514,8,6
30304320,8,6
30311428,8,8
30311526,8,7
30311566,8,8
30312599,8,8
30313112,8,7
30313597,8,7
30316459,8,8
30322554,8,7
30323087,8,8
30332905,8,7
30336323,8,5
30351542,8,8
30354178,8,8
30354494,8,7
30354895,8,7
30354941,8,8
30354943,8,7
30355087,8,8
30355198,8,8
30355253,8,8
30355402,8,8
30360550,8,8
30360769,8,8
30361065,8,8
30361357,8,5
30361613,8,7
30361615,8,7
30362025,8,8
30362635,8,8
30366506,8,8
30368202,8,7
30397618,8,4
30409157,8,6
30433821,8,7
30449047,8,7
30456388,8,8
30457167,8,8
30457176,8,7
30457658,8,8
30458438,8,8
30458964,8,8
30459151,8,8
30461168,8,8
30522045,8,8
30522048,8,6
30522049,8,8
30522050,8,8
30522069,8,8
30522450,8,8
30522756,8,8
30523540,8,8
30523541,8,8
30539648,8,8
30541825,8,8
30542406,8,7
30542411,8,7
30543124,8,7
30554258,8,7
30568603,8,8
30713250,8,8
30863620,8,8
30863622,8,8
30883588,8,8
30913786,8,8
30918197,8,6
95075097,8,4
20273897,7,7
20278595,7,7
20288952,7,4
20484057,7,7
20489311,7,7
20792749,7,7
20794590,7,7
20869441,7,5
20980962,7,7
21007958,7,6
21084942,7,7
21188534,7,7
21189098,7,7
21189531,7,6
21235412,7,5
21349089,7,7
21392009,7,7
21461590,7,7
21462344,7,5
21468223,7,7
21545597,7,7
21559839,7,7
21578311,7,7
21720475,7,7
21740190,7,7
23073418,7,7
23083172,7,2
23413801,7,6
23500099,7,6
23612372,7,4
23657304,7,7
23657335,7,7
23657359,7,7
23782877,7,7
23878563,7,6
23895904,7,7
23906143,7,7
23915305,7,4
23922174,7,6
23935402,7,6
23990975,7,7
24093880,7,7
24114745,7,4
24126953,7,7
24126960,7,7
24160148,7,7
24187404,7,7
24237611,7,7
24237673,7,7
24246415,7,7
24268592,7,3
24493994,7,7
24506540,7,6
24528054,7,7
24528078,7,7
24579544,7,7
24590914,7,6
24592437,7,4
24593526,7,7
24598477,7,7
24602884,7,1
24603782,7,7
24617307,7,7
24636742,7,7
24641609,7,7
24643818,7,7
24648530,7,7
24648561,7,7
24648578,7,6
24656832,7,7
24656863,7,7
24658980,7,7
24665995,7,7
24666022,7,7
24672122,7,7
24675307,7,7
24677547,7,7
24691574,7,7
24692694,7,7
24693004,7,5
24696135,7,5
24697958,7,7
24699228,7,6
24699518,7,7
24701211,7,7
24701280,7,6
24701365,7,7
24702959,7,6
24703345,7,6
24704267,7,7
24705196,7,7
24707602,7,7
24711760,7,7
24718882,7,7
24720625,7,6
24721257,7,7
24721776,7,7
24721806,7,6
24723251,7,7
24723282,7,7
24723428,7,7
24749633,7,7
24750134,7,7
24778756,7,7
24779968,7,5
24785037,7,7
24785129,7,6
24790529,7,6
24900393,7,7
24901383,7,7
24932752,7,6
24943277,7,7
25036336,7,7
25044874,7,7
25055313,7,6
25064391,7,7
25065336,7,7
25065350,7,7
25065923,7,7
25066104,7,7
25084559,7,7
25086379,7,7
25113600,7,6
25114409,7,7
25118117,7,6
25118261,7,6
25120882,7,7
25121995,7,7
25178166,7,6
25178197,7,7
25216073,7,7
25220162,7,7
25285765,7,7
25315448,7,7
25334609,7,6
25334647,7,6
25382747,7,7
25426571,7,7
25549423,7,7
25552591,7,7
25573626,7,7
25574784,7,5
25675832,7,6
25686180,7,7
25728033,7,6
25728323,7,7
25731156,7,6
25735581,7,6
25736472,7,7
25749656,7,7
25749922,7,6
25749939,7,7
25750003,7,7
25752007,7,7
25752014,7,6
25754155,7,7
25754179,7,7
25754308,7,7
25754353,7,7
25755169,7,7
25759181,7,6
25774146,7,7
25800746,7,7
25812800,7,7
25851908,7,7
25912760,7,7
25915860,7,7
25937855,7,6
25955095,7,5
25958607,7,7
25958997,7,7
25961133,7,5
25963731,7,7
25966299,7,6
25971958,7,7
25992786,7,7
26002132,7,7
26048024,7,7
26074993,7,7
26075075,7,7
26129761,7,6
26147338,7,7
26152042,7,6
26277134,7,7
26356624,7,6
26366951,7,7
26366975,7,7
26372952,7,7
26373096,7,7
26409290,7,6
26443782,7,7
26444055,7,6
26529271,7,7
26554709,7,7
26587011,7,7
26591773,7,7
26666129,7,7
26681733,7,7
26721811,7,7
26775166,7,7
26776262,7,6
26776293,7,7
26838557,7,4
26863467,7,7
26868936,7,7
26868943,7,7
26869001,7,7
26870847,7,6
26892825,7,6
26905921,7,7
26907871,7,7
27003282,7,5
27066171,7,6
27143247,7,7
27196939,7,5
27203507,7,7
27259580,7,7
27262412,7,7
27511831,7,7
27513293,7,7
27520024,7,7
27545393,7,7
27592755,7,7
27598689,7,6
27631904,7,7
27699737,7,7
27736814,7,7
27780602,7,6
27781067,7,7
27786321,7,7
27788004,7,7
27791615,7,7
27808863,7,7
27810798,7,7
27852958,7,6
27860281,7,7
27943335,7,7
27943380,7,5
27966945,7,7
28025580,7,7
28143840,7,7
28253648,7,7
28286691,7,7
28502234,7,6
28502265,7,6
28502296,7,6
28835554,7,7
28854678,7,6
28868514,7,7
28875437,7,6
28876724,7,7
28885719,7,7
28889021,7,7
28889830,7,5
28926276,7,7
28926528,7,7
28955665,7,7
29041008,7,6
29041022,7,5
29074082,7,6
29185115,7,7
29185337,7,7
29293490,7,6
29317820,7,6
29319466,7,6
29375592,7,5
29376322,7,6
30002038,7,4
30005074,7,7
30006658,7,7
30006671,7,7
30009254,7,7
30009264,7,7
30018693,7,7
30018745,7,6
30019658,7,7
30022522,7,7
30025802,7,7
30026434,7,7
30028386,7,7
30028520,7,7
30030053,7,7
30037371,7,7
30038923,7,6
30038970,7,6
30039152,7,7
30039488,7,6
30039684,7,7
30039713,7,6
30040157,7,7
30042158,7,7
30042160,7,7
30043131,7,5
30043247,7,6
30043314,7,7
30044690,7,7
30045004,7,7
30052525,7,7
30053260,7,6
30055826,7,7
30056231,7,7
30056406,7,7
30065736,7,6
30066412,7,7
30066413,7,7
30066414,7,7
30070769,7,7
30071116,7,7
30079158,7,7
30079836,7,7
30081907,7,7
30083015,7,7
30083073,7,7
30088013,7,7
30101738,7,7
30103751,7,5
30103841,7,6
30104381,7,7
30105179,7,7
30105656,7,7
30106069,7,7
30140707,7,7
30143911,7,7
30146902,7,7
30162946,7,6
30165081,7,6
30165266,7,7
30165916,7,7
30166028,7,7
30166031,7,7
30168122,7,6
30168486,7,7
30168489,7,7
30168782,7,7
30168785,7,7
30168838,7,7
30169746,7,5
30170154,7,7
30170159,7,7
30170188,7,7
30170193,7,7
30170357,7,5
30170664,7,7
30170959,7,7
30171123,7,7
30175690,7,7
30178169,7,6
30178170,7,7
30178173,7,7
30178241,7,6
30185466,7,7
30208297,7,7
30208309,7,7
30213329,7,7
30214188,7,7
30230093,7,7
30231850,7,7
30233193,7,5
30235501,7,7
30236950,7,7
30242286,7,7
30247488,7,7
30263049,7,6
30263214,7,7
30265247,7,3
30267187,7,7
30267359,7,6
30267536,7,7
30267592,7,7
30267595,7,7
30267770,7,7
30267854,7,6
30282921,7,7
30283520,7,7
30284043,7,6
30284044,7,7
30284069,7,6
30284377,7,7
30284542,7,7
30287459,7,6
30287587,7,6
30287590,7,6
30288307,7,7
30290528,7,7
30290696,7,5
30291064,7,5
30291199,7,7
30291796,7,7
30292064,7,7
30292244,7,7
30300762,7,5
30301199,7,7
30301485,7,7
30302316,7,7
30311833,7,5
30312365,7,7
30312600,7,7
30312877,7,7
30313756,7,7
30322429,7,7
30322576,7,7
30324338,7,7
30333416,7,6
30334196,7,7
30335168,7,6
30337935,7,7
30337979,7,7
30350472,7,6
30354539,7,6
30354961,7,7
30354983,7,6
30354998,7,7
30355001,7,7
30355015,7,6
30355214,7,7
30355295,7,4
30355296,7,7
30358619,7,7
30358791,7,7
30360590,7,7
30360591,7,7
30361331,7,5
30361768,7,6
30362904,7,6
30362943,7,6
30362955,7,3
30363506,7,7
30364265,7,7
30364267,7,7
30364331,7,4
30364338,7,7
30368200,7,7
30368381,7,6
30409149,7,6
30410139,7,7
30410158,7,7
30434998,7,7
30435404,7,6
30441676,7,6
30452124,7,7
30456235,7,6
30456920,7,5
30457659,7,7
30458570,7,7
30459032,7,5
30459177,7,6
30460530,7,7
30460532,7,7
30522035,7,7
30522064,7,7
30522067,7,5
30522468,7,4
30523036,7,7
30523090,7,7
30524023,7,5
30524163,7,7
30539104,7,6
30539649,7,7
30539659,7,7
30540196,7,1
30542046,7,1
30552030,7,6
30567442,7,7
30821702,7,6
30821766,7,7
30822073,7,7
30863617,7,6
30898251,7,7
30903782,7,6
20611750,6,6
20664275,6,5
20878078,6,6
21084928,6,6
21088698,6,6
21097096,6,6
21188657,6,6
21188718,6,5
21189067,6,6
21189289,6,6
21216756,6,6
21233111,6,6
21242526,6,5
21246883,6,6
21385117,6,6
21457920,6,6
21460821,6,6
21480690,6,6
21545412,6,6
21597237,6,4
21636097,6,6
21743528,6,6
21761911,6,6
21762086,6,6
21762260,6,5
21762352,6,5
23259898,6,6
23373297,6,6
23373662,6,6
23657328,6,6
23883987,6,6
23884021,6,5
23884038,6,6
23906228,6,6
23934061,6,6
23993006,6,6
23993563,6,6
24092333,6,2
24146357,6,6
24211086,6,6
24233620,6,5
24245746,6,6
24250658,6,5
24252768,6,5
24253123,6,6
24254847,6,5
24291002,6,6
24291033,6,5
24291163,6,6
24297264,6,6
24343084,6,6
24431316,6,5
24493505,6,6
24503525,6,6
24509176,6,6
24521383,6,6
24528061,6,6
24528313,6,6
24590334,6,5
24592932,6,6
24599450,6,5
24600392,6,6
24615617,6,5
24617208,6,6
24636476,6,6
24637671,6,5
24643894,6,5
24643931,6,6
24644020,6,6
24646147,6,5
24649117,6,6
24654142,6,6
24656924,6,5
24657495,6,6
24658096,6,6
24658218,6,6
24660051,6,5
24660419,6,6
24660624,6,6
24662253,6,6
24663823,6,6
24677813,6,6
24678056,6,6
24678728,6,5
24679527,6,6
24679534,6,6
24689724,6,6
24690287,6,5
24690294,6,6
24691765,6,6
24691864,6,5
24692403,6,3
24692601,6,5
24693141,6,5
24696937,6,5
24697224,6,6
24697934,6,6
24699990,6,6
24701198,6,6
24705455,6,6
24706568,6,6
24718844,6,6
24718875,6,6
24720007,6,6
24721967,6,5
24722148,6,6
24723411,6,6
24749626,6,6
24753197,6,6
24767996,6,5
24768047,6,6
24771313,6,6
24775366,6,5
24776110,6,6
24778749,6,6
24790451,6,6
24807357,6,5
24807739,6,6
24809726,6,5
24819701,6,6
24892278,6,6
24901253,6,5
24902304,6,6
24931076,6,5
24941532,6,6
24942577,6,6
24942621,6,6
24943888,6,6
25026627,6,6
25029253,6,4
25056891,6,6
25063271,6,6
25064469,6,6
25065152,6,6
25066067,6,6
25066326,6,6
25066531,6,6
25084573,6,6
25084689,6,6
25089141,6,6
25089646,6,6
25110012,6,6
25114126,6,6
25114232,6,6
25118070,6,6
25118179,6,6
25118605,6,5
25119039,6,6
25130232,6,6
25137965,6,6
25143027,6,6
25173062,6,6
25201840,6,6
25202991,6,6
25210644,6,6
25282641,6,6
25286335,6,5
25286823,6,2
25290240,6,6
25308570,6,6
25309621,6,6
25310337,6,6
25313031,6,6
25362596,6,6
25395853,6,6
25397949,6,5
25401608,6,6
25403732,6,6
25405392,6,6
25408805,6,5
25426151,6,6
25432213,6,6
25552805,6,6
25552966,6,6
25572070,6,3
25573688,6,5
25573770,6,6
25576177,6,6
25576795,6,6
25593976,6,6
25661835,6,6
25663518,6,5
25663914,6,6
25683103,6,6
25684797,6,6
25685275,6,6
25685763,6,6
25685916,6,6
25686494,6,6
25714487,6,6
25716900,6,6
25717754,6,6
25719918,6,6
25753851,6,6
25754094,6,6
25754162,6,6
25759136,6,5
25760729,6,6
25773156,6,5
25773255,6,5
25777420,6,5
25803709,6,5
25853322,6,6
25915716,6,6
25915914,6,6
25920192,6,5
25958775,6,6
25958812,6,6
25966275,6,6
25994476,6,6
26000831,6,6
26055756,6,6
26074542,6,6
26075686,6,5
26103150,6,6
26254456,6,5
26258409,6,6
26298221,6,6
26333489,6,6
26338903,6,6
26339726,6,6
26346458,6,6
26349954,6,6
26351353,6,5
26372846,6,6
26377308,6,5
26389738,6,6
26406961,6,6
26406978,6,6
26407678,6,6
26411682,6,5
26426136,6,6
26432809,6,6
26432816,6,6
26443409,6,6
26450025,6,6
26450735,6,5
26475721,6,5
26475844,6,5
26547497,6,5
26549224,6,6
26550213,6,6
26559353,6,6
26587097,6,6
26775210,6,6
26830889,6,6
26838571,6,3
26839462,6,6
26863016,6,6
26864495,6,6
26868851,6,5
26868981,6,6
26870939,6,5
26871066,6,6
26873183,6,5
26906133,6,6
26907888,6,6
26933405,6,4
27008768,6,6
27009321,6,6
27066355,6,6
27163276,6,6
27198834,6,6
27204238,6,5
27223383,6,6
27238301,6,6
27243664,6,6
27259214,6,6
27262405,6,6
27274088,6,6
27511053,6,4
27512517,6,5
27545638,6,4
27545928,6,3
27600009,6,6
27625989,6,6
27650745,6,6
27656853,6,6
27658222,6,6
27667828,6,5
27681046,6,6
27777541,6,3
27781050,6,6
27785065,6,6
27785386,6,5
27790670,6,6
27796726,6,6
27802410,6,5
27809808,6,6
27811009,6,5
27811719,6,6
27824719,6,6
27858851,6,6
27859575,6,6
27860298,6,6
27885963,6,5
27903148,6,6
27914298,6,6
27916698,6,6
27916889,6,5
27943137,6,6
27944912,6,6
27951415,6,6
28000495,6,5
28018155,6,6
28238867,6,6
28250418,6,6
28253501,6,6
28256892,6,6
28268383,6,6
28268475,6,6
28507567,6,6
28509677,6,6
28836100,6,6
28852520,6,5
28852704,6,5
28872092,6,6
28873273,6,6
28873334,6,6
28885825,6,6
28887645,6,6
28894148,6,6
28898825,6,5
28909941,6,4
28926351,6,6
28926856,6,6
28955313,6,6
28956105,6,6
29013456,6,5
29062508,6,6
29064687,6,6
29107629,6,5
29185375,6,6
29253432,6,6
29254019,6,6
29254873,6,6
29256020,6,4
29351589,6,5
29352128,6,6
29354528,6,6
29380909,6,5
29381722,6,5
30004898,6,5
30005036,6,6
30005073,6,5
30005079,6,5
30017508,6,6
30017783,6,5
30020569,6,5
30021046,6,6
30021048,6,6
30021134,6,6
30021183,6,6
30022352,6,6
30026730,6,6
30028182,6,6
30028196,6,6
30028317,6,6
30028330,6,6
30038205,6,6
30038248,6,6
30039711,6,6
30040303,6,6
30042115,6,6
30042272,6,6
30043066,6,5
30043376,6,6
30043474,6,6
30043964,6,5
30044450,6,6
30044491,6,6
30044779,6,6
30051995,6,6
30052283,6,4
30052480,6,5
30053800,6,6
30056397,6,6
30056409,6,6
30056418,6,6
30056477,6,6
30056536,6,5
30056612,6,6
30063658,6,5
30064604,6,5
30065108,6,6
30065702,6,5
30066017,6,6
30066445,6,3
30066779,6,6
30072107,6,6
30072150,6,6
30072509,6,6
30078749,6,5
30078964,6,4
30079051,6,4
30079159,6,6
30079229,6,6
30079290,6,6
30079795,6,3
30082172,6,6
30082218,6,6
30091838,6,6
30092756,6,6
30100815,6,6
30100817,6,6
30101741,6,6
30103573,6,6
30103759,6,5
30105704,6,6
30106068,6,5
30106584,6,6
30117298,6,6
30117418,6,5
30127099,6,6
30146279,6,6
30146901,6,4
30156709,6,6
30161034,6,5
30165053,6,6
30165177,6,6
30165995,6,4
30166002,6,6
30166044,6,6
30166048,6,6
30166055,6,6
30166366,6,6
30168498,6,6
30168831,6,5
30170050,6,6
30170084,6,6
30170230,6,6
30170263,6,6
30170269,6,5
30170490,6,6
30170955,6,5
30171141,6,4
30177800,6,6
30178233,6,6
30181515,6,5
30181635,6,6
30181905,6,6
30182053,6,6
30182334,6,5
30184373,6,6
30185463,6,6
30185464,6,6
30212348,6,6
30212718,6,6
30214306,6,6
30214848,6,5
30216160,6,6
30223957,6,6
30223990,6,5
30231469,6,5
30233340,6,5
30234785,6,6
30236214,6,6
30239144,6,6
30246036,6,6
30247034,6,6
30263050,6,6
30263781,6,5
30264450,6,6
30265244,6,6
30267186,6,6
30267196,6,6
30267199,6,5
30267377,6,5
30267400,6,6
30267402,6,5
30267419,6,5
30267859,6,6
30267871,6,6
30268839,6,6
30276905,6,6
30283854,6,5
30283898,6,6
30283991,6,6
30283994,6,5
30284042,6,6
30284419,6,6
30284451,6,6
30284543,6,6
30284723,6,6
30285867,6,6
30285870,6,4
30286293,6,5
30286380,6,5
30287591,6,5
30288132,6,6
30288227,6,6
30288340,6,5
30288354,6,6
30288384,6,5
30288412,6,6
30290485,6,6
30290751,6,6
30291167,6,6
30291250,6,6
30291386,6,4
30292078,6,5
30292090,6,4
30299178,6,3
30300005,6,3
30301311,6,6
30301519,6,6
30305800,6,5
30311527,6,6
30311565,6,6
30312156,6,6
30312164,6,6
30312537,6,4
30312586,6,6
30313152,6,6
30318141,6,6
30323156,6,6
30324139,6,6
30333422,6,5
30337143,6,6
30337400,6,2
30337943,6,6
30337978,6,6
30353737,6,6
30353740,6,5
30353891,6,5
30354136,6,6
30354180,6,4
30354536,6,6
30354923,6,5
30354926,6,5
30354942,6,5
30354945,6,6
30354973,6,6
30355223,6,6
30355300,6,6
30355381,6,6
30355505,6,4
30358844,6,5
30359050,6,6
30359624,6,5
30360589,6,5
30360618,6,6
30360795,6,6
30360904,6,6
30361084,6,6
30362022,6,6
30362039,6,4
30362102,6,6
30362531,6,4
30362933,6,6
30363778,6,6
30364302,6,6
30364303,6,6
30365502,6,6
30366499,6,6
30368182,6,6
30368189,6,6
30397636,6,6
30397774,6,6
30398471,6,6
30410281,6,4
30410288,6,6
30415791,6,5
30422432,6,6
30438295,6,6
30450685,6,6
30456240,6,6
30456919,6,5
30458442,6,6
30458478,6,6
30458887,6,6
30459030,6,6
30459441,6,6
30460034,6,6
30460037,6,6
30460442,6,6
30460462,6,6
30461268,6,6
30475375,6,6
30522038,6,5
30522042,6,6
30522466,6,4
30522787,6,6
30523011,6,4
30523034,6,6
30523037,6,5
30523115,6,6
30523361,6,6
30523424,6,6
30524060,6,3
30524177,6,6
30540664,6,5
30542305,6,6
30542308,6,5
30542408,6,6
30542413,6,5
30544733,6,6
30567208,6,6
30713251,6,6
30810598,6,5
30821427,6,6
30821701,6,6
30829600,6,6
30880784,6,5
30882162,6,6
30883261,6,6
95088321,6,6
20021214,5,2
20290542,5,5
20449773,5,5
20663100,5,2
20705268,5,5
21047138,5,5
21047145,5,5
21047152,5,4
21047169,5,3
21084898,5,5
21084911,5,5
21084935,5,5
21188695,5,5
21189302,5,5
21192524,5,5
21192739,5,5
21216770,5,5
21233135,5,5
21242984,5,4
21348945,5,5
21391910,5,5
21409875,5,5
21462429,5,5
21468056,5,5
21497698,5,5
23079908,5,2
23136656,5,5
23137882,5,5
23150188,5,5
23277915,5,3
23281066,5,3
23375475,5,5
23375529,5,4
23412705,5,5
23494053,5,5
23494596,5,5
23494664,5,5
23515567,5,5
23580206,5,5
23593725,5,5
23657472,5,5
23883994,5,5
23913073,5,5
23913677,5,4
23944022,5,4
24057165,5,5
24088398,5,4
24092630,5,5
24093767,5,5
24103114,5,5
24113878,5,5
24114912,5,5
24209311,5,5
24209373,5,5
24211932,5,3
24222051,5,5
24222075,5,5
24233644,5,4
24251167,5,5
24251266,5,4
24251273,5,5
24254281,5,5
24268882,5,4
24273046,5,5
24298223,5,5
24346290,5,5
24488235,5,4
24503570,5,5
24503693,5,5
24505086,5,5
24512176,5,4
24590853,5,5
24590969,5,4
24592413,5,3
24592536,5,2
24592796,5,5
24593601,5,5
24593618,5,5
24599467,5,5
24601924,5,5
24603508,5,5
24604000,5,4
24605557,5,5
24606301,5,5
24613040,5,5
24614634,5,5
24617222,5,5
24617260,5,4
24619851,5,1
24636148,5,5
24637534,5,3
24639316,5,5
24642941,5,5
24643092,5,4
24645072,5,5
24645973,5,5
24646178,5,5
24651677,5,5
24654678,5,5
24654708,5,4
24657518,5,5
24658409,5,4
24659062,5,4
24659192,5,5
24660754,5,5
24664356,5,5
24664431,5,5
24665827,5,5
24674775,5,5
24676458,5,4
24677875,5,4
24678698,5,4
24679299,5,5
24679312,5,5
24679343,5,5
24679398,5,5
24679503,5,5
24679589,5,5
24689632,5,5
24689830,5,5
24690270,5,5
24692021,5,5
24695664,5,5
24698016,5,5
24698733,5,5
24700757,5,5
24701150,5,5
24701266,5,5
24705523,5,5
24706827,5,4
24707053,5,4
24708654,5,4
24708678,5,5
24711869,5,5
24719179,5,5
24719988,5,5
24720618,5,4
24723459,5,5
24731379,5,5
24736121,5,5
24749589,5,5
24749664,5,5
24751841,5,4
24755313,5,4
24759779,5,5
24768061,5,5
24772204,5,4
24774383,5,5
24779173,5,4
24779418,5,5
24779432,5,5
24781060,5,5
24781367,5,5
24781497,5,4
24781657,5,5
24785075,5,5
24787086,5,5
24790475,5,3
24795845,5,5
24795951,5,5
24797092,5,5
24819916,5,5
24894272,5,5
24895347,5,3
24895576,5,5
24900331,5,5
24901291,5,5
24901536,5,5
24906609,5,5
24914291,5,5
24921244,5,5
24929851,5,5
24934176,5,2
24935968,5,5
24936842,5,5
24938778,5,5
24939119,5,5
25025125,5,4
25026610,5,5
25027242,5,5
25029345,5,5
25031270,5,5
25032987,5,5
25036442,5,4
25041569,5,5
25043778,5,4
25044409,5,2
25050042,5,5
25056358,5,5
25064117,5,5
25064124,5,4
25065817,5,5
25065886,5,5
25066005,5,5
25066371,5,5
25066456,5,4
25088519,5,4
25089912,5,3
25110074,5,5
25118063,5,5
25118629,5,4
25118858,5,5
25122206,5,5
25137958,5,5
25171587,5,5
25175585,5,5
25178241,5,5
25213799,5,5
25215977,5,5
25242911,5,5
25277265,5,5
25282696,5,5
25289664,5,4
25290202,5,5
25313963,5,4
25314281,5,5
25377835,5,5
25396645,5,5
25397536,5,5
25399172,5,4
25399936,5,5
25399950,5,5
25400410,5,5
25401721,5,5
25405071,5,5
25405248,5,5
25409918,5,5
25426441,5,5
25436198,5,5
25490725,5,5
25550818,5,5
25552621,5,5
25552843,5,5
25552881,5,5
25553277,5,4
25553369,5,5
25572117,5,5
25573466,5,5
25574913,5,5
25575712,5,5
25575996,5,5
25577051,5,5
25577167,5,5
25593822,5,5
25618495,5,5
25660630,5,5
25660692,5,5
25660784,5,5
25660852,5,5
25662207,5,5
25663389,5,4
25675856,5,5
25684735,5,5
25685824,5,5
25714401,5,5
25714913,5,4
25715187,5,5
25717174,5,5
25717709,5,5
25727746,5,3
25737257,5,4
25737400,5,5
25749779,5,4
25754384,5,5
25754476,5,5
25754544,5,5
25769869,5,5
25771626,5,5
25773965,5,5
25774238,5,5
25778755,5,5
25808803,5,5
25813685,5,5
25821826,5,5
25821840,5,4
25851984,5,5
25852745,5,4
25854671,5,5
25854855,5,4
25858525,5,5
25859157,5,5
25915723,5,5
25916317,5,5
25933802,5,5
25936643,5,5
25937886,5,4
25937909,5,4
25958799,5,5
25958836,5,5
25958867,5,5
25959185,5,3
25959222,5,5
25965872,5,5
25966312,5,5
25994490,5,5
26000350,5,5
26000817,5,4
26000855,5,5
26074375,5,2
26074580,5,5
26074610,5,5
26075280,5,5
26120614,5,5
26121024,5,5
26121178,5,4
26147352,5,5
26248691,5,1
26253374,5,5
26277080,5,5
26277479,5,5
26297576,5,4
26298108,5,5
26324913,5,5
26334172,5,5
26336855,5,5
26338323,5,5
26340487,5,5
26346427,5,5
26346434,5,5
26373188,5,5
26382104,5,5
26388007,5,4
26409320,5,5
26409597,5,5
26411224,5,5
26426273,5,5
26430188,5,4
26431567,5,5
26442754,5,5
26449869,5,3
26450056,5,5
26450742,5,4
26475868,5,5
26478692,5,5
26504216,5,5
26511627,5,5
26526287,5,5
26559377,5,5
26561820,5,5
26565484,5,5
26586205,5,5
26586342,5,1
26587080,5,5
26590127,5,4
26600116,5,5
26631806,5,5
26654850,5,5
26667379,5,5
26667829,5,5
26678849,5,5
26680439,5,5
26721804,5,5
26848198,5,5
26857855,5,5
26857862,5,4
26860091,5,4
26864907,5,5
26868974,5,5
26946924,5,4
26961194,5,5
27066140,5,5
27074541,5,5
27074640,5,5
27196724,5,2
27220061,5,4
27235416,5,4
27243671,5,5
27272145,5,4
27274200,5,5
27442326,5,5
27442746,5,5
27511725,5,5
27511824,5,5
27511848,5,5
27512593,5,3
27514115,5,5
27545911,5,5
27551974,5,5
27592274,5,5
27599730,5,5
27625187,5,5
27646250,5,4
27651155,5,5
27656341,5,4
27661079,5,5
27665268,5,5
27667422,5,5
27675823,5,4
27676974,5,5
27688090,5,5
27707562,5,5
27744154,5,5
27757543,5,5
27774359,5,5
27775585,5,5
27781609,5,5
27783672,5,5
27788110,5,5
27790755,5,5
27794494,5,5
27802595,5,5
27808450,5,5
27808795,5,4
27811269,5,5
27812143,5,5
27812860,5,5
27856062,5,5
27861011,5,3
27880258,5,5
27882047,5,5
27883785,5,5
27944677,5,5
27951392,5,4
27951460,5,5
27963197,5,5
27966259,5,5
28011866,5,5
28018179,5,5
28145530,5,5
28509233,5,5
28698333,5,3
28824367,5,5
28836407,5,5
28852513,5,4
28873488,5,5
28873495,5,5
28873754,5,5
28887119,5,4
28889267,5,4
28890645,5,5
28891604,5,5
28926399,5,5
28938491,5,5
29013142,5,5
29023936,5,5
29025725,5,5
29074242,5,5
29091942,5,5
29103157,5,3
29185269,5,5
29210862,5,5
29241873,5,4
29250141,5,5
29250585,5,5
29255726,5,5
29257218,5,4
29273379,5,5
29274710,5,5
29276301,5,4
29293940,5,5
29302123,5,5
29325825,5,5
29370863,5,5
29375561,5,4
29376421,5,5
30004036,5,5
30004861,5,5
30005076,5,5
30005078,5,5
30005080,5,5
30005084,5,5
30006670,5,5
30008044,5,5
30009944,5,5
30011112,5,4
30018458,5,5
30018573,5,4
30019660,5,4
30021040,5,5
30021080,5,5
30021096,5,5
30021114,5,4
30022320,5,5
30028175,5,5
30028205,5,5
30028206,5,5
30028208,5,5
30028212,5,5
30028213,5,4
30028350,5,5
30028760,5,4
30031259,5,5
30033252,5,5
30038240,5,5
30038243,5,5
30038250,5,5
30038822,5,5
30038949,5,5
30039380,5,5
30039683,5,5
30040115,5,5
30040451,5,5
30040689,5,5
30043112,5,5
30044449,5,5
30044452,5,4
30044802,5,4
30050807,5,5
30050952,5,5
30051489,5,5
30052690,5,5
30055576,5,3
30055628,5,5
30056345,5,5
30063523,5,5
30064713,5,4
30064831,5,5
30065050,5,5
30065109,5,5
30065125,5,5
30065678,5,2
30065757,5,5
30065954,5,4
30066049,5,5
30066074,5,5
30066188,5,5
30066430,5,3
30066440,5,5
30067108,5,3
30070349,5,5
30070352,5,5
30070399,5,5
30070477,5,5
30070652,5,5
30070726,5,5
30070840,5,5
30070843,5,5
30070873,5,5
30071587,5,4
30072087,5,4
30072459,5,4
30072989,5,3
30073267,5,5
30073885,5,5
30079162,5,5
30081148,5,5
30081960,5,5
30083007,5,5
30083087,5,5
30083100,5,5
30087092,5,5
30089166,5,3
30103702,5,5
30103734,5,5
30104380,5,3
30105634,5,5
30105650,5,5
30105653,5,5
30105654,5,5
30107631,5,5
30108434,5,5
30109080,5,5
30113457,5,5
30113548,5,5
30113555,5,5
30117419,5,5
30139739,5,5
30146899,5,5
30157348,5,5
30160710,5,3
30161540,5,5
30161771,5,4
30165090,5,5
30165919,5,5
30166378,5,2
30168484,5,5
30168784,5,5
30168847,5,5
30168950,5,5
30169784,5,4
30170095,5,5
30170140,5,5
30170161,5,5
30170326,5,5
30170956,5,5
30177803,5,5
30177809,5,5
30178234,5,5
30179069,5,5
30179589,5,5
30182054,5,5
30208303,5,5
30209884,5,5
30212376,5,5
30212511,5,5
30213484,5,5
30214329,5,5
30214800,5,5
30222830,5,5
30222843,5,4
30223954,5,5
30223988,5,5
30224003,5,3
30231471,5,5
30233338,5,5
30235056,5,5
30237055,5,5
30246092,5,5
30246097,5,5
30246128,5,5
30246896,5,5
30252654,5,4
30262617,5,5
30262619,5,5
30263077,5,5
30264992,5,5
30265034,5,5
30265312,5,5
30266567,5,5
30267182,5,5
30267189,5,5
30267192,5,5
30267374,5,5
30267511,5,5
30267574,5,5
30267806,5,5
30267864,5,5
30268820,5,3
30278694,5,5
30278751,5,5
30279740,5,5
30283626,5,4
30283853,5,5
30284328,5,5
30284352,5,5
30284376,5,5
30284381,5,5
30284634,5,5
30284655,5,5
30284756,5,5
30285832,5,5
30286302,5,5
30287170,5,5
30288338,5,5
30288762,5,5
30290600,5,4
30290674,5,3
30290683,5,5
30290691,5,5
30290748,5,5
30291066,5,5
30291075,5,5
30291163,5,5
30291196,5,5
30291789,5,5
30292094,5,5
30292262,5,5
30292318,5,5
30299575,5,5
30299622,5,5
30299636,5,5
30299985,5,5
30299997,5,5
30300023,5,5
30300047,5,5
30301291,5,5
30301292,5,5
30301309,5,3
30301310,5,5
30301532,5,5
30301549,5,5
30301607,5,4
30311182,5,5
30311432,5,4
30312155,5,5
30312191,5,5
30312363,5,4
30312492,5,4
30312879,5,5
30312882,5,5
30313014,5,5
30314925,5,4
30316316,5,2
30322561,5,5
30322562,5,5
30322567,5,5
30323085,5,5
30323495,5,5
30337142,5,5
30337915,5,5
30337916,5,5
30337984,5,5
30338002,5,5
30350478,5,5
30351826,5,5
30352179,5,5
30353471,5,5
30353472,5,5
30353731,5,5
30353746,5,5
30354129,5,3
30354131,5,5
30354142,5,5
30354506,5,5
30354928,5,5
30354929,5,5
30354969,5,5
30354970,5,5
30354976,5,5
30354982,5,5
30354995,5,5
30355000,5,5
30355007,5,5
30355012,5,5
30355013,5,4
30355016,5,5
30355197,5,5
30355242,5,5
30355299,5,5
30355365,5,5
30355371,5,4
30355401,5,4
30357979,5,5
30360644,5,5
30360900,5,4
30361017,5,3
30361156,5,5
30361722,5,3
30361772,5,5
30362008,5,5
30362026,5,5
30362081,5,5
30362086,5,4
30362118,5,5
30362159,5,5
30362424,5,4
30362698,5,5
30362905,5,5
30362950,5,5
30363003,5,4
30363376,5,5
30363502,5,5
30363504,5,5
30363508,5,5
30363509,5,2
30363510,5,2
30363519,5,3
30363522,5,5
30363524,5,5
30363637,5,5
30363695,5,5
30363730,5,5
30363739,5,3
30363857,5,5
30364318,5,5
30364339,5,5
30364342,5,5
30364347,5,5
30364348,5,4
30364380,5,5
30365437,5,5
30365589,5,5
30368179,5,5
30368180,5,5
30368188,5,5
30368198,5,5
30390258,5,5
30397009,5,5
30397010,5,5
30397323,5,4
30397773,5,5
30398037,5,4
30398458,5,5
30406194,5,5
30419019,5,5
30420039,5,5
30420159,5,4
30420847,5,5
30422437,5,5
30432795,5,5
30433204,5,3
30433820,5,5
30437640,5,5
30440204,5,5
30456232,5,5
30456241,5,4
30456373,5,2
30456918,5,5
30457624,5,5
30457667,5,5
30457669,5,5
30457688,5,5
30458967,5,5
30459033,5,3
30459180,5,4
30460440,5,3
30461173,5,5
30461177,5,5
30475373,5,5
30475645,5,4
30522033,5,5
30522066,5,5
30522075,5,5
30522442,5,5
30522463,5,5
30522738,5,5
30522751,5,4
30522752,5,5
30522755,5,5
30522795,5,5
30523038,5,5
30523379,5,5
30524026,5,4
30524059,5,2
30524078,5,5
30524079,5,5
30524198,5,5
30524203,5,5
30539410,5,4
30539458,5,5
30539476,5,5
30540296,5,5
30541021,5,5
30541197,5,5
30541426,5,4
30542240,5,3
30542405,5,5
30542891,5,5
30544345,5,5
30548724,5,5
30567759,5,3
30568304,5,3
30571902,5,5
30809570,5,5
30809572,5,5
30809574,5,4
30821733,5,5
30821756,5,5
30862672,5,5
30881925,5,5
30883041,5,5
30891003,5,5
95075099,5,5
95088187,5,4
95088353,5,5
95089349,5,5
20000288,4,4
20010911,4,4
20015336,4,4
20020750,4,4
20021689,4,4
20027315,4,4
20256630,4,4
20256715,4,4
20261085,4,4
20450021,4,4
20484071,4,4
20488949,4,4
20489403,4,4
20493912,4,4
20662554,4,4
20687038,4,4
20696627,4,4
20934712,4,4
20980986,4,3
21078606,4,3
21131790,4,4
21179839,4,4
21188848,4,4
21189296,4,4
21190834,4,4
21199905,4,4
21202667,4,4
21233050,4,3
21244483,4,4
21274749,4,4
21326554,4,4
21349065,4,4
21351884,4,4
21391880,4,4
21443060,4,4
21461149,4,4
21461996,4,2
21463952,4,4
21464256,4,4
21475177,4,4
21484605,4,4
21484629,4,4
21497926,4,4
21498459,4,4
21560354,4,4
21578328,4,4
21713880,4,4
21735981,4,2
21738036,4,4
21738111,4,3
21743498,4,4
21761744,4,4
21761881,4,4
21775529,4,4
23118904,4,4
23137684,4,4
23138735,4,4
23150423,4,4
23289062,4,4
23303416,4,4
23321939,4,4
23375505,4,4
23375512,4,4
23412729,4,3
23431690,4,4
23500082,4,4
23744967,4,4
23759558,4,4
23770966,4,4
23874589,4,3
23877436,4,4
23878013,4,4
23906686,4,3
23933446,4,4
23933460,4,2
23933705,4,4
23933729,4,4
23979321,4,4
23983199,4,4
23987562,4,4
23998803,4,4
24010924,4,4
24013338,4,3
24041249,4,4
24049207,4,4
24049245,4,3
24052450,4,4
24056281,4,4
24059732,4,3
24064910,4,4
24080835,4,4
24092142,4,4
24092258,4,4
24094306,4,4
24094375,4,4
24132312,4,3
24138031,4,4
24167895,4,4
24173209,4,3
24185394,4,4
24186193,4,4
24186209,4,4
24187138,4,4
24187350,4,4
24198462,4,4
24205245,4,4
24206358,4,4
24211048,4,4
24231954,4,4
24232012,4,4
24237628,4,4
24250726,4,2
24251235,4,4
24251648,4,3
24251938,4,3
24252287,4,4
24252447,4,4
24253024,4,4
24253413,4,3
24273664,4,4
24291354,4,4
24297363,4,4
24342971,4,4
24346306,4,4
24460446,4,3
24462280,4,4
24470018,4,3
24503624,4,4
24506960,4,4
24519526,4,4
24548373,4,4
24579483,4,4
24580922,4,4
24590433,4,4
24590778,4,4
24590938,4,3
24592321,4,4
24593571,4,4
24597340,4,4
24600927,4,4
24604031,4,4
24612579,4,4
24613248,4,4
24615747,4,4
24622424,4,4
24626293,4,4
24638197,4,3
24642910,4,4
24642996,4,4
24644969,4,4
24647915,4,4
24647977,4,4
24648028,4,4
24648097,4,4
24648707,4,4
24653886,4,3
24655941,4,4
24657488,4,3
24658119,4,3
24658737,4,4
24658799,4,4
24659161,4,3
24659987,4,4
24660068,4,4
24660457,4,4
24660563,4,4
24660693,4,4
24661928,4,4
24662703,4,4
24662758,4,4
24664653,4,4
24673624,4,4
24673907,4,4
24674560,4,4
24675239,4,3
24675246,4,4
24676090,4,4
24676519,4,4
24677981,4,4
24678063,4,4
24678490,4,4
24686365,4,4
24687317,4,4
24689953,4,4
24690133,4,4
24690171,4,4
24690249,4,4
24690300,4,4
24691734,4,4
24692649,4,4
24693127,4,2
24693172,4,4
24694148,4,4
24695428,4,4
24695695,4,3
24696944,4,1
24697941,4,4
24697972,4,4
24698047,4,4
24698085,4,4
24698689,4,4
24698948,4,3
24699013,4,3
24699099,4,3
24699174,4,4
24701259,4,4
24702683,4,3
24703239,4,4
24703581,4,4
24706131,4,4
24706230,4,3
24706322,4,4
24706445,4,4
24706476,4,4
24706810,4,4
24707312,4,4
24708166,4,4
24708173,4,4
24709286,4,4
24710688,4,3
24710701,4,4
24711166,4,4
24711333,4,4
24711463,4,4
24718806,4,3
24720229,4,4
24720588,4,4
24721264,4,4
24721745,4,4
24721790,4,2
24722285,4,4
24731195,4,4
24732376,4,4
24733403,4,4
24742245,4,2
24747288,4,4
24747448,4,3
24749534,4,4
24749688,4,4
24749855,4,4
24750912,4,4
24755252,4,3
24759656,4,4
24768023,4,4
24768139,4,4
24768207,4,4
24775717,4,3
24776042,4,4
24779296,4,4
24780070,4,4
24780087,4,4
24780964,4,3
24781114,4,4
24781190,4,4
24781374,4,4
24781404,4,4
24781626,4,4
24781664,4,4
24785099,4,4
24788229,4,3
24791236,4,4
24795388,4,4
24795753,4,4
24796866,4,3
24797108,4,4
24819923,4,4
24820028,4,4
24842051,4,4
24858199,4,4
24900980,4,4
24901130,4,4
24901192,4,4
24901222,4,4
24901321,4,4
24901369,4,4
24902731,4,4
24913850,4,4
24914178,4,1
24914383,4,4
24915045,4,4
24929790,4,4
24931021,4,4
24932417,4,4
24933520,4,4
24935371,4,4
24936040,4,4
24937245,4,4
24937672,4,3
24940993,4,4
24942805,4,4
25022087,4,3
25022117,4,1
25023602,4,4
25023954,4,3
25026580,4,3
25026825,4,4
25030211,4,4
25035131,4,4
25045727,4,4
25050004,4,4
25056884,4,4
25057119,4,4
25064094,4,3
25065176,4,4
25065626,4,4
25066296,4,4
25066388,4,4
25066500,4,4
25066579,4,3
25084702,4,3
25089868,4,3
25090048,4,4
25110029,4,4
25113587,4,4
25114140,4,4
25114157,4,4
25118278,4,4
25118476,4,4
25118759,4,4
25119008,4,4
25119077,4,4
25119121,4,4
25120745,4,4
25120752,4,4
25127348,4,3
25131444,4,4
25134650,4,4
25135558,4,4
25140866,4,3
25160369,4,4
25161007,4,4
25167450,4,4
25189353,4,4
25208917,4,4
25218411,4,4
25285741,4,4
25285864,4,3
25286113,4,3
25286250,4,4
25286649,4,4
25287059,4,3
25306538,4,4
25309515,4,4
25318227,4,4
25334876,4,3
25351507,4,4
25358711,4,4
25365856,4,3
25366013,4,4
25366518,4,4
25380392,4,3
25381856,4,3
25382815,4,4
25396546,4,4
25400052,4,4
25400151,4,4
25400366,4,4
25400380,4,4
25400588,4,3
25402360,4,3
25402414,4,4
25408911,4,3
25410624,4,4
25436181,4,2
25444568,4,4
25489439,4,4
25509854,4,4
25523812,4,4
25523874,4,4
25549706,4,4
25551051,4,4
25553123,4,4
25553383,4,4
25553789,4,3
25572384,4,4
25573459,4,4
25575187,4,3
25576962,4,4
25577136,4,2
25577709,4,4
25578188,4,4
25604467,4,4
25658996,4,4
25659894,4,4
25662122,4,4
25662146,4,4
25662290,4,4
25675795,4,4
25675894,4,4
25681277,4,4
25681338,4,3
25682083,4,4
25686630,4,4
25717389,4,4
25722420,4,4
25728026,4,3
25736427,4,4
25737004,4,3
25745436,4,4
25745870,4,4
25749007,4,4
25749106,4,4
25749410,4,4
25749588,4,4
25749809,4,4
25749816,4,3
25749946,4,4
25749953,4,4
25751673,4,4
25753967,4,4
25754186,4,4
25754339,4,4
25754445,4,3
25754667,4,4
25755312,4,4
25760859,4,4
25761597,4,4
25762976,4,2
25769876,4,4
25773149,4,4
25773187,4,4
25773231,4,4
25773293,4,3
25774191,4,4
25776553,4,3
25776584,4,4
25776638,4,4
25777284,4,3
25777352,4,3
25778908,4,4
25802016,4,1
25810011,4,3
25814590,4,4
25820447,4,4
25820966,4,4
25848724,4,4
25851892,4,4
25853285,4,3
25858563,4,4
25858877,4,4
25866117,4,4
25915136,4,4
25915471,4,4
25915761,4,4
25915778,4,4
25915785,4,4
25915884,4,4
25935790,4,4
25936186,4,3
25952711,4,4
25958560,4,4
25959352,4,3
25963748,4,4
25966244,4,4
25969870,4,4
25971385,4,4
25988116,4,2
25992625,4,4
25993691,4,4
25994513,4,3
25998184,4,4
25998559,4,4
26000886,4,4
26021096,4,4
26021164,4,3
26050478,4,4
26055701,4,4
26073309,4,4
26074436,4,4
26074658,4,4
26074931,4,4
26075006,4,4
26075679,4,4
26097459,4,4
26103587,4,3
26106106,4,3
26146942,4,3
26255743,4,4
26255774,4,4
26266725,4,4
26326597,4,4
26350486,4,3
26350707,4,4
26350745,4,4
26351377,4,4
26351605,4,4
26351629,4,4
26351742,4,4
26366968,4,4
26367668,4,4
26368115,4,3
26382029,4,3
26389585,4,4
26406992,4,4
26410920,4,4
26431659,4,4
26435916,4,4
26443447,4,4
26449722,4,4
26450483,4,4
26452760,4,3
26478142,4,4
26507095,4,4
26511733,4,4
26511740,4,4
26511757,4,4
26511771,4,4
26511795,4,4
26563770,4,2
26569239,4,4
26570945,4,3
26580630,4,4
26580647,4,4
26581095,4,4
26586656,4,3
26591278,4,3
26602004,4,4
26664255,4,3
26666105,4,4
26666792,4,4
26666808,4,4
26666969,4,3
26667270,4,4
26667331,4,4
26667720,4,4
26678375,4,4
26680422,4,4
26682532,4,4
26684277,4,4
26714837,4,4
26715926,4,4
26720050,4,3
26792163,4,4
26842523,4,4
26843797,4,4
26848563,4,4
26849966,4,3
26854946,4,4
26856001,4,4
26857558,4,3
26860770,4,4
26862989,4,3
26864846,4,4
26867748,4,3
26867953,4,4
26868417,4,4
26868448,4,3
26868868,4,4
26869018,4,4
26869049,4,4
26870052,4,4
26872124,4,4
26892818,4,4
26896441,4,4
26906140,4,3
26907192,4,4
26907680,4,4
26945453,4,2
26955261,4,4
26955322,4,4
26955339,4,4
26961040,4,4
27012802,4,4
27057896,4,4
27066218,4,4
27125960,4,4
27126400,4,4
27131749,4,4
27145142,4,4
27154274,4,1
27163368,4,3
27202937,4,4
27204221,4,4
27204252,4,3
27227718,4,3
27237991,4,1
27243657,4,4
27254622,4,4
27259276,4,4
27260401,4,4
27273111,4,4
27273906,4,4
27273944,4,3
27442333,4,4
27442852,4,4
27511046,4,4
27511497,4,4
27520048,4,4
27520369,4,4
27522004,4,3
27543375,4,3
27545614,4,4
27545874,4,4
27547441,4,4
27548097,4,3
27592328,4,4
27597248,4,3
27598177,4,4
27612835,4,4
27626832,4,4
27632147,4,4
27644867,4,4
27651759,4,4
27656068,4,4
27656426,4,4
27668177,4,4
27668511,4,4
27668900,4,4
27669822,4,4
27672358,4,4
27679944,4,4
27688441,4,4
27707388,4,4
27731772,4,4
27757550,4,4
27775912,4,4
27786314,4,4
27790038,4,3
27790595,4,3
27796634,4,4
27796702,4,3
27796870,4,4
27808672,4,4
27808894,4,4
27810231,4,4
27810606,4,3
27811757,4,4
27811887,4,4
27824702,4,4
27841174,4,4
27842874,4,4
27856932,4,4
27859612,4,4
27866887,4,4
27868133,4,4
27881095,4,4
27881125,4,4
27881903,4,3
27883457,4,4
27883549,4,4
27883556,4,4
27883594,4,3
27914311,4,4
27914328,4,4
27942741,4,4
27944356,4,4
27947722,4,3
27951163,4,4
27994962,4,4
28017172,4,3
28018087,4,4
28143734,4,4
28143741,4,4
28144977,4,3
28260974,4,4
28268147,4,4
28276388,4,2
28509684,4,4
28509691,4,4
28556466,4,4
28689966,4,4
28698715,4,4
28745464,4,3
28806493,4,4
28816386,4,3
28824459,4,4
28826255,4,4
28826408,4,4
28832379,4,4
28832386,4,4
28836131,4,4
28838753,4,4
28867319,4,4
28867845,4,4
28867906,4,4
28873242,4,4
28875383,4,4
28875390,4,4
28884156,4,4
28884170,4,4
28885702,4,4
28885764,4,4
28887126,4,1
28887621,4,3
28889243,4,4
28889861,4,4
28890164,4,3
28890652,4,4
28891307,4,4
28891451,4,4
28892496,4,4
28929987,4,4
28938354,4,4
28941644,4,4
28942252,4,3
28955382,4,4
28955658,4,4
28956211,4,4
29013432,4,4
29029433,4,4
29043644,4,4
29071821,4,4
29076147,4,4
29076512,4,4
29080090,4,4
29090747,4,3
29091881,4,4
29091904,4,4
29098484,4,4
29238354,4,4
29241729,4,3
29248797,4,4
29250158,4,3
29254415,4,4
29254620,4,4
29272792,4,2
29272815,4,3
29272952,4,4
29278374,4,4
29293186,4,3
29296675,4,4
29302352,4,2
29303748,4,4
29320332,4,4
29350728,4,4
29350810,4,4
29352876,4,4
29370856,4,4
29375639,4,2
29376285,4,4
29388684,4,4
29389131,4,4
30002721,4,4
30002727,4,4
30005059,4,4
30005086,4,4
30005090,4,4
30005092,4,4
30005099,4,4
30005195,4,4
30007484,4,4
30009962,4,4
30010821,4,4
30017504,4,4
30018354,4,4
30019574,4,4
30019657,4,4
30021085,4,4
30021112,4,4
30021139,4,4
30021206,4,4
30021241,4,4
30022337,4,4
30022351,4,4
30022518,4,4
30022700,4,3
30024379,4,4
30025801,4,4
30028163,4,4
30028172,4,4
30028173,4,4
30028209,4,4
30028214,4,4
30028229,4,4
30033577,4,3
30039001,4,4
30039331,4,3
30039484,4,4
30039681,4,4
30039682,4,4
30040430,4,4
30040452,4,4
30040494,4,3
30040707,4,4
30042157,4,3
30042159,4,4
30042242,4,4
30042465,4,4
30042908,4,4
30044686,4,4
30047878,4,4
30051733,4,4
30052372,4,4
30052407,4,3
30052481,4,3
30052482,4,4
30052563,4,4
30052603,4,4
30052742,4,2
30053258,4,4
30053276,4,4
30054015,4,4
30055192,4,4
30055528,4,3
30055533,4,4
30055574,4,4
30055733,4,4
30056404,4,4
30056408,4,4
30056412,4,4
30056521,4,4
30056541,4,3
30056564,4,4
30056701,4,4
30065046,4,4
30065088,4,4
30065113,4,1
30065565,4,4
30065574,4,4
30065578,4,4
30065625,4,4
30065630,4,4
30065677,4,4
30065690,4,4
30065737,4,4
30066010,4,4
30066415,4,4
30066433,4,3
30067692,4,4
30067755,4,4
30070326,4,3
30070394,4,4
30070472,4,4
30070475,4,4
30070476,4,4
30070723,4,4
30070732,4,4
30070764,4,4
30070766,4,4
30070835,4,4
30070837,4,4
30070848,4,4
30070863,4,4
30070881,4,4
30071809,4,4
30071977,4,4
30072092,4,4
30072136,4,4
30072149,4,4
30072448,4,4
30072462,4,4
30072921,4,4
30078417,4,4
30078951,4,4
30079008,4,4
30079837,4,4
30080337,4,4
30080340,4,3
30082422,4,4
30082467,4,4
30082738,4,3
30082784,4,4
30083021,4,3
30083022,4,4
30086490,4,4
30088012,4,4
30090627,4,4
30091176,4,4
30091225,4,3
30091802,4,4
30092867,4,4
30101740,4,4
30101768,4,4
30103758,4,3
30104240,4,3
30105786,4,4
30106072,4,4
30109078,4,4
30113685,4,4
30115120,4,4
30116034,4,4
30117332,4,3
30118425,4,4
30122802,4,4
30127097,4,4
30139708,4,4
30140144,4,4
30140264,4,4
30140267,4,4
30147018,4,4
30157109,4,4
30157486,4,4
30160849,4,4
30161191,4,4
30161874,4,4
30162903,4,4
30163116,4,4
30164485,4,4
30165057,4,3
30165058,4,4
30166004,4,4
30166043,4,4
30166047,4,3
30166359,4,4
30166370,4,4
30168375,4,4
30168376,4,4
30168783,4,4
30168786,4,4
30168845,4,4
30168886,4,3
30169688,4,3
30169754,4,4
30169755,4,4
30169760,4,2
30169786,4,4
30169803,4,4
30169845,4,4
30170087,4,4
30170157,4,4
30170194,4,4
30170229,4,4
30170260,4,4
30170356,4,4
30170407,4,4
30170493,4,4
30170927,4,4
30170958,4,4
30170967,4,4
30171155,4,2
30175691,4,4
30177807,4,4
30177828,4,4
30178172,4,4
30178222,4,4
30179057,4,4
30182048,4,3
30182102,4,3
30182328,4,4
30184235,4,4
30190550,4,4
30213163,4,3
30213187,4,4
30213339,4,4
30213368,4,4
30213488,4,3
30213493,4,4
30214717,4,4
30214847,4,4
30216547,4,4
30223859,4,4
30229484,4,4
30230357,4,4
30231631,4,4
30233412,4,3
30233416,4,4
30235487,4,4
30236675,4,4
30237284,4,4
30238243,4,4
30239286,4,4
30242234,4,3
30242251,4,4
30246066,4,4
30246081,4,4
30246263,4,4
30246287,4,1
30246907,4,4
30247478,4,4
30263211,4,4
30263903,4,4
30265029,4,4
30265036,4,4
30265043,4,4
30265756,4,4
30266892,4,4
30267188,4,4
30267373,4,4
30267420,4,4
30267520,4,4
30267526,4,4
30267561,4,4
30267583,4,4
30267759,4,3
30267761,4,2
30267798,4,4
30267861,4,2
30267869,4,4
30268117,4,4
30268118,4,4
30268158,4,4
30268384,4,4
30268563,4,3
30268849,4,2
30276462,4,4
30276939,4,4
30278466,4,4
30282908,4,4
30283627,4,4
30283805,4,4
30284371,4,4
30284540,4,4
30284547,4,4
30284557,4,4
30284632,4,4
30284636,4,4
30284721,4,4
30284725,4,3
30284772,4,4
30286073,4,4
30286209,4,4
30287178,4,3
30287255,4,4
30287465,4,4
30287583,4,4
30287588,4,4
30287742,4,4
30287835,4,4
30288101,4,4
30288330,4,4
30288868,4,3
30291081,4,3
30291082,4,4
30291084,4,4
30291089,4,4
30291092,4,4
30291162,4,4
30291210,4,2
30291341,4,3
30292086,4,3
30292246,4,4
30292249,4,4
30292258,4,4
30292260,4,4
30297800,4,4
30298145,4,4
30299699,4,2
30300000,4,4
30300029,4,4
30300759,4,4
30300793,4,4
30300796,4,4
30300800,4,4
30301290,4,4
30301427,4,4
30301515,4,4
30301518,4,3
30301539,4,4
30301605,4,4
30311175,4,4
30311176,4,4
30311430,4,3
30311433,4,4
30311851,4,4
30312152,4,4
30312364,4,4
30312402,4,4
30312432,4,4
30312743,4,4
30312887,4,4
30313007,4,4
30316395,4,4
30316409,4,4
30318276,4,4
30322402,4,4
30322487,4,3
30322559,4,4
30323162,4,4
30332899,4,4
30333420,4,4
30333423,4,4
30334089,4,4
30335162,4,4
30335201,4,4
30335207,4,4
30335215,4,4
30337403,4,4
30337917,4,4
30337934,4,4
30337939,4,4
30337944,4,4
30337947,4,4
30337967,4,4
30337971,4,4
30337980,4,4
30350475,4,4
30352180,4,4
30353743,4,4
30353745,4,4
30353749,4,4
30354182,4,3
30354193,4,4
30354492,4,4
30354538,4,4
30354716,4,4
30354907,4,4
30354981,4,4
30355004,4,4
30355010,4,3
30355133,4,4
30355193,4,4
30355307,4,4
30355368,4,4
30355404,4,4
30355410,4,4
30357238,4,4
30357734,4,4
30357978,4,4
30357984,4,4
30358699,4,4
30358772,4,4
30358778,4,4
30358792,4,4
30358794,4,4
30358973,4,4
30359071,4,4
30359625,4,3
30360903,4,4
30361062,4,4
30361063,4,4
30361453,4,3
30361764,4,2
30361826,4,4
30361833,4,4
30361848,4,4
30362066,4,4
30362101,4,4
30362363,4,3
30362395,4,4
30362398,4,4
30362404,4,3
30362492,4,4
30362758,4,4
30362874,4,4
30362925,4,4
30363377,4,4
30363498,4,4
30363503,4,4
30363523,4,4
30363677,4,4
30363687,4,4
30363697,4,4
30363748,4,4
30363780,4,4
30364266,4,3
30364300,4,4
30364371,4,4
30366250,4,4
30366263,4,4
30366559,4,4
30368168,4,4
30368170,4,4
30368171,4,4
30368172,4,4
30368183,4,4
30368184,4,4
30368196,4,4
30397235,4,4
30397366,4,4
30397483,4,4
30406195,4,3
30409153,4,4
30411507,4,4
30415793,4,4
30415818,4,3
30421867,4,4
30422505,4,4
30422932,4,4
30424157,4,4
30427610,4,4
30428693,4,4
30428873,4,4
30433774,4,4
30437249,4,4
30437845,4,4
30437848,4,4
30437968,4,4
30441441,4,3
30441846,4,4
30441866,4,4
30443612,4,4
30443641,4,4
30449046,4,4
30456259,4,3
30456916,4,4
30456917,4,4
30457175,4,4
30457177,4,4
30457206,4,4
30457621,4,3
30457728,4,4
30458040,4,4
30458325,4,4
30458443,4,4
30459059,4,4
30459183,4,4
30460429,4,4
30460431,4,4
30460433,4,4
30460439,4,2
30460570,4,4
30461028,4,4
30461269,4,4
30475377,4,4
30522039,4,4
30522072,4,4
30522736,4,4
30522753,4,4
30522761,4,4
30522801,4,4
30523031,4,4
30523154,4,4
30524200,4,4
30524230,4,4
30524231,4,2
30539445,4,3
30539453,4,3
30539647,4,4
30539749,4,4
30539850,4,4
30540625,4,4
30540642,4,4
30540660,4,4
30540888,4,4
30540928,4,4
30541199,4,4
30541200,4,4
30541427,4,3
30541697,4,4
30542306,4,4
30542419,4,4
30545437,4,4
30548875,4,4
30567211,4,4
30568345,4,3
30568616,4,4
30568621,4,3
30713253,4,4
30798865,4,4
30809575,4,4
30811846,4,4
30816594,4,3
30821089,4,4
30821712,4,4
30822379,4,4
30822835,4,3
30829593,4,4
30862675,4,4
30881073,4,4
30882163,4,4
30882367,4,4
30884105,4,4
30885880,4,4
30887995,4,4
30893906,4,4
30894655,4,4
30899102,4,4
30918196,4,3
30918200,4,4
30948138,4,3
30948725,4,4
95074726,4,4
95088107,4,2
95088185,4,3
95088373,4,4
20012113,3,3
20018016,3,3
20018504,3,3
20021320,3,3
20216382,3,3
20223496,3,2
20256678,3,3
20281809,3,3
20418625,3,3
20449087,3,3
20484064,3,3
20488253,3,2
20489021,3,3
20489045,3,3
20489106,3,3
20489175,3,3
20489182,3,3
20489229,3,3
20489298,3,3
20493820,3,3
20494360,3,3
20625535,3,3
20659639,3,3
20659677,3,3
20660154,3,3
20662547,3,3
20662851,3,3
20663094,3,3
20664183,3,3
20696870,3,3
20802110,3,3
20816377,3,3
20816575,3,1
20817077,3,3
20824075,3,3
20868680,3,3
20922658,3,3
20940690,3,3
20977269,3,2
20981242,3,3
21008672,3,3
21012068,3,3
21015441,3,3
21054891,3,3
21097010,3,3
21160158,3,3
21188176,3,3
21188244,3,3
21188305,3,3
21188312,3,3
21188541,3,3
21188879,3,3
21188916,3,3
21189104,3,3
21189647,3,3
21191398,3,3
21192326,3,3
21192357,3,3
21205583,3,2
21206351,3,3
21215520,3,3
21215544,3,3
21216749,3,3
21233043,3,3
21251146,3,3
21261503,3,3
21287367,3,3
21340109,3,3
21349072,3,3
21364846,3,3
21370915,3,2
21379062,3,2
21382604,3,3
21392108,3,3
21423130,3,3
21437816,3,3
21453076,3,3
21456862,3,3
21460708,3,3
21462016,3,3
21462146,3,2
21462436,3,3
21463457,3,3
21465932,3,3
21468001,3,3
21468032,3,3
21475214,3,3
21480676,3,3
21480843,3,3
21480850,3,3
21480867,3,3
21482106,3,3
21484612,3,3
21490491,3,3
21492518,3,2
21497889,3,2
21497940,3,3
21513435,3,2
21514128,3,3
21520020,3,3
21528125,3,3
21530890,3,3
21551062,3,3
21551093,3,3
21584701,3,3
21729461,3,3
21729492,3,3
21729911,3,3
21731051,3,3
21736056,3,2
21740176,3,3
21743566,3,3
21747021,3,3
21752452,3,3
21757563,3,3
21761843,3,3
21775536,3,3
21780455,3,3
23074767,3,3
23086432,3,2
23086708,3,3
23137561,3,2
23139107,3,3
23145108,3,3
23255487,3,3
23255661,3,3
23259850,3,3
23278813,3,3
23289093,3,3
23291348,3,2
23291621,3,3
23354852,3,3
23364486,3,3
23371194,3,2
23373419,3,2
23375536,3,3
23378827,3,3
23391017,3,3
23413108,3,3
23418486,3,3
23494619,3,3
23497801,3,3
23500136,3,3
23519725,3,3
23525610,3,3
23536098,3,3
23545878,3,3
23582163,3,3
23603561,3,3
23603578,3,3
23612389,3,2
23612617,3,3
23744943,3,2
23759534,3,3
23759725,3,3
23769717,3,3
23782709,3,3
23894167,3,3
23906396,3,3
23906556,3,3
23912342,3,3
23913721,3,3
23915633,3,2
23918542,3,3
23922990,3,3
23933637,3,3
23933699,3,3
23933767,3,3
23952270,3,3
23969827,3,3
23980006,3,3
23983588,3,2
23987173,3,3
23987180,3,3
23988002,3,2
23988415,3,3
23988545,3,3
23989191,3,3
23990739,3,3
23993181,3,3
24011709,3,3
24013062,3,3
24013727,3,3
24041393,3,3
24057288,3,3
24062923,3,3
24080880,3,3
24081092,3,2
24088411,3,3
24088428,3,2
24092159,3,3
24092364,3,2
24092388,3,3
24092395,3,3
24093408,3,3
24093835,3,3
24093972,3,2
24094788,3,3
24114936,3,3
24126939,3,3
24126984,3,3
24138000,3,3
24147026,3,3
24155151,3,3
24155175,3,3
24159487,3,3
24160247,3,3
24168342,3,3
24175685,3,3
24186230,3,1
24198172,3,3
24198493,3,3
24199353,3,3
24199407,3,3
24204392,3,3
24204835,3,2
24211949,3,3
24212779,3,3
24214285,3,3
24226967,3,3
24228824,3,2
24246095,3,3
24248037,3,3
24248877,3,3
24250993,3,3
24251532,3,3
24251600,3,3
24252140,3,3
24252188,3,3
24252263,3,3
24252720,3,3
24252737,3,3
24253116,3,3
24253383,3,3
24256049,3,3
24256070,3,3
24262187,3,1
24265324,3,3
24291026,3,3
24291064,3,3
24301121,3,3
24302593,3,1
24332255,3,2
24358521,3,2
24358682,3,3
24363778,3,3
24429993,3,3
24430029,3,2
24468671,3,3
24471688,3,3
24489379,3,3
24493512,3,3
24505055,3,3
24508827,3,3
24519014,3,3
24519038,3,3
24548076,3,3
24548229,3,3
24548359,3,3
24564687,3,1
24579124,3,3
24590372,3,3
24590464,3,3
24590471,3,3
24590532,3,3
24590631,3,2
24590655,3,2
24591584,3,3
24592734,3,3
24592802,3,2
24592819,3,3
24594240,3,3
24597364,3,3
24598057,3,3
24598194,3,3
24599405,3,3
24599535,3,3
24603126,3,3
24603669,3,3
24603911,3,3
24606592,3,3
24611664,3,3
24612500,3,3
24612890,3,3
24614313,3,3
24615020,3,2
24615143,3,3
24615631,3,3
24615723,3,3
24617277,3,3
24617352,3,3
24617369,3,3
24617758,3,3
24622431,3,2
24626286,3,3
24635189,3,3
24635813,3,3
24635943,3,3
24637657,3,3
24638012,3,2
24643078,3,3
24643351,3,3
24643795,3,3
24643849,3,3
24645065,3,3
24645102,3,3
24645232,3,3
24645768,3,1
24645966,3,3
24646116,3,2
24651035,3,3
24651639,3,3
24651646,3,2
24651653,3,3
24656634,3,3
24656740,3,3
24656795,3,3
24656801,3,3
24656917,3,3
24657075,3,3
24657969,3,3
24658249,3,3
24658263,3,3
24658379,3,3
24658652,3,3
24658805,3,3
24658881,3,3
24658935,3,3
24658973,3,2
24659116,3,3
24659123,3,2
24659185,3,3
24659994,3,3
24660594,3,3
24660648,3,3
24663762,3,3
24663861,3,2
24664158,3,3
24665711,3,2
24665964,3,3
24672108,3,2
24673525,3,3
24673563,3,3
24674256,3,3
24675468,3,3
24676106,3,3
24676243,3,3
24676250,3,3
24676342,3,3
24676366,3,3
24676373,3,3
24676380,3,3
24676489,3,3
24676595,3,2
24677509,3,3
24677646,3,3
24677851,3,3
24679428,3,3
24679572,3,3
24683708,3,3
24683777,3,3
24689625,3,3
24689731,3,3
24690423,3,3
24691789,3,3
24692793,3,3
24693011,3,3
24693103,3,2
24693264,3,3
24695503,3,3
24695688,3,3
24698757,3,3
24698870,3,3
24699570,3,3
24699686,3,3
24699969,3,3
24700191,3,3
24701037,3,3
24701075,3,2
24701228,3,3
24702676,3,3
24703147,3,3
24703932,3,3
24704229,3,2
24705172,3,3
24705189,3,3
24705295,3,3
24705448,3,3
24706186,3,3
24706490,3,2
24706841,3,2
24707145,3,2
24707558,3,3
24708135,3,3
24708548,3,2
24710374,3,3
24711005,3,2
24711876,3,3
24718998,3,3
24720878,3,2
24720953,3,2
24721196,3,3
24721547,3,1
24721646,3,3
24722070,3,3
24722247,3,3
24723237,3,3
24723312,3,3
24732314,3,2
24733007,3,2
24733144,3,2
24734011,3,3
24734288,3,3
24735049,3,3
24736282,3,3
24749619,3,3
24750967,3,3
24751568,3,3
24768054,3,3
24769112,3,3
24769501,3,3
24769693,3,3
24771320,3,3
24773492,3,3
24779227,3,3
24779289,3,3
24779326,3,3
24779425,3,3
24780100,3,3
24780971,3,2
24780988,3,3
24781275,3,2
24782241,3,3
24785082,3,3
24788496,3,3
24789295,3,3
24789301,3,3
24790420,3,3
24791038,3,3
24794428,3,3
24795814,3,3
24795944,3,2
24796194,3,2
24799201,3,3
24799218,3,3
24807340,3,3
24819985,3,2
24841672,3,3
24864190,3,3
24881470,3,3
24892476,3,2
24893046,3,3
24893053,3,3
24894296,3,3
24894388,3,3
24894685,3,3
24895477,3,3
24900430,3,2
24901093,3,3
24901161,3,3
24901185,3,2
24901352,3,3
24914246,3,3
24914253,3,3
24915021,3,3
24915205,3,3
24923439,3,3
24929509,3,3
24929691,3,3
24932387,3,2
24933124,3,3
24933971,3,3
24936262,3,3
24938037,3,3
24938983,3,3
24939072,3,3
24939621,3,3
24942676,3,3
24943239,3,3
25023923,3,3
25023930,3,3
25025156,3,3
25025170,3,3
25025613,3,3
25025644,3,3
25026955,3,3
25026962,3,2
25027310,3,3
25031256,3,3
25033946,3,3
25036138,3,2
25036459,3,3
25036688,3,3
25036695,3,3
25040050,3,3
25042375,3,3
25050455,3,3
25054026,3,3
25055337,3,1
25063295,3,3
25063547,3,3
25064100,3,3
25064476,3,3
25065183,3,3
25065275,3,3
25065305,3,3
25065381,3,2
25065534,3,3
25066098,3,3
25066364,3,3
25066401,3,3
25066425,3,3
25066463,3,3
25066678,3,3
25067347,3,3
25084672,3,3
25084696,3,3
25087666,3,3
25087932,3,3
25088373,3,3
25088601,3,3
25088724,3,3
25088861,3,3
25089080,3,3
25090413,3,3
25110142,3,3
25113440,3,3
25113457,3,3
25113464,3,3
25113471,3,3
25113501,3,3
25113914,3,3
25114959,3,3
25118018,3,3
25118247,3,1
25118285,3,3
25118513,3,3
25118698,3,3
25118728,3,3
25118810,3,3
25119046,3,2
25119138,3,3
25120776,3,3
25120981,3,3
25121001,3,3
25134704,3,3
25139280,3,3
25139396,3,3
25139716,3,3
25140859,3,2
25141269,3,3
25141399,3,3
25141801,3,3
25162950,3,3
25166132,3,3
25167627,3,3
25167733,3,3
25168532,3,3
25168945,3,2
25170634,3,3
25171808,3,3
25171891,3,3
25171907,3,3
25176483,3,3
25178159,3,3
25178371,3,2
25179828,3,3
25180268,3,3
25180282,3,3
25180374,3,3
25192001,3,3
25192025,3,3
25192056,3,3
25208184,3,3
25213041,3,3
25253610,3,3
25266443,3,3
25280364,3,3
25280388,3,3
25285574,3,3
25286052,3,3
25286373,3,2
25286465,3,3
25289503,3,3
25289671,3,3
25290219,3,3
25290233,3,3
25308129,3,3
25308136,3,3
25308143,3,3
25308167,3,3
25311693,3,2
25312003,3,2
25313055,3,3
25318494,3,3
25318623,3,3
25358728,3,3
25362657,3,3
25365283,3,3
25365887,3,3
25378023,3,3
25381863,3,3
25382594,3,3
25382709,3,3
25383232,3,3
25384697,3,3
25387841,3,3
25389920,3,3
25395969,3,3
25397253,3,3
25397314,3,2
25398687,3,2
25398786,3,3
25398793,3,3
25398816,3,3
25399158,3,2
25399943,3,3
25399967,3,3
25400120,3,2
25400434,3,3
25401707,3,3
25401714,3,3
25402353,3,3
25402735,3,3
25403695,3,2
25405330,3,3
25406245,3,3
25408713,3,3
25408720,3,2
25409888,3,3
25421842,3,2
25421897,3,3
25438291,3,3
25468267,3,3
25489422,3,3
25510348,3,3
25511307,3,3
25549263,3,3
25549669,3,3
25549850,3,3
25550559,3,3
25550597,3,3
25550788,3,3
25551266,3,2
25552485,3,3
25552522,3,3
25552720,3,3
25552737,3,3
25553550,3,3
25573213,3,3
25573473,3,3
25576016,3,3
25576115,3,3
25577099,3,3
25577129,3,3
25577648,3,2
25593983,3,3
25594072,3,3
25624250,3,3
25659061,3,3
25659818,3,3
25659924,3,3
25660135,3,3
25660678,3,2
25660685,3,3
25660708,3,3
25661323,3,3
25661873,3,3
25662191,3,3
25663013,3,3
25663280,3,3
25663556,3,3
25667813,3,3
25675771,3,3
25682021,3,3
25684438,3,3
25685657,3,3
25686159,3,3
25686173,3,3
25686500,3,3
25693621,3,3
25704013,3,3
25704143,3,3
25704433,3,2
25706048,3,3
25714173,3,3
25716764,3,3
25717228,3,3
25717624,3,3
25719437,3,3
25721980,3,3
25722468,3,3
25723656,3,3
25724646,3,3
25725681,3,2
25730524,3,3
25733990,3,3
25734409,3,3
25735925,3,3
25736953,3,3
25737462,3,3
25744729,3,3
25745528,3,2
25745535,3,3
25748666,3,3
25750096,3,3
25751970,3,2
25752205,3,3
25753394,3,3
25755213,3,3
25755350,3,3
25755701,3,3
25756166,3,3
25757446,3,3
25759990,3,3
25762129,3,3
25770964,3,3
25771558,3,3
25773262,3,3
25773279,3,3
25773996,3,3
25774184,3,2
25776577,3,3
25776652,3,3
25778793,3,3
25778854,3,3
25802023,3,3
25802801,3,3
25811278,3,3
25811971,3,3
25812732,3,3
25812749,3,2
25814675,3,3
25814866,3,3
25820041,3,3
25844870,3,2
25847963,3,3
25851694,3,3
25858501,3,3
25858532,3,3
25858648,3,3
25858662,3,3
25909135,3,3
25915310,3,3
25915495,3,3
25915570,3,2
25917093,3,1
25921243,3,3
25933758,3,3
25934328,3,3
25936308,3,3
25936896,3,3
25936971,3,2
25952018,3,1
25955040,3,3
25955101,3,3
25955200,3,3
25958058,3,3
25958553,3,3
25958584,3,3
25959161,3,3
25959192,3,3
25959284,3,3
25960891,3,3
25962413,3,3
25964608,3,3
25964646,3,3
25968842,3,3
25968989,3,3
25971934,3,3
25980288,3,2
25983647,3,3
25992762,3,3
25999068,3,3
25999488,3,3
26000787,3,3
26000794,3,3
26012896,3,3
26021249,3,3
26021461,3,3
26046129,3,3
26052083,3,3
26052168,3,3
26052243,3,3
26055480,3,2
26056579,3,3
26061863,3,3
26069586,3,3
26069654,3,3
26070209,3,3
26071718,3,3
26074344,3,3
26074917,3,3
26074962,3,3
26075204,3,3
26075266,3,3
26075396,3,3
26075518,3,3
26075617,3,3
26075648,3,3
26118031,3,3
26129730,3,3
26147345,3,3
26247724,3,2
26251103,3,3
26253336,3,3
26253367,3,3
26254524,3,3
26257778,3,2
26266732,3,3
26277332,3,3
26297675,3,3
26328157,3,2
26338316,3,3
26338927,3,3
26348032,3,3
26349084,3,3
26350554,3,3
26351551,3,3
26351728,3,3
26357072,3,3
26360997,3,2
26361017,3,3
26367392,3,3
26368108,3,1
26375250,3,3
26376769,3,1
26388892,3,3
26405636,3,3
26406954,3,3
26407098,3,3
26427164,3,3
26427201,3,2
26430355,3,3
26432823,3,3
26432847,3,3
26435930,3,3
26442761,3,3
26443461,3,2
26443546,3,3
26475585,3,2
26476759,3,3
26477992,3,3
26478609,3,3
26478678,3,3
26501352,3,3
26505404,3,3
26505619,3,3
26506289,3,3
26510774,3,3
26511641,3,3
26511726,3,3
26516639,3,3
26526058,3,3
26553801,3,3
26559339,3,3
26562551,3,3
26563596,3,3
26569444,3,2
26569512,3,3
26569550,3,3
26585505,3,3
26586588,3,3
26590172,3,3
26591803,3,3
26607221,3,2
26624495,3,3
26627199,3,3
26627205,3,3
26637396,3,3
26666143,3,3
26666280,3,3
26667096,3,3
26667461,3,3
26668024,3,3
26668055,3,3
26673912,3,2
26678405,3,3
26680354,3,3
26681795,3,3
26690087,3,2
26714868,3,3
26715919,3,3
26773537,3,3
26779089,3,3
26781020,3,3
26784755,3,3
26807140,3,3
26823980,3,3
26824048,3,3
26827841,3,3
26830865,3,3
26832623,3,1
26832715,3,3
26833217,3,3
26834924,3,3
26836591,3,3
26836690,3,3
26837451,3,3
26842745,3,3
26842899,3,3
26843933,3,2
26844558,3,3
26850627,3,1
26850641,3,1
26856193,3,3
26860084,3,3
26864792,3,3
26868431,3,3
26869391,3,3
26870069,3,3
26870076,3,2
26870830,3,2
26870915,3,1
26934983,3,3
26937571,3,2
26945781,3,3
26952413,3,3
26997490,3,3
27008874,3,3
27013656,3,2
27057506,3,2
27062548,3,3
27066164,3,3
27066362,3,3
27074480,3,3
27124932,3,3
27129302,3,3
27133422,3,3
27154236,3,3
27154397,3,3
27163290,3,3
27169018,3,3
27190012,3,2
27192375,3,2
27197875,3,3
27203385,3,3
27219652,3,3
27221952,3,3
27222836,3,3
27223109,3,3
27224090,3,2
27224205,3,3
27226407,3,3
27235799,3,3
27238325,3,3
27238400,3,3
27239940,3,3
27251362,3,3
27254646,3,3
27255360,3,3
27259290,3,3
27274019,3,3
27274101,3,3
27442531,3,3
27442913,3,3
27511749,3,3
27511893,3,3
27512494,3,3
27512548,3,3
27512555,3,2
27512630,3,2
27512838,3,3
27513934,3,3
27520406,3,3
27520413,3,3
27522127,3,3
27545973,3,3
27547502,3,3
27547847,3,3
27548332,3,3
27548349,3,3
27552032,3,3
27552100,3,2
27589298,3,3
27589311,3,3
27592359,3,3
27599327,3,2
27599709,3,3
27600023,3,3
27601501,3,3
27611180,3,2
27625170,3,3
27626863,3,3
27627945,3,2
27631065,3,2
27631973,3,3
27642986,3,3
27643051,3,2
27646601,3,3
27651148,3,3
27656242,3,3
27660317,3,3
27666661,3,3
27666883,3,3
27667484,3,3
27667811,3,3
27667972,3,3
27668061,3,2
27668184,3,3
27668696,3,2
27669778,3,3
27670842,3,2
27672433,3,2
27680971,3,3
27684320,3,3
27684481,3,3
27699690,3,2
27711910,3,3
27729557,3,3
27735374,3,2
27736838,3,3
27744031,3,3
27756874,3,3
27756898,3,3
27757055,3,3
27764077,3,3
27775530,3,3
27785232,3,3
27785300,3,3
27785317,3,3
27785546,3,3
27785768,3,2
27788271,3,3
27789698,3,3
27789711,3,3
27791462,3,3
27796665,3,3
27796733,3,3
27796740,3,3
27796863,3,3
27797624,3,3
27801123,3,3
27809754,3,3
27809792,3,3
27811795,3,3
27811801,3,3
27814895,3,3
27841310,3,3
27842171,3,3
27842300,3,3
27842904,3,3
27847657,3,2
27852934,3,3
27852965,3,3
27856208,3,3
27856246,3,3
27856321,3,2
27857496,3,3
27859056,3,3
27859599,3,3
27859872,3,3
27868126,3,3
27868973,3,3
27881873,3,3
27881880,3,3
27882023,3,3
27882061,3,3
27882085,3,3
27883792,3,3
27883808,3,3
27908679,3,3
27909041,3,3
27911723,3,3
27911754,3,3
27914267,3,3
27916605,3,2
27916636,3,3
27917251,3,3
27917268,3,3
27924945,3,3
27943304,3,3
27943984,3,3
27944042,3,3
27944721,3,3
27944899,3,3
27947654,3,3
27951378,3,3
27951439,3,3
27963814,3,3
27964811,3,2
27971727,3,3
27999066,3,3
28017899,3,3
28018100,3,3
28018193,3,3
28023241,3,3
28024361,3,1
28143574,3,3
28143710,3,3
28144199,3,3
28240204,3,3
28243656,3,3
28254454,3,3
28260868,3,3
28267928,3,3
28268185,3,3
28276326,3,2
28288909,3,3
28502012,3,3
28502029,3,3
28505792,3,3
28507475,3,3
28509608,3,3
28509615,3,3
28509738,3,3
28513292,3,3
28587255,3,3
28587422,3,3
28615026,3,3
28684794,3,3
28688020,3,3
28698128,3,3
28724773,3,3
28745020,3,3
28802952,3,3
28836148,3,3
28852605,3,3
28852858,3,3
28853237,3,3
28872085,3,3
28873471,3,3
28876809,3,3
28877011,3,3
28877561,3,3
28887409,3,3
28889328,3,3
28889885,3,3
28890638,3,3
28890676,3,3
28892427,3,3
28893332,3,3
28898832,3,3
28901631,3,3
28909989,3,3
28925606,3,3
28926122,3,3
28926375,3,3
28926658,3,3
28928744,3,3
28929246,3,3
28929390,3,3
28938231,3,3
28941187,3,3
28955863,3,3
28956495,3,2
28978817,3,3
28987765,3,3
28987789,3,3
29013128,3,3
29021444,3,3
29025473,3,3
29029419,3,3
29029440,3,3
29029488,3,3
29029501,3,3
29043453,3,2
29064632,3,3
29064908,3,3
29068289,3,3
29072262,3,3
29076208,3,2
29076246,3,3
29083480,3,3
29090730,3,2
29091867,3,2
29091874,3,3
29129324,3,3
29184019,3,3
29185092,3,2
29185252,3,3
29185771,3,3
29248827,3,3
29253746,3,3
29254057,3,3
29254088,3,3
29254095,3,3
29254101,3,3
29254613,3,3
29254736,3,3
29256006,3,3
29256563,3,2
29272945,3,3
29273454,3,3
29274291,3,3
29294084,3,3
29294107,3,3
29294121,3,3
29294640,3,3
29294657,3,3
29296095,3,3
29296590,3,3
29296620,3,3
29296781,3,3
29298211,3,3
29298815,3,3
29303014,3,3
29303205,3,3
29316168,3,3
29319084,3,3
29319510,3,3
29320233,3,3
29320271,3,3
29320349,3,3
29352043,3,3
29352609,3,3
29354252,3,3
29375189,3,3
29376261,3,3
29389315,3,3
30000591,3,3
30002030,3,3
30003608,3,1
30004889,3,3
30005046,3,3
30005058,3,3
30005065,3,3
30005077,3,3
30005087,3,2
30005267,3,3
30006659,3,2
30006686,3,2
30006692,3,3
30007049,3,3
30008297,3,2
30008380,3,3
30009385,3,2
30009951,3,3
30009954,3,3
30010853,3,3
30010929,3,3
30010931,3,3
30011372,3,2
30015310,3,3
30015311,3,3
30017507,3,3
30017757,3,3
30017758,3,3
30017834,3,3
30018380,3,3
30019349,3,3
30019579,3,3
30020652,3,3
30021020,3,3
30021047,3,2
30021079,3,3
30021119,3,3
30021192,3,2
30021195,3,3
30021207,3,3
30021232,3,3
30021703,3,3
30021706,3,3
30022163,3,3
30022333,3,3
30022334,3,3
30022347,3,3
30022348,3,3
30023919,3,3
30024305,3,3
30025093,3,3
30025421,3,3
30026731,3,3
30026979,3,2
30028165,3,3
30028178,3,3
30028207,3,3
30028217,3,3
30028544,3,3
30028547,3,3
30028594,3,3
30035275,3,3
30037564,3,3
30038164,3,3
30038950,3,3
30038960,3,3
30038971,3,3
30039004,3,3
30039066,3,2
30039132,3,3
30039494,3,3
30039685,3,3
30039710,3,3
30039714,3,3
30039792,3,3
30040145,3,3
30042325,3,2
30042370,3,3
30042394,3,3
30042467,3,3
30042909,3,3
30042940,3,3
30042999,3,3
30043129,3,3
30043521,3,3
30043851,3,3
30043929,3,3
30043965,3,3
30043974,3,3
30043975,3,2
30044346,3,3
30044492,3,3
30044692,3,3
30044780,3,3
30044790,3,2
30051958,3,3
30051991,3,3
30051997,3,3
30052038,3,1
30052089,3,3
30052120,3,3
30052168,3,3
30052487,3,3
30052568,3,3
30052831,3,3
30053067,3,3
30053280,3,3
30053295,3,3
30055385,3,3
30055445,3,3
30055489,3,3
30055579,3,3
30055582,3,3
30055583,3,3
30055777,3,3
30056088,3,3
30056094,3,3
30056276,3,3
30056377,3,3
30056399,3,3
30056407,3,3
30056524,3,3
30056533,3,3
30056535,3,3
30056583,3,3
30056604,3,3
30056727,3,3
30056731,3,3
30063526,3,3
30063657,3,2
30064259,3,3
30064773,3,3
30064787,3,2
30064830,3,3
30064836,3,3
30065063,3,3
30065296,3,2
30065343,3,3
30065539,3,3
30065689,3,3
30065742,3,3
30065758,3,3
30065873,3,3
30065879,3,3
30065929,3,3
30065949,3,3
30066001,3,3
30066038,3,3
30066100,3,3
30066117,3,3
30066284,3,3
30066360,3,2
30066377,3,3
30066425,3,3
30066432,3,2
30066446,3,3
30066517,3,3
30066699,3,3
30070474,3,3
30070654,3,1
30070664,3,3
30070669,3,3
30070682,3,3
30070710,3,3
30070715,3,3
30070739,3,3
30070806,3,3
30070836,3,3
30070858,3,3
30070874,3,3
30070930,3,3
30070955,3,3
30070976,3,3
30071114,3,3
30071704,3,3
30071812,3,2
30071819,3,3
30071823,3,3
30071824,3,3
30072020,3,3
30072105,3,1
30072143,3,3
30072145,3,3
30072146,3,3
30072423,3,3
30072436,3,3
30072552,3,2
30072751,3,3
30072852,3,3
30072860,3,3
30072869,3,3
30072916,3,3
30072923,3,3
30073240,3,3
30078804,3,3
30078882,3,3
30078966,3,3
30079219,3,3
30079259,3,3
30079792,3,3
30079793,3,3
30080330,3,2
30080379,3,3
30081956,3,3
30082099,3,3
30082104,3,3
30082178,3,3
30082785,3,3
30082787,3,3
30082789,3,3
30083003,3,3
30088008,3,3
30088009,3,3
30088010,3,3
30088011,3,3
30089165,3,3
30090218,3,3
30090551,3,3
30090845,3,3
30091732,3,2
30091796,3,3
30100839,3,3
30100858,3,3
30103540,3,3
30103543,3,3
30103550,3,3
30103735,3,3
30103737,3,3
30104680,3,3
30105647,3,3
30105655,3,3
30105706,3,3
30107702,3,3
30107913,3,2
30107925,3,3
30108430,3,2
30113393,3,3
30113394,3,2
30113505,3,2
30113675,3,3
30115456,3,3
30117265,3,3
30117422,3,3
30118917,3,3
30119778,3,2
30119803,3,3
30120597,3,3
30121650,3,3
30121875,3,3
30123313,3,3
30126822,3,3
30126977,3,3
30127086,3,3
30127098,3,3
30139704,3,3
30139714,3,3
30140127,3,3
30140263,3,3
30140270,3,3
30140505,3,3
30140524,3,3
30140692,3,3
30142909,3,3
30143001,3,3
30144276,3,2
30144328,3,3
30146547,3,3
30157327,3,3
30157487,3,3
30157504,3,3
30160410,3,3
30160958,3,3
30161269,3,3
30161271,3,3
30161546,3,3
30162904,3,2
30162905,3,3
30162940,3,3
30163054,3,3
30163114,3,3
30164604,3,3
30165091,3,3
30165997,3,3
30166015,3,3
30166021,3,2
30166039,3,3
30166045,3,3
30166046,3,3
30166050,3,3
30166368,3,3
30168204,3,2
30168485,3,3
30168824,3,3
30168827,3,3
30168840,3,3
30168843,3,3
30168864,3,3
30168866,3,3
30169631,3,3
30169634,3,3
30169638,3,3
30169685,3,3
30169702,3,3
30169705,3,3
30169735,3,3
30169736,3,3
30169739,3,3
30169740,3,3
30169748,3,3
30169753,3,3
30169759,3,2
30169790,3,3
30170043,3,3
30170077,3,3
30170086,3,3
30170094,3,3
30170133,3,3
30170141,3,3
30170186,3,3
30170195,3,3
30170225,3,3
30170244,3,3
30170268,3,2
30170271,3,3
30170354,3,3
30170362,3,3
30170398,3,3
30170456,3,3
30170491,3,3
30170500,3,3
30170629,3,3
30170633,3,3
30170924,3,3
30170928,3,3
30170944,3,3
30170960,3,2
30170962,3,3
30170970,3,3
30171149,3,3
30171160,3,3
30175727,3,2
30176803,3,3
30177771,3,3
30177847,3,2
30177971,3,3
30178032,3,3
30178074,3,3
30178077,3,3
30178112,3,3
30178123,3,2
30178133,3,3
30178168,3,3
30178232,3,3
30179062,3,3
30179063,3,3
30179642,3,3
30181504,3,3
30182313,3,3
30182329,3,3
30183176,3,3
30184384,3,3
30184428,3,3
30185447,3,3
30212371,3,3
30212696,3,2
30213164,3,3
30213446,3,3
30213485,3,3
30213487,3,3
30213504,3,3
30213508,3,3
30213530,3,3
30213554,3,3
30213635,3,3
30213754,3,3
30214015,3,3
30214330,3,2
30214716,3,3
30216161,3,2
30222418,3,3
30222455,3,3
30222532,3,3
30223634,3,3
30223643,3,2
30223842,3,3
30223855,3,3
30223980,3,3
30224002,3,3
30230386,3,3
30231458,3,2
30231466,3,3
30231486,3,3
30231581,3,3
30231849,3,3
30233339,3,3
30233415,3,2
30234574,3,3
30235213,3,3
30235507,3,3
30235521,3,3
30236228,3,3
30236640,3,3
30236647,3,3
30236669,3,3
30236676,3,3
30236680,3,3
30236775,3,3
30236799,3,3
30237323,3,3
30237474,3,2
30238379,3,3
30238464,3,3
30238651,3,3
30238704,3,2
30239483,3,3
30240503,3,3
30240530,3,3
30240566,3,3
30241780,3,3
30242284,3,3
30242299,3,3
30246037,3,3
30246099,3,3
30262586,3,3
30263057,3,2
30263074,3,3
30263085,3,3
30263102,3,3
30263120,3,3
30263133,3,3
30263229,3,3
30263237,3,3
30263670,3,3
30263877,3,3
30263883,3,3
30264553,3,3
30264563,3,2
30264991,3,3
30266660,3,3
30266663,3,2
30267255,3,3
30267375,3,3
30267394,3,3
30267409,3,3
30267529,3,3
30267534,3,3
30267548,3,3
30267550,3,3
30267573,3,3
30267591,3,3
30267696,3,3
30267768,3,3
30267855,3,3
30268122,3,3
30268173,3,3
30268211,3,3
30268261,3,3
30268629,3,3
30268936,3,2
30269368,3,3
30276442,3,3
30276453,3,3
30276508,3,3
30276891,3,3
30282910,3,3
30282920,3,3
30283625,3,3
30283633,3,3
30283638,3,2
30283830,3,3
30283936,3,3
30284006,3,3
30284080,3,3
30284330,3,3
30284374,3,3
30284378,3,2
30284382,3,3
30284452,3,3
30284539,3,3
30284541,3,3
30284544,3,3
30284566,3,3
30284631,3,3
30284644,3,3
30285521,3,3
30285872,3,3
30285900,3,3
30285963,3,1
30285972,3,3
30286199,3,3
30286210,3,2
30286303,3,3
30286354,3,3
30286355,3,3
30287145,3,3
30287146,3,3
30287157,3,1
30287200,3,3
30287221,3,3
30287308,3,3
30287460,3,3
30287461,3,3
30287468,3,2
30287472,3,3
30287788,3,3
30287791,3,3
30287794,3,3
30287797,3,3
30287831,3,3
30287833,3,3
30288076,3,3
30288223,3,3
30288336,3,3
30288339,3,3
30288359,3,3
30288378,3,3
30288382,3,3
30288442,3,3
30290638,3,3
30290672,3,3
30290678,3,3
30290707,3,3
30290717,3,3
30290750,3,3
30290753,3,3
30291054,3,3
30291078,3,3
30291097,3,3
30291168,3,3
30291214,3,3
30291319,3,2
30291328,3,3
30291397,3,3
30291790,3,1
30291805,3,2
30292063,3,3
30292079,3,3
30292095,3,3
30292183,3,3
30292245,3,3
30292257,3,3
30292270,3,3
30292271,3,3
30292419,3,3
30297712,3,3
30298133,3,3
30299143,3,3
30299324,3,3
30299608,3,3
30299609,3,3
30299685,3,3
30299981,3,3
30299983,3,3
30299987,3,3
30299998,3,2
30300017,3,3
30300711,3,3
30300779,3,3
30300782,3,3
30300783,3,3
30300784,3,3
30300786,3,3
30300795,3,3
30300798,3,3
30300833,3,2
30300925,3,2
30301289,3,3
30301313,3,3
30301314,3,3
30301489,3,3
30301491,3,3
30301513,3,3
30301517,3,3
30301526,3,2
30301527,3,3
30311181,3,2
30311258,3,3
30311429,3,3
30311431,3,3
30311576,3,3
30311803,3,2
30311820,3,3
30311857,3,3
30312384,3,3
30312414,3,3
30312428,3,3
30312444,3,3
30312445,3,3
30312542,3,3
30312554,3,3
30312564,3,3
30312780,3,3
30312802,3,3
30312878,3,3
30312989,3,3
30313003,3,3
30313019,3,3
30313145,3,3
30313383,3,2
30313519,3,3
30313772,3,3
30313773,3,3
30313797,3,3
30313830,3,3
30313924,3,2
30314982,3,3
30316300,3,3
30316310,3,3
30316314,3,3
30316367,3,3
30316429,3,3
30316434,3,3
30322423,3,3
30322569,3,3
30323062,3,3
30323066,3,3
30323086,3,3
30323089,3,3
30323496,3,3
30323611,3,3
30323911,3,3
30324524,3,3
30327812,3,2
30333418,3,3
30333421,3,3
30333801,3,3
30333802,3,3
30334199,3,3
30334237,3,3
30334943,3,3
30335164,3,3
30335506,3,3
30337325,3,3
30337421,3,3
30337643,3,3
30337937,3,3
30337941,3,3
30337945,3,3
30337995,3,3
30338020,3,3
30338499,3,3
30338503,3,3
30350402,3,3
30350473,3,3
30350476,3,2
30350477,3,3
30353154,3,3
30353469,3,3
30353741,3,3
30353744,3,3
30353748,3,3
30354134,3,3
30354151,3,2
30354183,3,3
30354493,3,3
30354517,3,3
30354518,3,3
30354519,3,3
30354540,3,3
30354918,3,3
30354919,3,3
30354922,3,3
30354933,3,3
30354939,3,3
30354940,3,3
30354952,3,3
30354984,3,3
30354992,3,3
30355008,3,3
30355009,3,3
30355028,3,3
30355042,3,3
30355107,3,3
30355132,3,3
30355240,3,2
30355246,3,3
30355251,3,3
30355260,3,3
30355279,3,3
30355310,3,3
30355351,3,3
30355359,3,3
30355369,3,2
30355386,3,2
30355400,3,3
30355667,3,3
30356111,3,3
30357702,3,3
30357928,3,3
30357998,3,3
30358010,3,3
30358614,3,3
30358756,3,3
30358782,3,2
30358783,3,3
30358789,3,3
30358793,3,3
30359626,3,3
30360622,3,3
30360623,3,3
30360645,3,3
30360793,3,3
30360815,3,3
30360836,3,3
30360899,3,3
30361015,3,3
30361024,3,3
30361090,3,3
30361173,3,3
30361283,3,2
30361355,3,3
30361356,3,3
30361486,3,2
30361706,3,3
30361744,3,3
30361760,3,3
30361827,3,3
30361834,3,3
30361846,3,3
30361850,3,3
30361898,3,2
30361908,3,3
30361911,3,3
30361923,3,3
30361936,3,3
30361976,3,2
30361979,3,3
30361992,3,3
30362000,3,3
30362020,3,3
30362037,3,3
30362053,3,3
30362065,3,3
30362067,3,3
30362090,3,3
30362264,3,2
30362267,3,3
30362396,3,3
30362456,3,3
30362530,3,3
30362716,3,2
30362718,3,3
30362878,3,3
30362880,3,3
30362962,3,3
30362964,3,3
30363000,3,3
30363013,3,3
30363354,3,3
30363370,3,3
30363374,3,3
30363521,3,2
30363658,3,3
30363669,3,3
30363674,3,3
30363683,3,3
30363685,3,3
30363701,3,3
30363734,3,3
30363736,3,2
30363738,3,2
30363777,3,3
30363860,3,3
30363878,3,3
30363920,3,3
30364301,3,3
30364305,3,3
30364321,3,2
30364327,3,2
30364352,3,3
30366265,3,3
30366266,3,3
30366273,3,3
30368169,3,3
30368173,3,3
30368181,3,3
30368186,3,2
30368199,3,3
30389827,3,3
30394629,3,3
30395010,3,1
30395018,3,2
30395030,3,3
30396406,3,3
30396699,3,3
30396700,3,3
30397105,3,3
30397129,3,3
30397194,3,2
30397234,3,3
30397477,3,3
30397616,3,3
30406196,3,3
30409104,3,2
30409147,3,3
30409154,3,3
30409156,3,3
30409355,3,3
30409442,3,3
30410296,3,3
30410955,3,3
30411506,3,3
30411690,3,2
30415708,3,3
30419534,3,3
30420027,3,3
30420184,3,3
30422438,3,3
30427584,3,3
30428704,3,3
30428744,3,2
30428824,3,3
30428886,3,3
30433080,3,3
30433143,3,3
30433240,3,3
30433333,3,3
30434628,3,3
30435403,3,2
30435534,3,3
30436119,3,3
30437233,3,3
30437239,3,3
30437271,3,3
30437847,3,3
30437887,3,3
30438297,3,3
30438325,3,3
30438779,3,3
30440128,3,3
30441653,3,3
30441675,3,2
30441862,3,3
30441863,3,3
30442010,3,3
30443204,3,3
30443642,3,3
30452123,3,2
30452285,3,3
30453995,3,3
30456234,3,3
30456243,3,3
30456262,3,2
30456365,3,3
30456387,3,3
30456756,3,3
30457654,3,2
30457687,3,3
30457702,3,3
30457919,3,3
30457941,3,3
30457984,3,3
30458048,3,3
30458260,3,3
30458326,3,1
30458469,3,3
30458656,3,3
30458884,3,3
30459141,3,3
30459158,3,3
30459342,3,3
30460035,3,3
30460036,3,3
30460102,3,3
30460103,3,3
30460434,3,3
30460520,3,3
30461056,3,3
30461176,3,3
30522047,3,3
30522070,3,3
30522073,3,3
30522157,3,3
30522456,3,3
30522458,3,3
30522473,3,3
30522544,3,2
30523032,3,3
30523035,3,3
30523172,3,3
30523380,3,2
30523539,3,3
30523864,3,3
30523883,3,3
30524029,3,3
30524058,3,3
30524068,3,2
30524145,3,3
30524161,3,3
30524168,3,2
30524172,3,2
30524189,3,3
30524194,3,2
30524196,3,3
30524232,3,3
30539439,3,3
30539440,3,3
30539498,3,3
30539715,3,3
30539771,3,2
30539851,3,3
30540637,3,2
30540802,3,1
30541204,3,3
30541310,3,3
30542239,3,1
30542407,3,3
30543787,3,3
30544725,3,3
30544979,3,2
30545424,3,3
30545438,3,3
30545570,3,3
30547969,3,3
30553803,3,3
30553835,3,3
30567071,3,3
30567210,3,3
30567511,3,3
30567797,3,2
30567804,3,3
30568366,3,2
30578540,3,3
30809414,3,3
30809417,3,3
30809424,3,3
30809585,3,3
30810586,3,3
30810697,3,3
30815189,3,3
30815203,3,2
30816695,3,2
30821088,3,3
30821130,3,3
30821739,3,3
30822172,3,3
30825143,3,3
30829697,3,3
30829700,3,3
30862649,3,3
30862666,3,3
30862671,3,3
30863616,3,3
30863621,3,3
30871108,3,3
30880763,3,3
30881924,3,3
30882369,3,3
30884023,3,3
30884103,3,3
30893962,3,2
30901037,3,3
30903785,3,3
30924712,3,1
30948724,3,1
95000085,3,1
95068971,3,2
95073669,3,3
95074269,3,1
95076306,3,3
95088151,3,3
95088306,3,2
95088415,3,3
95088416,3,2
95088431,3,3
95088484,3,2
95088492,3,1
95088534,3,3
95088560,3,2
20015206,2,2
20016470,2,2
20016487,2,2
20016494,2,2
20018405,2,2
20020897,2,2
20021788,2,2
20022204,2,2
20023133,2,2
20026592,2,2
20211967,2,2
20215064,2,2
20215736,2,2
20215835,2,2
20216368,2,2
20216375,2,2
20220839,2,2
20221027,2,2
20222277,2,1
20222284,2,2
20222307,2,2
20222543,2,2
20224059,2,2
20239480,2,2
20243395,2,2
20256425,2,2
20256845,2,2
20261139,2,2
20261610,2,2
20264888,2,2
20265977,2,2
20267452,2,2
20267575,2,2
20268442,2,2
20268725,2,2
20281816,2,2
20290504,2,1
20294793,2,2
20294816,2,2
20418823,2,2
20482480,2,2
20488932,2,2
20489113,2,2
20489168,2,2
20489335,2,2
20489359,2,2
20489410,2,2
20493578,2,2
20494353,2,2
20536824,2,2
20554293,2,1
20611835,2,2
20646691,2,2
20648213,2,2
20659059,2,2
20659714,2,2
20660048,2,1
20660451,2,2
20662325,2,2
20662332,2,2
20662349,2,2
20662684,2,2
20662691,2,2
20689155,2,2
20784829,2,2
20792794,2,2
20801854,2,2
20802509,2,2
20802653,2,2
20802837,2,2
20816933,2,2
20820527,2,2
20832926,2,2
20851583,2,2
20851606,2,2
20851644,2,2
20851743,2,2
20851958,2,2
20858964,2,2
20859251,2,2
20869694,2,2
20869762,2,2
20882327,2,2
20889999,2,2
20892296,2,1
20894436,2,2
20919849,2,2
20920296,2,2
20921286,2,2
20924829,2,1
20931926,2,2
20933852,2,2
20934521,2,2
20934675,2,2
20934866,2,2
20969141,2,2
20979539,2,2
20981006,2,2
20995874,2,2
21004292,2,2
21008290,2,1
21014635,2,2
21014697,2,2
21015526,2,2
21038839,2,2
21038853,2,2
21104619,2,2
21115349,2,2
21115691,2,1
21131288,2,2
21131554,2,2
21156465,2,2
21170218,2,2
21180033,2,2
21187995,2,2
21188046,2,1
21188169,2,2
21188213,2,2
21188220,2,1
21188329,2,2
21188350,2,2
21188732,2,2
21188756,2,2
21189005,2,2
21189111,2,1
21189135,2,2
21189388,2,2
21189524,2,2
21189685,2,1
21191305,2,2
21192395,2,2
21192753,2,2
21192791,2,2
21194504,2,2
21198335,2,2
21198465,2,2
21201530,2,2
21201554,2,2
21201622,2,2
21207914,2,2
21208614,2,2
21208690,2,2
21209475,2,1
21215148,2,2
21216800,2,2
21219436,2,1
21227400,2,2
21231537,2,2
21233029,2,2
21242977,2,2
21249679,2,2
21249808,2,2
21249853,2,2
21249877,2,2
21252501,2,2
21287374,2,2
21287398,2,2
21288661,2,1
21295980,2,2
21297519,2,2
21331046,2,1
21331060,2,2
21339653,2,2
21349102,2,2
21364594,2,2
21366116,2,2
21379055,2,1
21382321,2,2
21382345,2,2
21382642,2,2
21384745,2,2
21386152,2,1
21387814,2,2
21395352,2,2
21409950,2,2
21410185,2,2
21412837,2,2
21413155,2,2
21419065,2,2
21421983,2,2
21423963,2,2
21435027,2,2
21435645,2,2
21436178,2,2
21442827,2,2
21448782,2,2
21453199,2,2
21453823,2,2
21456251,2,2
21456411,2,2
21459320,2,2
21459412,2,2
21460784,2,2
21460968,2,2
21461170,2,2
21461460,2,2
21461545,2,2
21461552,2,2
21461972,2,2
21462054,2,2
21462139,2,2
21462221,2,2
21462306,2,2
21463945,2,2
21464195,2,2
21467806,2,2
21475191,2,2
21484544,2,2
21497810,2,2
21499241,2,2
21500428,2,2
21501463,2,2
21502224,2,2
21507182,2,1
21507366,2,2
21508417,2,2
21509117,2,1
21509148,2,2
21514890,2,2
21514913,2,2
21514920,2,2
21514951,2,2
21519505,2,2
21519741,2,2
21520112,2,1
21520204,2,2
21520334,2,2
21551079,2,2
21551086,2,2
21552885,2,2
21559754,2,2
21563041,2,2
21569241,2,2
21583193,2,2
21588099,2,2
21588549,2,2
21597282,2,2
21597343,2,2
21599293,2,2
21600418,2,2
21619014,2,1
21636080,2,2
21636103,2,2
21726095,2,2
21726637,2,2
21727122,2,2
21727351,2,2
21727474,2,2
21727566,2,2
21727573,2,2
21727597,2,2
21728297,2,2
21728327,2,2
21730092,2,2
21730283,2,1
21735998,2,2
21736018,2,2
21740169,2,2
21743542,2,2
21744518,2,2
21755989,2,2
21757099,2,2
21774485,2,2
21775499,2,2
21778490,2,2
21785344,2,2
21786730,2,2
21787614,2,2
21788871,2,2
21788895,2,2
23074347,2,2
23077614,2,2
23086395,2,2
23086449,2,1
23086791,2,2
23087347,2,2
23087651,2,2
23087668,2,2
23117273,2,2
23117419,2,2
23118966,2,1
23137608,2,1
23138452,2,2
23138476,2,2
23138643,2,2
23139091,2,2
23139183,2,2
23145214,2,2
23145276,2,2
23145474,2,2
23145528,2,2
23145580,2,2
23146884,2,2
23147423,2,2
23147911,2,2
23148727,2,2
23149854,2,2
23150195,2,2
23154285,2,2
23233683,2,2
23238503,2,2
23253759,2,2
23255364,2,2
23255715,2,2
23277083,2,2
23277380,2,2
23277526,2,2
23277588,2,2
23277830,2,2
23277922,2,2
23278387,2,2
23278820,2,2
23282155,2,2
23282346,2,2
23295582,2,2
23305748,2,2
23344044,2,2
23344051,2,2
23355781,2,2
23362598,2,2
23366985,2,2
23367692,2,2
23367760,2,2
23370715,2,2
23372665,2,2
23373082,2,2
23373136,2,1
23373235,2,2
23373242,2,1
23373266,2,2
23373273,2,2
23373426,2,1
23373792,2,2
23374300,2,2
23375499,2,2
23379350,2,2
23412996,2,2
23413191,2,2
23413221,2,2
23413252,2,2
23421851,2,2
23422032,2,2
23431737,2,2
23431799,2,2
23493285,2,2
23493353,2,2
23494336,2,2
23494565,2,2
23494855,2,2
23495005,2,2
23495715,2,2
23495753,2,2
23496286,2,2
23496712,2,2
23496750,2,2
23496798,2,2
23497115,2,2
23500020,2,2
23500075,2,2
23500198,2,2
23515512,2,2
23519039,2,2
23524781,2,2
23525603,2,2
23561120,2,2
23562691,2,2
23575622,2,2
23577602,2,2
23577947,2,2
23580329,2,2
23581289,2,2
23581395,2,2
23581609,2,2
23582446,2,2
23585706,2,2
23585720,2,2
23588844,2,2
23603530,2,2
23607552,2,2
23611863,2,2
23612112,2,2
23657083,2,2
23657090,2,2
23657113,2,2
23657342,2,2
23667433,2,2
23744912,2,2
23759329,2,1
23759350,2,2
23759503,2,2
23763180,2,2
23763197,2,2
23763203,2,2
23766419,2,2
23769731,2,2
23769748,2,2
23865563,2,2
23868434,2,2
23869561,2,2
23875043,2,2
23878556,2,2
23884014,2,2
23889927,2,2
23889941,2,2
23897762,2,2
23897847,2,2
23906150,2,2
23906730,2,2
23912243,2,2
23914858,2,1
23915879,2,2
23918689,2,2
23924734,2,2
23926745,2,2
23933330,2,2
23933453,2,2
23933477,2,2
23933538,2,2
23933736,2,2
23933965,2,2
23935440,2,2
23939790,2,2
23951013,2,2
23964303,2,2
23964310,2,2
23964341,2,2
23972599,2,2
23979895,2,1
23979956,2,2
23980068,2,2
23983236,2,2
23986701,2,1
23986718,2,2
23987531,2,2
23990067,2,2
23990968,2,2
23992993,2,2
24005302,2,2
24005319,2,2
24006033,2,2
24012720,2,2
24012874,2,2
24013376,2,2
24013413,2,2
24013741,2,2
24041188,2,2
24041263,2,2
24041409,2,2
24042017,2,2
24042093,2,2
24049160,2,2
24055093,2,2
24056373,2,2
24057103,2,2
24059824,2,2
24059848,2,2
24059855,2,2
24060295,2,2
24060868,2,2
24061377,2,1
24062879,2,2
24062916,2,2
24065689,2,2
24066426,2,2
24088480,2,2
24088497,2,2
24088534,2,2
24092005,2,2
24092029,2,2
24092166,2,2
24092265,2,2
24094818,2,2
24114981,2,2
24115032,2,2
24119788,2,2
24119863,2,2
24134002,2,2
24146616,2,2
24147545,2,2
24155168,2,2
24158633,2,2
24159555,2,2
24160193,2,2
24160209,2,2
24162302,2,2
24162319,2,2
24162487,2,2
24168373,2,2
24168397,2,2
24168441,2,2
24168472,2,2
24175524,2,2
24175593,2,2
24175616,2,2
24175623,2,2
24175654,2,2
24186582,2,2
24186827,2,2
24186957,2,2
24187121,2,2
24191609,2,2
24191630,2,2
24194495,2,2
24198578,2,2
24200707,2,2
24201254,2,2
24203142,2,2
24204989,2,2
24205344,2,2
24205948,2,2
24206792,2,2
24208574,2,2
24209113,2,2
24210157,2,2
24212540,2,2
24212618,2,2
24212731,2,2
24213028,2,2
24214124,2,2
24214155,2,2
24227230,2,2
24231947,2,2
24231985,2,2
24231992,2,2
24232005,2,2
24232043,2,2
24232241,2,2
24233651,2,2
24244725,2,2
24245142,2,2
24245319,2,2
24246378,2,2
24246538,2,2
24247030,2,2
24247078,2,2
24249027,2,2
24249294,2,2
24249539,2,2
24250078,2,2
24250474,2,2
24250504,2,2
24251303,2,2
24251334,2,2
24251365,2,2
24251433,2,2
24251549,2,2
24251730,2,2
24251747,2,2
24251921,2,2
24252041,2,2
24252218,2,2
24252577,2,2
24252591,2,2
24252751,2,2
24252843,2,2
24253369,2,2
24253550,2,2
24253758,2,2
24254779,2,2
24254861,2,2
24255264,2,2
24255332,2,1
24255882,2,2
24256094,2,2
24256377,2,2
24256438,2,2
24264679,2,2
24267168,2,2
24268646,2,2
24268660,2,2
24268684,2,2
24268905,2,2
24269537,2,2
24269551,2,2
24270137,2,1
24272766,2,2
24276313,2,2
24291156,2,2
24291224,2,2
24291316,2,2
24297035,2,2
24297271,2,1
24299992,2,2
24300117,2,2
24300223,2,2
24300988,2,2
24301046,2,2
24301534,2,2
24306751,2,2
24308526,2,2
24309486,2,1
24317177,2,2
24317207,2,2
24317818,2,2
24320306,2,2
24320443,2,1
24323031,2,2
24323536,2,2
24326896,2,2
24333108,2,2
24343787,2,2
24343886,2,2
24344876,2,2
24358538,2,2
24358590,2,2
24362610,2,2
24363693,2,1
24363730,2,2
24363785,2,2
24365024,2,2
24366250,2,2
24367578,2,2
24376341,2,2
24377164,2,2
24397704,2,2
24434263,2,2
24439121,2,2
24448918,2,2
24451741,2,2
24452571,2,2
24458146,2,2
24461894,2,2
24468817,2,2
24468855,2,2
24469890,2,2
24470032,2,2
24487955,2,2
24489140,2,2
24494045,2,2
24503532,2,2
24506946,2,2
24506953,2,2
24507141,2,2
24508322,2,2
24512183,2,2
24512213,2,2
24512237,2,2
24512251,2,2
24512725,2,2
24519076,2,2
24521529,2,1
24521536,2,2
24531023,2,2
24534055,2,2
24537049,2,2
24548205,2,2
24548212,2,2
24548274,2,2
24548366,2,2
24548380,2,2
24548397,2,2
24548670,2,2
24564724,2,2
24573863,2,2
24581103,2,2
24590310,2,2
24590389,2,2
24590563,2,2
24590648,2,1
24591430,2,2
24591966,2,2
24592024,2,2
24592345,2,2
24592376,2,2
24592512,2,2
24592901,2,2
24592970,2,2
24593564,2,2
24593588,2,2
24594431,2,2
24594448,2,2
24597104,2,2
24597296,2,2
24597357,2,2
24597500,2,2
24597708,2,2
24597715,2,2
24597784,2,2
24598040,2,2
24598200,2,2
24598958,2,2
24599443,2,2
24600361,2,2
24600378,2,2
24601375,2,2
24602051,2,2
24602129,2,2
24602747,2,2
24602822,2,2
24602877,2,2
24602907,2,2
24603300,2,2
24603331,2,2
24603409,2,2
24603560,2,2
24603706,2,2
24603799,2,2
24603812,2,2
24603836,2,2
24603843,2,2
24603904,2,2
24606479,2,2
24608909,2,2
24612425,2,2
24612562,2,2
24613019,2,2
24613545,2,2
24613682,2,2
24614511,2,2
24614832,2,2
24615235,2,2
24615730,2,2
24615761,2,2
24616157,2,2
24617246,2,2
24617284,2,2
24617321,2,2
24617918,2,2
24619653,2,2
24620796,2,1
24621373,2,2
24621809,2,2
24622318,2,2
24625210,2,2
24625265,2,2
24626897,2,2
24627276,2,2
24635516,2,2
24635769,2,2
24636391,2,2
24636490,2,2
24637329,2,2
24637602,2,2
24637848,2,2
24638944,2,2
24639040,2,2
24639217,2,2
24639224,2,2
24640619,2,2
24642408,2,2
24643702,2,2
24643825,2,2
24643870,2,2
24643962,2,2
24644006,2,2
24645263,2,2
24646086,2,2
24647625,2,2
24648622,2,2
24648912,2,2
24649926,2,2
24650342,2,1
24650441,2,2
24651189,2,1
24651325,2,2
24651837,2,2
24651844,2,2
24651967,2,2
24654159,2,2
24654166,2,2
24654449,2,2
24654494,2,2
24654722,2,2
24655705,2,2
24655927,2,2
24656399,2,2
24656443,2,2
24656467,2,2
24656610,2,2
24656757,2,2
24656894,2,2
24657105,2,2
24657150,2,2
24657242,2,2
24657884,2,2
24658027,2,2
24658348,2,2
24658669,2,2
24658874,2,2
24658997,2,2
24659079,2,2
24659109,2,2
24659130,2,2
24659536,2,2
24660082,2,2
24660495,2,2
24660655,2,2
24660686,2,2
24660969,2,2
24661676,2,2
24662154,2,2
24662185,2,2
24662697,2,2
24662765,2,2
24663083,2,2
24663120,2,2
24663137,2,2
24663359,2,2
24663779,2,2
24663793,2,2
24663809,2,2
24663816,2,2
24663908,2,2
24664127,2,1
24664479,2,2
24664714,2,2
24664868,2,2
24665087,2,2
24665513,2,2
24665551,2,2
24665742,2,2
24665988,2,2
24666008,2,2
24673273,2,2
24673341,2,2
24673853,2,2
24674263,2,1
24674546,2,2
24674850,2,2
24675123,2,2
24675260,2,2
24675277,2,2
24675826,2,2
24676212,2,2
24676236,2,2
24676441,2,2
24676472,2,2
24676700,2,2
24677240,2,2
24677516,2,2
24677615,2,2
24677677,2,2
24677691,2,2
24677899,2,2
24678025,2,2
24678049,2,2
24678506,2,2
24678513,2,2
24678704,2,2
24679442,2,2
24679480,2,2
24679602,2,2
24683692,2,1
24684231,2,2
24684309,2,2
24686242,2,2
24686266,2,2
24686297,2,2
24686372,2,2
24686617,2,2
24687119,2,2
24687195,2,2
24687348,2,2
24690386,2,2
24691741,2,2
24692045,2,1
24692090,2,1
24692939,2,2
24693158,2,2
24693202,2,2
24693233,2,2
24693257,2,1
24693301,2,2
24693417,2,2
24693530,2,2
24695084,2,2
24697965,2,2
24698030,2,2
24698054,2,2
24698078,2,2
24698788,2,2
24698801,2,2
24699068,2,2
24699242,2,2
24699334,2,2
24699495,2,2
24699532,2,2
24701235,2,2
24701334,2,1
24702140,2,2
24702997,2,2
24703161,2,2
24703352,2,2
24703390,2,2
24703444,2,2
24703536,2,2
24703680,2,2
24705288,2,2
24705493,2,2
24706063,2,2
24706469,2,2
24707046,2,2
24707114,2,2
24707152,2,2
24707183,2,2
24707305,2,2
24707343,2,2
24708142,2,2
24708227,2,2
24708265,2,2
24708562,2,2
24708593,2,2
24708661,2,2
24709002,2,2
24709118,2,2
24709309,2,2
24711081,2,2
24711371,2,2
24718905,2,2
24719001,2,2
24719100,2,2
24719117,2,2
24719384,2,2
24719964,2,2
24720373,2,2
24720502,2,2
24720519,2,2
24720595,2,2
24720960,2,2
24721011,2,2
24721127,2,2
24721370,2,2
24721554,2,2
24721622,2,2
24722087,2,2
24723220,2,2
24723367,2,2
24731348,2,2
24732444,2,1
24732871,2,1
24735865,2,1
24735988,2,2
24736114,2,2
24738477,2,2
24745291,2,2
24747134,2,2
24747295,2,2
24749695,2,2
24749916,2,2
24750981,2,2
24755184,2,2
24755306,2,2
24755931,2,2
24759663,2,2
24760256,2,1
24760690,2,1
24765572,2,2
24765664,2,2
24765800,2,2
24768078,2,2
24768085,2,2
24768184,2,2
24768832,2,2
24771283,2,2
24771801,2,2
24772914,2,2
24773232,2,2
24774345,2,2
24774970,2,2
24775380,2,2
24775878,2,2
24776363,2,2
24779081,2,2
24779166,2,2
24781022,2,2
24781107,2,2
24781138,2,2
24781152,2,2
24781527,2,2
24781534,2,1
24781541,2,2
24781596,2,2
24781619,2,2
24781633,2,2
24781923,2,2
24785150,2,2
24789035,2,2
24789318,2,2
24789363,2,2
24790468,2,2
24790505,2,2
24790727,2,2
24790765,2,2
24790918,2,2
24790925,2,1
24791458,2,2
24792738,2,2
24794152,2,2
24795739,2,2
24795746,2,2
24795869,2,2
24796026,2,2
24796125,2,2
24796170,2,2
24796378,2,2
24796668,2,1
24796897,2,2
24796903,2,2
24796910,2,2
24796941,2,2
24797078,2,2
24797085,2,2
24797153,2,2
24799263,2,2
24799270,2,2
24799331,2,2
24803939,2,2
24807128,2,2
24807982,2,2
24810296,2,2
24810869,2,2
24811606,2,2
24811996,2,2
24812382,2,2
24819930,2,2
24820073,2,2
24852081,2,2
24858687,2,2
24860628,2,2
24880343,2,2
24887854,2,2
24888042,2,1
24888189,2,2
24889209,2,2
24890113,2,2
24892247,2,2
24892254,2,2
24893060,2,2
24894418,2,2
24894432,2,2
24900355,2,2
24900362,2,2
24900997,2,2
24901031,2,2
24901512,2,2
24902021,2,2
24902106,2,2
24902137,2,2
24902281,2,2
24902830,2,2
24903738,2,2
24914307,2,2
24914369,2,2
24914390,2,2
24914420,2,2
24915199,2,2
24915328,2,2
24915366,2,2
24915403,2,2
24915410,2,2
24915458,2,2
24920056,2,2
24922234,2,2
24922258,2,2
24923576,2,2
24923583,2,2
24923590,2,2
24929806,2,2
24930864,2,2
24931007,2,1
24931120,2,2
24931847,2,2
24932806,2,2
24933452,2,2
24934633,2,1
24934701,2,2
24934909,2,2
24934930,2,1
24935739,2,2
24935951,2,2
24936088,2,2
24936545,2,2
24936682,2,2
24938471,2,2
24939171,2,2
24939553,2,2
24941235,2,2
24941518,2,2
24941549,2,2
24942195,2,2
24942393,2,2
24942553,2,2
24942607,2,2
24943253,2,2
24943567,2,2
24943710,2,2
25022131,2,2
25023619,2,2
25023947,2,2
25024302,2,2
25025590,2,2
25026603,2,2
25026832,2,2
25029239,2,2
25029246,2,2
25029352,2,2
25030198,2,2
25030785,2,2
25030822,2,2
25032161,2,2
25032628,2,2
25034745,2,2
25035124,2,2
25035551,2,1
25035896,2,2
25036329,2,2
25036671,2,2
25036701,2,2
25036787,2,2
25037654,2,1
25039580,2,2
25048339,2,2
25049619,2,2
25050028,2,2
25050431,2,2
25050738,2,1
25054736,2,2
25055160,2,2
25055177,2,2
25057003,2,2
25057010,2,2
25057089,2,2
25063509,2,2
25064148,2,2
25064520,2,2
25064537,2,2
25065145,2,2
25065169,2,2
25065329,2,2
25065398,2,2
25066135,2,2
25066272,2,2
25066470,2,2
25066623,2,2
25067040,2,2
25067170,2,2
25067330,2,2
25083484,2,2
25085020,2,2
25086355,2,2
25086393,2,2
25086409,2,2
25087659,2,2
25088397,2,2
25088427,2,2
25088489,2,2
25088663,2,2
25088847,2,2
25089110,2,2
25089165,2,2
25089219,2,2
25089486,2,2
25089585,2,2
25089875,2,1
25108217,2,2
25112474,2,2
25112511,2,2
25112559,2,2
25112955,2,2
25113570,2,2
25113617,2,2
25113938,2,2
25114324,2,2
25117455,2,2
25117998,2,2
25118124,2,2
25118353,2,2
25118520,2,1
25118896,2,2
25118940,2,2
25118964,2,2
25120790,2,2
25120820,2,2
25120868,2,2
25121360,2,1
25121834,2,2
25122060,2,2
25132601,2,2
25132717,2,2
25134728,2,2
25137729,2,2
25137927,2,1
25139143,2,2
25139761,2,2
25140590,2,1
25141542,2,2
25141764,2,2
25142952,2,2
25143010,2,2
25143065,2,2
25160468,2,2
25160550,2,2
25160611,2,2
25167641,2,2
25169270,2,2
25169300,2,2
25169379,2,2
25169447,2,2
25170306,2,2
25170627,2,2
25170788,2,2
25171785,2,2
25171839,2,2
25171853,2,2
25171877,2,2
25173697,2,2
25176407,2,2
25178135,2,2
25179316,2,2
25179774,2,2
25180213,2,2
25180237,2,2
25200522,2,2
25200812,2,2
25201314,2,2
25201352,2,2
25202977,2,2
25202984,2,2
25203011,2,2
25205800,2,2
25209075,2,2
25209877,2,2
25228175,2,2
25237597,2,2
25237603,2,2
25242898,2,2
25248784,2,2
25255669,2,2
25275445,2,2
25277180,2,1
25280845,2,2
25285567,2,2
25285758,2,2
25285796,2,2
25285956,2,2
25286281,2,2
25286434,2,2
25286687,2,2
25286977,2,2
25287028,2,2
25287073,2,2
25287080,2,2
25289473,2,2
25289527,2,2
25289756,2,1
25303377,2,1
25306521,2,2
25306774,2,2
25307566,2,2
25307658,2,2
25308051,2,2
25309683,2,2
25309966,2,2
25310061,2,2
25310542,2,2
25311020,2,2
25311105,2,2
25311594,2,2
25312539,2,2
25313352,2,2
25313567,2,2
25313727,2,1
25314472,2,2
25314878,2,2
25315264,2,2
25318012,2,2
25318302,2,2
25334890,2,2
25339710,2,2
25357721,2,2
25358025,2,2
25358162,2,2
25358520,2,2
25362589,2,2
25365993,2,2
25366006,2,2
25366044,2,2
25380316,2,2
25380323,2,2
25380385,2,1
25380996,2,2
25382723,2,2
25384048,2,2
25384673,2,1
25385304,2,2
25385601,2,2
25386004,2,2
25386059,2,1
25386769,2,1
25386875,2,2
25387797,2,2
25387858,2,2
25388268,2,2
25388428,2,2
25389883,2,2
25390131,2,2
25390292,2,2
25390988,2,2
25392555,2,2
25393392,2,2
25395167,2,2
25397178,2,1
25397567,2,1
25398038,2,2
25398861,2,2
25400427,2,2
25401226,2,2
25401356,2,2
25401530,2,2
25402254,2,2
25402438,2,1
25402452,2,2
25403015,2,2
25403749,2,2
25404999,2,2
25405422,2,2
25405507,2,2
25406252,2,2
25408683,2,2
25408898,2,2
25409123,2,2
25409178,2,2
25409963,2,2
25410013,2,2
25421286,2,2
25424584,2,1
25426458,2,2
25426472,2,2
25426595,2,2
25432077,2,2
25432114,2,2
25432183,2,2
25436174,2,2
25438246,2,2
25438260,2,2
25438284,2,2
25444537,2,2
25489392,2,2
25489453,2,2
25501827,2,1
25505726,2,2
25509793,2,2
25510133,2,2
25510249,2,2
25510300,2,2
25511345,2,2
25523881,2,1
25524031,2,2
25524123,2,2
25524192,2,2
25549294,2,2
25550825,2,2
25550894,2,2
25551181,2,2
25551341,2,2
25551563,2,2
25551600,2,2
25552478,2,2
25552638,2,2
25552751,2,2
25552898,2,2
25553222,2,2
25553444,2,2
25553475,2,2
25553499,2,2
25553888,2,2
25553970,2,2
25556643,2,2
25571639,2,2
25571660,2,2
25571707,2,2
25571882,2,2
25572025,2,2
25572063,2,2
25572094,2,2
25572216,2,2
25572346,2,2
25572353,2,2
25572766,2,2
25572773,2,2
25572780,2,2
25573237,2,2
25573275,2,2
25573329,2,2
25573343,2,2
25573565,2,2
25573596,2,2
25573657,2,2
25573923,2,2
25574159,2,2
25574173,2,2
25574647,2,2
25575194,2,2
25575415,2,2
25575514,2,2
25575620,2,2
25575927,2,2
25577037,2,2
25577976,2,2
25578027,2,2
25578034,2,2
25578195,2,2
25579932,2,1
25591149,2,1
25593945,2,2
25594089,2,2
25595147,2,2
25599992,2,2
25600049,2,1
25603743,2,2
25617245,2,2
25619935,2,2
25620016,2,2
25620450,2,2
25622775,2,2
25623130,2,2
25623321,2,2
25624038,2,2
25625165,2,2
25625547,2,2
25626797,2,2
25629521,2,2
25659238,2,2
25659825,2,2
25659849,2,2
25660043,2,2
25660050,2,2
25660104,2,2
25660937,2,2
25661446,2,2
25661842,2,2
25661859,2,2
25661866,2,2
25661897,2,2
25662252,2,2
25663006,2,2
25663037,2,2
25663501,2,2
25663570,2,2
25664867,2,1
25666946,2,2
25667004,2,2
25667042,2,2
25668827,2,2
25668995,2,2
25669060,2,2
25669367,2,2
25671278,2,2
25671834,2,2
25675825,2,2
25675849,2,2
25680515,2,1
25681239,2,2
25681956,2,2
25682991,2,2
25683080,2,2
25684773,2,2
25684810,2,2
25685244,2,2
25685251,2,2
25685671,2,2
25685879,2,2
25686203,2,2
25686210,2,2
25686425,2,2
25693461,2,2
25704198,2,1
25704204,2,2
25704259,2,2
25704389,2,2
25704440,2,2
25704891,2,2
25704914,2,2
25706338,2,1
25714425,2,2
25715095,2,2
25717211,2,1
25717938,2,2
25718652,2,2
25719611,2,2
25719871,2,2
25722376,2,2
25724318,2,1
25724349,2,2
25725674,2,2
25725766,2,2
25725889,2,2
25725933,2,2
25726039,2,2
25728194,2,2
25728279,2,2
25728385,2,2
25728729,2,2
25730616,2,2
25730715,2,2
25730890,2,2
25730975,2,2
25734980,2,2
25737424,2,2
25744323,2,2
25744606,2,2
25745047,2,2
25745245,2,2
25745269,2,2
25745566,2,1
25745665,2,2
25748659,2,2
25748826,2,2
25748871,2,2
25749014,2,2
25749076,2,2
25749083,2,2
25749175,2,2
25749984,2,2
25750218,2,2
25750300,2,2
25750522,2,2
25751666,2,1
25751963,2,2
25751987,2,2
25752021,2,2
25752533,2,2
25753011,2,2
25753332,2,2
25753820,2,2
25753974,2,2
25754858,2,2
25755183,2,2
25756173,2,2
25756210,2,2
25757835,2,2
25758504,2,2
25760736,2,2
25760941,2,2
25761511,2,1
25762983,2,2
25766998,2,2
25767346,2,2
25767377,2,2
25771084,2,2
25771091,2,2
25773125,2,2
25773163,2,2
25773200,2,2
25773217,2,2
25773248,2,2
25774016,2,2
25774139,2,2
25774177,2,2
25776546,2,2
25776560,2,2
25776591,2,2
25776614,2,2
25776645,2,2
25777307,2,2
25777345,2,2
25777376,2,2
25778762,2,2
25778809,2,2
25778816,2,2
25801620,2,2
25802573,2,2
25808827,2,2
25810035,2,2
25810042,2,2
25812077,2,2
25812107,2,2
25814637,2,2
25815771,2,2
25815825,2,2
25818680,2,2
25820461,2,2
25821819,2,2
25822113,2,2
25825121,2,2
25844245,2,2
25844733,2,2
25845709,2,2
25845976,2,2
25846355,2,2
25846430,2,2
25846447,2,2
25847352,2,2
25847833,2,2
25847932,2,1
25848229,2,2
25848717,2,2
25849745,2,2
25850819,2,2
25852738,2,2
25853551,2,2
25853582,2,2
25854220,2,2
25858693,2,2
25859010,2,2
25859041,2,2
25859058,2,2
25866469,2,1
25913927,2,2
25914702,2,2
25914900,2,2
25915167,2,2
25915303,2,2
25915389,2,2
25915426,2,2
25915532,2,2
25915631,2,2
25915686,2,2
25915853,2,2
25915938,2,1
25916300,2,2
25916553,2,2
25916898,2,2
25917017,2,2
25917079,2,2
25919745,2,2
25919981,2,2
25920031,2,2
25920086,2,2
25920109,2,2
25920116,2,2
25920260,2,2
25921267,2,2
25921359,2,2
25928266,2,2
25935943,2,2
25935974,2,2
25936049,2,2
25936124,2,2
25936148,2,2
25936650,2,2
25937053,2,2
25937879,2,2
25937961,2,2
25938944,2,2
25939118,2,2
25940480,2,2
25941203,2,2
25941272,2,2
25953602,2,2
25954524,2,2
25954678,2,2
25955026,2,2
25955064,2,2
25955088,2,2
25955262,2,2
25955330,2,2
25956443,2,2
25957662,2,2
25958591,2,2
25958669,2,2
25958683,2,2
25958690,2,2
25958904,2,2
25958911,2,2
25959253,2,2
25959291,2,2
25961096,2,2
25961140,2,2
25961171,2,2
25963267,2,2
25964523,2,2
25964622,2,2
25965018,2,2
25965094,2,2
25966114,2,2
25966213,2,2
25966282,2,1
25966336,2,2
25968422,2,2
25968583,2,2
25969030,2,2
25969078,2,2
25969382,2,2
25969771,2,2
25970234,2,2
25970630,2,2
25970647,2,2
25972092,2,2
25972368,2,1
25984279,2,2
25993127,2,2
25994452,2,2
25994537,2,2
25994599,2,2
25998771,2,1
26000398,2,2
26000824,2,2
26001975,2,2
26002057,2,2
26012858,2,1
26012919,2,2
26012933,2,2
26017051,2,2
26021485,2,2
26032641,2,1
26032696,2,1
26044453,2,2
26044545,2,2
26044552,2,2
26045610,2,2
26046013,2,2
26048888,2,1
26049465,2,2
26050980,2,2
26051604,2,2
26051703,2,2
26053509,2,2
26054513,2,2
26054568,2,2
26055121,2,1
26055763,2,2
26055787,2,2
26060248,2,2
26070216,2,2
26074443,2,2
26074726,2,2
26074894,2,2
26074986,2,2
26075198,2,1
26075242,2,2
26075600,2,2
26075914,2,2
26081571,2,2
26100173,2,2
26103815,2,2
26103853,2,2
26103938,2,2
26103952,2,2
26109640,2,2
26120546,2,2
26120638,2,2
26120720,2,2
26121161,2,2
26122069,2,2
26122236,2,1
26122243,2,2
26122267,2,2
26122274,2,2
26129372,2,1
26129389,2,1
26148595,2,2
26149073,2,1
26149493,2,2
26149554,2,1
26151243,2,2
26151946,2,2
26190242,2,1
26245928,2,2
26247816,2,2
26248011,2,2
26248523,2,2
26248776,2,2
26249223,2,2
26252360,2,2
26253350,2,2
26253466,2,2
26253527,2,2
26254470,2,2
26254722,2,2
26261300,2,2
26266701,2,2
26268354,2,2
26275963,2,2
26276458,2,2
26276915,2,2
26277363,2,2
26297552,2,2
26297637,2,2
26297774,2,2
26325385,2,2
26326795,2,2
26327587,2,2
26328003,2,2
26328133,2,2
26328218,2,2
26328713,2,1
26334561,2,2
26337760,2,2
26337784,2,2
26338309,2,2
26339733,2,2
26340494,2,2
26346359,2,2
26349985,2,2
26350561,2,2
26351315,2,2
26351773,2,2
26358338,2,2
26360652,2,2
26362267,2,2
26364490,2,2
26364605,2,2
26366944,2,2
26367323,2,2
26367675,2,2
26367958,2,2
26368832,2,2
26370460,2,2
26372884,2,2
26372945,2,2
26373089,2,2
26375274,2,2
26377261,2,2
26377278,2,2
26377339,2,2
26382036,2,2
26382074,2,2
26382081,2,2
26382135,2,2
26382159,2,2
26389202,2,2
26389608,2,2
26405377,2,2
26405667,2,2
26406879,2,2
26407104,2,2
26410883,2,2
26426280,2,2
26426877,2,2
26426907,2,2
26426969,2,2
26427294,2,2
26432953,2,2
26435879,2,2
26440736,2,2
26441085,2,2
26444819,2,2
26444840,2,1
26449753,2,2
26449937,2,2
26450421,2,2
26475479,2,2
26475493,2,2
26475592,2,2
26475745,2,2
26475769,2,2
26475813,2,2
26475837,2,2
26475882,2,2
26475974,2,2
26478173,2,2
26478234,2,2
26496313,2,2
26501338,2,2
26501345,2,2
26501406,2,2
26501567,2,2
26501635,2,2
26507033,2,2
26507071,2,2
26509693,2,2
26509716,2,2
26510958,2,1
26511139,2,2
26514444,2,1
26516585,2,2
26516615,2,1
26516721,2,2
26517407,2,2
26526294,2,2
26545646,2,2
26546247,2,2
26556598,2,2
26559308,2,2
26562414,2,2
26563589,2,2
26563831,2,2
26564319,2,2
26565095,2,2
26565224,2,2
26566429,2,2
26566771,2,2
26567549,2,2
26574110,2,2
26574424,2,2
26581262,2,2
26582719,2,2
26585994,2,2
26586335,2,2
26591230,2,2
26591292,2,2
26592725,2,2
26598703,2,2
26600024,2,2
26624419,2,2
26660813,2,2
26665849,2,2
26666051,2,2
26666242,2,1
26666747,2,2
26666754,2,2
26667263,2,2
26667843,2,2
26667850,2,2
26668154,2,2
26668161,2,2
26668178,2,2
26674773,2,2
26678818,2,2
26679006,2,2
26679532,2,2
26680521,2,2
26680781,2,2
26681078,2,2
26681108,2,2
26681160,2,2
26682426,2,2
26682433,2,2
26683010,2,2
26683034,2,2
26683997,2,1
26720029,2,2
26721972,2,2
26722023,2,2
26724485,2,1
26775319,2,2
26791722,2,2
26791753,2,2
26791883,2,2
26792231,2,2
26792286,2,2
26792293,2,2
26792484,2,2
26824000,2,2
26824024,2,2
26833507,2,2
26833767,2,2
26833934,2,1
26833965,2,2
26834573,2,2
26834733,2,2
26834795,2,2
26834900,2,2
26836652,2,2
26838342,2,2
26839042,2,1
26840116,2,2
26841892,2,2
26842417,2,2
26842882,2,2
26843032,2,2
26843094,2,2
26843193,2,2
26843834,2,2
26843896,2,2
26844565,2,2
26844671,2,2
26847283,2,2
26850375,2,1
26850764,2,2
26854991,2,2
26855257,2,2
26856537,2,2
26856940,2,2
26857510,2,2
26859293,2,2
26860060,2,2
26860077,2,2
26864822,2,1
26867977,2,2
26868219,2,2
26868424,2,2
26868592,2,1
26868875,2,2
26868998,2,2
26869834,2,2
26869841,2,2
26869896,2,2
26870908,2,1
26871035,2,2
26871172,2,2
26871219,2,2
26872032,2,2
26892139,2,2
26892849,2,2
26892863,2,2
26900681,2,2
26901855,2,2
26902999,2,2
26903101,2,1
26903309,2,2
26903521,2,2
26903941,2,2
26904269,2,2
26904283,2,2
26904399,2,2
26904412,2,2
26904856,2,2
26904900,2,2
26931623,2,2
26934990,2,2
26945460,2,2
26945484,2,2
26945545,2,1
26945576,2,2
26945606,2,2
26946993,2,2
26954158,2,1
26954240,2,2
26954257,2,2
26954264,2,2
26954721,2,2
26954844,2,1
26955049,2,2
26955346,2,2
26955414,2,2
26958545,2,2
26961200,2,2
27003299,2,2
27009161,2,2
27013663,2,2
27057490,2,2
27060407,2,2
27062470,2,1
27062487,2,2
27062531,2,2
27065082,2,2
27065372,2,2
27066225,2,2
27066263,2,2
27066300,2,2
27066331,2,2
27073964,2,2
27074497,2,1
27074893,2,2
27124383,2,2
27126929,2,2
27131329,2,2
27140925,2,2
27141601,2,2
27143186,2,2
27146064,2,2
27154311,2,2
27154410,2,2
27154441,2,2
27154465,2,2
27154489,2,2
27154496,2,2
27154519,2,2
27177006,2,2
27180594,2,2
27189917,2,2
27195956,2,2
27197394,2,2
27197646,2,2
27198964,2,2
27201244,2,2
27201695,2,2
27201756,2,2
27202920,2,2
27203392,2,2
27210093,2,2
27218051,2,2
27222485,2,2
27223734,2,2
27223772,2,2
27224281,2,2
27225196,2,2
27225578,2,2
27225950,2,2
27226650,2,2
27226667,2,2
27227435,2,2
27227527,2,2
27227961,2,2
27231425,2,2
27234075,2,2
27237274,2,1
27238370,2,2
27239292,2,2
27239919,2,2
27250303,2,2
27250938,2,2
27251232,2,2
27251263,2,1
27251416,2,2
27252130,2,1
27252185,2,2
27254721,2,1
27254738,2,2
27255056,2,2
27256749,2,2
27258651,2,2
27260395,2,2
27271537,2,2
27271858,2,2
27272190,2,2
27272213,2,2
27273043,2,2
27273692,2,2
27273760,2,2
27273777,2,2
27273913,2,1
27273968,2,2
27274095,2,2
27274217,2,2
27442876,2,2
27442890,2,2
27511732,2,2
27511817,2,2
27511930,2,2
27512579,2,2
27512586,2,2
27512654,2,2
27517017,2,2
27518113,2,2
27519257,2,2
27522042,2,1
27522134,2,2
27522141,2,2
27542392,2,2
27544723,2,2
27545362,2,2
27545898,2,2
27545997,2,2
27546826,2,2
27548073,2,2
27548127,2,2
27548158,2,2
27548363,2,2
27548370,2,2
27551646,2,2
27551677,2,2
27551844,2,2
27551950,2,2
27551967,2,2
27552070,2,2
27552179,2,1
27552292,2,2
27552308,2,2
27588246,2,2
27588871,2,2
27588888,2,2
27592434,2,2
27592731,2,2
27600610,2,2
27600719,2,2
27603475,2,2
27610329,2,2
27613177,2,2
27623862,2,2
27625811,2,2
27626856,2,2
27631164,2,2
27631430,2,2
27631911,2,1
27631959,2,2
27642955,2,2
27643068,2,1
27643099,2,2
27650578,2,1
27650738,2,2
27652336,2,2
27652350,2,2
27652718,2,2
27655306,2,2
27655528,2,2
27656471,2,2
27657133,2,2
27657157,2,2
27657287,2,2
27657317,2,2
27658178,2,2
27658239,2,2
27658789,2,2
27659236,2,2
27659441,2,2
27665015,2,2
27665213,2,2
27666159,2,2
27666647,2,2
27666838,2,1
27667057,2,2
27667774,2,2
27668009,2,2
27668016,2,1
27668054,2,1
27668542,2,1
27668702,2,2
27668818,2,2
27669518,2,2
27669686,2,2
27670996,2,2
27671139,2,2
27673249,2,2
27674581,2,1
27683569,2,2
27683712,2,2
27687987,2,2
27688281,2,1
27688397,2,2
27699676,2,2
27699713,2,2
27713525,2,1
27724163,2,2
27736807,2,2
27742846,2,1
27743607,2,2
27756447,2,2
27757192,2,2
27757215,2,2
27762035,2,2
27762646,2,1
27762653,2,2
27763346,2,2
27771860,2,2
27777503,2,1
27784549,2,2
27785041,2,2
27785102,2,2
27785157,2,2
27785270,2,2
27785287,2,2
27785607,2,2
27785638,2,1
27785836,2,2
27788417,2,2
27789704,2,2
27790014,2,2
27790168,2,2
27790236,2,2
27791455,2,2
27791639,2,2
27791660,2,2
27794265,2,2
27794371,2,1
27794401,2,2
27796627,2,2
27796856,2,2
27797150,2,2
27797334,2,1
27797358,2,2
27797396,2,2
27797570,2,2
27801376,2,2
27801383,2,2
27801734,2,2
27808115,2,2
27808375,2,2
27808764,2,2
27809723,2,2
27810057,2,2
27810552,2,2
27810613,2,2
27810750,2,2
27810989,2,2
27812488,2,2
27812594,2,2
27814918,2,2
27817155,2,2
27841150,2,2
27841334,2,2
27842881,2,2
27842898,2,2
27852941,2,1
27853504,2,2
27854044,2,1
27856192,2,2
27856307,2,2
27856345,2,2
27857489,2,2
27859094,2,2
27859605,2,2
27859896,2,2
27862520,2,2
27866870,2,1
27881477,2,1
27881972,2,2
27882009,2,2
27882313,2,2
27884706,2,2
27885345,2,2
27885475,2,2
27908242,2,2
27908488,2,2
27909973,2,2
27912263,2,2
27913475,2,2
27913505,2,2
27913550,2,2
27913710,2,2
27914304,2,2
27916667,2,2
27917084,2,1
27918197,2,2
27920534,2,2
27924921,2,2
27926260,2,2
27926345,2,2
27926390,2,2
27928806,2,2
27940402,2,2
27943229,2,2
27943366,2,2
27943533,2,2
27944523,2,2
27944592,2,2
27944646,2,2
27944738,2,2
27944769,2,2
27944967,2,2
27949634,2,2
27950227,2,1
27951408,2,2
27951453,2,2
27951484,2,2
27952924,2,2
27953235,2,2
27963470,2,2
27963623,2,2
27963838,2,2
27963876,2,2
27965221,2,2
27965467,2,1
27965535,2,2
27965573,2,2
27967157,2,2
27967508,2,2
27968444,2,2
27968550,2,1
27970102,2,2
27970805,2,2
27971031,2,2
28000518,2,2
28000525,2,2
28011934,2,2
28015956,2,2
28016007,2,2
28018124,2,2
28018186,2,2
28021162,2,2
28021186,2,2
28138518,2,2
28143727,2,2
28144168,2,2
28146766,2,2
28146773,2,2
28239321,2,2
28239680,2,2
28243410,2,2
28243694,2,1
28244448,2,2
28244790,2,2
28252818,2,2
28255420,2,1
28257356,2,2
28258124,2,2
28258858,2,2
28260615,2,2
28260646,2,2
28261117,2,2
28261254,2,2
28267638,2,2
28267898,2,2
28268710,2,2
28274735,2,2
28276074,2,2
28282389,2,2
28283287,2,2
28286561,2,2
28288077,2,2
28288800,2,2
28502081,2,1
28504047,2,2
28504573,2,2
28507543,2,2
28509431,2,2
28509653,2,2
28509707,2,2
28513247,2,2
28556206,2,2
28559092,2,2
28587156,2,2
28611721,2,2
28615743,2,2
28622055,2,2
28692638,2,2
28697886,2,1
28698104,2,2
28743767,2,2
28743781,2,2
28747918,2,2
28755883,2,2
28823735,2,2
28825333,2,2
28832423,2,2
28836124,2,2
28838777,2,2
28838845,2,2
28839477,2,2
28852568,2,2
28854654,2,2
28867364,2,2
28868521,2,2
28868637,2,2
28873198,2,2
28873280,2,2
28873297,2,2
28873303,2,2
28873358,2,2
28873730,2,2
28876823,2,2
28877233,2,2
28877288,2,2
28877363,2,2
28877370,2,2
28884187,2,2
28885733,2,2
28885849,2,2
28887317,2,2
28887348,2,2
28887386,2,2
28887638,2,2
28887683,2,2
28887690,2,2
28889205,2,2
28889298,2,2
28889397,2,2
28889823,2,2
28890133,2,2
28891352,2,2
28891376,2,2
28891499,2,2
28891765,2,2
28892434,2,2
28892762,2,2
28893257,2,2
28893271,2,2
28893653,2,2
28894292,2,2
28898252,2,2
28898887,2,2
28913832,2,2
28914808,2,2
28924999,2,2
28925545,2,2
28926382,2,2
28926467,2,2
28926559,2,2
28926863,2,2
28931195,2,1
28931614,2,2
28931812,2,2
28935742,2,2
28936060,2,2
28938101,2,2
28938248,2,2
28938255,2,2
28938453,2,2
28942276,2,2
28955214,2,2
28955481,2,2
28955832,2,2
28956181,2,2
28956419,2,2
28956884,2,2
28980087,2,2
28983705,2,2
28988250,2,2
29013135,2,2
29029372,2,2
29029389,2,2
29029402,2,1
29029471,2,2
29029648,2,2
29034758,2,2
29037285,2,2
29039357,2,2
29040704,2,2
29059508,2,2
29062157,2,2
29064779,2,2
29065615,2,2
29066063,2,2
29067497,2,2
29071579,2,2
29072897,2,2
29074150,2,2
29074167,2,2
29074594,2,2
29074686,2,2
29075607,2,2
29075751,2,2
29076222,2,2
29076321,2,2
29076376,2,2
29076574,2,2
29076581,2,1
29076673,2,2
29091652,2,2
29091898,2,2
29092017,2,2
29092079,2,2
29096879,2,2
29097760,2,2
29099672,2,2
29105809,2,2
29106417,2,2
29106639,2,2
29107605,2,2
29107872,2,2
29119509,2,2
29129270,2,2
29185221,2,2
29185382,2,1
29185573,2,2
29185924,2,2
29187850,2,2
29210435,2,2
29210565,2,1
29236060,2,2
29238132,2,1
29241125,2,2
29241880,2,2
29242375,2,2
29244508,2,2
29245833,2,2
29247844,2,1
29248667,2,2
29248810,2,2
29249893,2,2
29250936,2,2
29250950,2,2
29250974,2,2
29251094,2,2
29253937,2,2
29254040,2,2
29254743,2,2
29255108,2,2
29256044,2,2
29256570,2,2
29256754,2,1
29256778,2,2
29257010,2,2
29257195,2,2
29272808,2,1
29272907,2,2
29273072,2,2
29273096,2,2
29273140,2,2
29273386,2,2
29278411,2,2
29290581,2,2
29291410,2,2
29291588,2,2
29292271,2,2
29292509,2,2
29293278,2,1
29296613,2,2
29298167,2,2
29298242,2,2
29298396,2,2
29298617,2,2
29298846,2,2
29302888,2,2
29303069,2,2
29303090,2,2
29315758,2,2
29316571,2,2
29317837,2,2
29319404,2,2
29322640,2,2
29322657,2,2
29337897,2,2
29350834,2,2
29352050,2,2
29352623,2,2
29352883,2,2
29353583,2,2
29354184,2,2
29354191,2,2
29354405,2,2
29362479,2,1
29362509,2,1
29375196,2,2
29375745,2,2
29375752,2,2
29376407,2,2
29377053,2,2
29377473,2,2
29378029,2,2
29378593,2,2
29378661,2,2
29378708,2,2
29378883,2,2
29380886,2,2
29382514,2,2
29388868,2,2
29389032,2,2
29389124,2,2
30002717,2,2
30002718,2,2
30002720,2,2
30002724,2,2
30004042,2,2
30004044,2,2
30004942,2,2
30005167,2,2
30005178,2,2
30005369,2,2
30005659,2,2
30005664,2,2
30005674,2,2
30006423,2,2
30006653,2,2
30006664,2,2
30006666,2,2
30006668,2,2
30006674,2,2
30006679,2,2
30007407,2,1
30007433,2,2
30007444,2,2
30007461,2,2
30007473,2,2
30007485,2,2
30007506,2,2
30007526,2,2
30007543,2,2
30007664,2,2
30007700,2,2
30007702,2,2
30007703,2,2
30007717,2,2
30007773,2,2
30008096,2,2
30008150,2,2
30008224,2,2
30008233,2,2
30008243,2,2
30008273,2,2
30008284,2,2
30008300,2,2
30008340,2,2
30008366,2,2
30008377,2,2
30008388,2,2
30008508,2,2
30008514,2,2
30009255,2,2
30009256,2,2
30009799,2,1
30009943,2,2
30009953,2,2
30010347,2,2
30010776,2,2
30010958,2,1
30011378,2,2
30015271,2,2
30015293,2,2
30015294,2,2
30017503,2,2
30017745,2,2
30017749,2,2
30017775,2,2
30017820,2,2
30017827,2,2
30017963,2,2
30017969,2,2
30018457,2,2
30018521,2,2
30019233,2,2
30019288,2,2
30019575,2,2
30019655,2,2
30019887,2,2
30020084,2,2
30020568,2,2
30020598,2,2
30021038,2,2
30021043,2,1
30021077,2,2
30021082,2,2
30021111,2,2
30021118,2,2
30021129,2,2
30021141,2,2
30021147,2,2
30021157,2,2
30021158,2,2
30021175,2,1
30021191,2,2
30021227,2,2
30021705,2,2
30021968,2,2
30021969,2,2
30022024,2,2
30022099,2,2
30022122,2,2
30022176,2,2
30022204,2,2
30022332,2,2
30022338,2,2
30022345,2,2
30022469,2,2
30022529,2,2
30022535,2,2
30022581,2,2
30022589,2,2
30022597,2,2
30022608,2,2
30022708,2,2
30022735,2,2
30023917,2,2
30024271,2,2
30025434,2,2
30026366,2,2
30026369,2,2
30026625,2,2
30028162,2,2
30028200,2,2
30028210,2,2
30028331,2,2
30028585,2,2
30028616,2,2
30028659,2,2
30028852,2,2
30038246,2,2
30038252,2,2
30038262,2,2
30038816,2,2
30038827,2,2
30038828,2,2
30038830,2,2
30038956,2,2
30038958,2,2
30038977,2,2
30038979,2,2
30038991,2,2
30039003,2,2
30039006,2,2
30039116,2,2
30039140,2,1
30039216,2,2
30039266,2,2
30039463,2,2
30039578,2,2
30039579,2,2
30039580,2,2
30039679,2,2
30039712,2,2
30040302,2,2
30040413,2,2
30041762,2,2
30042161,2,2
30042266,2,2
30042322,2,2
30042369,2,2
30042376,2,2
30042461,2,2
30042463,2,2
30042471,2,2
30042560,2,2
30042891,2,2
30043024,2,2
30043025,2,2
30043026,2,2
30043095,2,2
30043126,2,2
30043169,2,2
30043212,2,2
30043380,2,2
30043476,2,2
30043478,2,2
30043845,2,2
30043865,2,2
30043922,2,2
30043976,2,2
30043978,2,2
30043980,2,2
30044033,2,2
30044640,2,2
30044707,2,2
30044709,2,2
30044712,2,2
30044771,2,1
30044776,2,2
30044788,2,2
30044792,2,2
30045259,2,2
30047900,2,2
30051056,2,2
30051119,2,2
30051364,2,2
30051732,2,2
30051959,2,2
30051996,2,2
30052081,2,2
30052091,2,2
30052170,2,2
30052200,2,2
30052212,2,2
30052260,2,2
30052295,2,2
30052328,2,2
30052349,2,2
30052352,2,2
30052398,2,2
30052399,2,2
30052478,2,2
30052490,2,2
30052494,2,2
30052594,2,2
30052595,2,2
30052683,2,2
30052696,2,2
30052805,2,2
30052832,2,2
30052935,2,1
30052937,2,2
30053257,2,2
30053275,2,2
30053304,2,2
30053796,2,1
30054009,2,2
30055195,2,2
30055376,2,2
30055383,2,2
30055491,2,2
30055526,2,2
30055537,2,2
30055538,2,2
30055617,2,2
30055629,2,2
30055631,2,2
30055802,2,2
30056080,2,2
30056091,2,2
30056096,2,2
30056190,2,2
30056191,2,2
30056249,2,2
30056250,2,2
30056257,2,2
30056265,2,2
30056270,2,2
30056319,2,2
30056341,2,1
30056348,2,2
30056370,2,2
30056376,2,2
30056380,2,2
30056384,2,2
30056433,2,2
30056434,2,2
30056436,2,1
30056525,2,2
30056540,2,2
30056542,2,2
30056547,2,2
30056549,2,2
30056571,2,2
30056644,2,2
30056671,2,1
30056698,2,2
30056746,2,2
30063664,2,2
30063977,2,2
30064260,2,2
30064398,2,2
30064403,2,2
30064583,2,2
30064589,2,2
30064590,2,2
30064593,2,2
30064602,2,2
30064666,2,2
30064720,2,2
30064734,2,2
30064811,2,2
30065047,2,2
30065049,2,2
30065091,2,2
30065112,2,2
30065115,2,2
30065216,2,2
30065219,2,2
30065224,2,2
30065338,2,2
30065559,2,2
30065563,2,2
30065564,2,2
30065568,2,2
30065573,2,2
30065575,2,2
30065586,2,1
30065598,2,2
30065600,2,2
30065627,2,1
30065682,2,2
30065725,2,2
30065916,2,2
30065993,2,2
30066005,2,2
30066011,2,2
30066060,2,2
30066094,2,2
30066128,2,2
30066288,2,2
30066297,2,2
30066366,2,2
30066367,2,2
30066371,2,2
30066381,2,2
30066387,2,2
30066395,2,2
30066423,2,2
30066429,2,2
30066447,2,1
30066507,2,2
30066508,2,2
30066541,2,2
30066611,2,2
30066619,2,2
30066626,2,2
30066698,2,2
30066700,2,2
30066703,2,2
30066707,2,2
30066724,2,2
30066778,2,2
30066805,2,2
30066807,2,1
30067112,2,2
30067147,2,2
30067614,2,2
30067664,2,2
30067694,2,2
30067726,2,2
30070291,2,2
30070294,2,2
30070351,2,2
30070353,2,2
30070365,2,2
30070384,2,2
30070493,2,2
30070494,2,2
30070497,2,2
30070501,2,2
30070649,2,2
30070665,2,2
30070671,2,2
30070719,2,2
30070720,2,2
30070740,2,2
30070754,2,2
30070763,2,2
30070765,2,2
30070773,2,2
30070792,2,2
30070811,2,2
30070844,2,2
30070846,2,2
30070849,2,2
30070856,2,2
30070869,2,2
30070957,2,2
30070970,2,1
30071050,2,2
30071422,2,2
30071470,2,2
30071675,2,2
30071705,2,2
30071737,2,2
30071750,2,2
30071825,2,2
30071841,2,2
30071848,2,2
30071851,2,2
30071975,2,2
30071997,2,2
30071998,2,2
30072048,2,2
30072052,2,2
30072084,2,2
30072089,2,2
30072095,2,2
30072111,2,2
30072121,2,2
30072135,2,2
30072381,2,2
30072420,2,2
30072422,2,2
30072434,2,2
30072447,2,2
30072452,2,2
30072456,2,2
30072465,2,2
30072482,2,2
30072510,2,2
30072556,2,2
30072575,2,2
30072662,2,2
30072667,2,1
30072687,2,2
30072706,2,2
30072715,2,2
30072749,2,2
30072849,2,2
30072878,2,2
30072879,2,2
30072883,2,2
30072991,2,2
30073154,2,2
30073224,2,2
30078761,2,2
30078790,2,2
30078868,2,2
30078887,2,2
30078896,2,2
30078911,2,2
30078929,2,1
30078943,2,2
30078947,2,2
30079014,2,2
30079040,2,1
30079049,2,2
30079059,2,2
30079082,2,2
30079088,2,2
30079098,2,2
30079110,2,2
30079153,2,2
30079170,2,2
30079252,2,2
30079254,2,2
30079260,2,2
30079300,2,2
30079993,2,2
30080335,2,2
30080338,2,2
30080339,2,2
30081909,2,2
30081961,2,2
30082103,2,2
30082173,2,2
30082200,2,2
30082207,2,2
30082212,2,2
30082393,2,2
30082398,2,2
30082425,2,2
30082780,2,2
30083005,2,2
30083013,2,2
30083014,2,2
30083026,2,2
30083083,2,2
30083168,2,2
30083195,2,2
30086489,2,2
30087738,2,2
30088016,2,2
30089154,2,1
30090554,2,2
30090629,2,2
30090882,2,2
30091227,2,2
30091842,2,2
30092351,2,2
30092757,2,2
30092871,2,2
30101757,2,2
30101762,2,2
30103469,2,2
30103503,2,2
30103511,2,2
30103513,2,2
30103514,2,2
30103518,2,1
30103535,2,2
30103542,2,2
30103549,2,2
30103556,2,2
30103558,2,2
30103571,2,2
30103572,2,2
30103736,2,2
30104715,2,2
30105143,2,1
30105651,2,2
30105802,2,2
30105808,2,2
30106613,2,2
30107896,2,2
30107957,2,2
30108202,2,2
30108205,2,2
30108229,2,2
30108230,2,2
30108433,2,2
30108436,2,2
30113674,2,2
30113691,2,2
30114515,2,2
30114516,2,2
30114552,2,2
30114763,2,2
30114905,2,1
30115064,2,2
30115119,2,2
30115312,2,2
30115313,2,2
30115314,2,2
30115420,2,2
30116365,2,2
30117202,2,2
30117336,2,2
30118188,2,2
30118428,2,2
30118432,2,2
30118435,2,2
30118437,2,2
30118443,2,2
30118652,2,2
30118912,2,2
30119764,2,2
30119984,2,2
30120062,2,2
30122518,2,2
30122523,2,2
30125730,2,2
30125780,2,2
30127085,2,2
30139683,2,2
30139687,2,2
30139694,2,2
30139700,2,2
30139715,2,2
30139716,2,2
30139732,2,2
30139741,2,2
30140080,2,2
30140084,2,2
30140097,2,2
30140123,2,2
30140341,2,2
30140351,2,2
30140368,2,2
30140395,2,2
30140405,2,2
30140424,2,2
30140536,2,1
30140566,2,2
30140572,2,2
30140699,2,2
30140719,2,2
30140739,2,2
30142870,2,2
30142871,2,2
30143023,2,2
30143035,2,2
30143922,2,2
30144248,2,2
30144275,2,2
30145578,2,2
30145911,2,2
30146504,2,1
30146517,2,2
30146520,2,2
30146529,2,2
30146607,2,2
30146904,2,1
30147806,2,2
30147948,2,2
30157291,2,2
30157337,2,2
30157468,2,2
30157470,2,1
30157471,2,1
30157482,2,2
30157485,2,2
30159403,2,2
30160401,2,2
30160741,2,2
30160933,2,2
30160937,2,1
30160965,2,2
30161194,2,2
30161276,2,2
30161380,2,2
30161662,2,2
30161671,2,2
30161772,2,2
30161905,2,2
30161925,2,2
30161927,2,2
30162432,2,2
30162586,2,2
30162587,2,1
30162704,2,2
30164711,2,2
30165056,2,2
30165059,2,2
30165173,2,2
30165308,2,2
30166000,2,2
30166006,2,2
30166013,2,2
30166032,2,2
30166036,2,2
30166042,2,2
30166054,2,2
30166348,2,2
30166350,2,2
30166358,2,2
30166360,2,1
30166367,2,2
30166381,2,2
30168194,2,2
30168321,2,2
30168358,2,2
30168378,2,2
30168397,2,2
30168429,2,2
30168443,2,2
30168483,2,2
30168490,2,2
30168512,2,2
30168519,2,2
30168523,2,2
30168829,2,2
30168833,2,2
30168846,2,2
30168865,2,2
30168875,2,2
30168885,2,2
30168895,2,2
30168917,2,1
30168918,2,2
30168927,2,2
30168929,2,2
30168941,2,2
30168948,2,2
30169431,2,2
30169639,2,2
30169640,2,2
30169645,2,2
30169667,2,2
30169678,2,2
30169714,2,2
30169715,2,2
30169752,2,2
30169756,2,2
30169779,2,2
30169783,2,2
30169785,2,2
30169804,2,1
30169805,2,2
30169807,2,2
30169928,2,2
30170049,2,2
30170075,2,2
30170134,2,2
30170150,2,2
30170158,2,2
30170160,2,2
30170165,2,2
30170181,2,2
30170216,2,2
30170217,2,2
30170221,2,2
30170235,2,1
30170253,2,2
30170266,2,2
30170336,2,2
30170358,2,2
30170364,2,2
30170368,2,2
30170492,2,2
30170494,2,2
30170495,2,2
30170753,2,2
30170929,2,2
30170946,2,2
30170968,2,2
30170969,2,2
30171164,2,2
30173875,2,2
30175693,2,2
30175711,2,2
30175723,2,2
30175728,2,2
30175730,2,2
30177773,2,2
30177775,2,2
30177804,2,2
30177811,2,2
30177844,2,2
30177947,2,2
30177982,2,2
30178024,2,2
30178031,2,2
30178065,2,2
30178067,2,2
30178068,2,2
30178085,2,2
30178843,2,2
30179059,2,2
30179077,2,2
30179662,2,1
30179777,2,2
30181513,2,2
30181514,2,2
30181516,2,2
30181904,2,2
30182047,2,2
30182049,2,2
30182100,2,2
30182101,2,2
30182184,2,2
30182189,2,2
30182240,2,1
30182259,2,2
30183177,2,2
30183178,2,2
30184360,2,2
30184429,2,2
30185446,2,2
30185450,2,1
30185451,2,2
30185452,2,2
30208295,2,2
30212364,2,1
30212369,2,2
30212373,2,2
30212377,2,2
30212378,2,2
30212379,2,2
30212535,2,2
30212563,2,2
30212606,2,1
30212607,2,1
30212994,2,2
30213079,2,2
30213129,2,2
30213203,2,2
30213337,2,2
30213363,2,2
30213500,2,2
30213501,2,2
30213507,2,2
30213512,2,2
30213516,2,2
30213533,2,2
30213548,2,2
30213628,2,2
30213881,2,2
30214016,2,2
30214017,2,2
30214172,2,2
30214174,2,2
30214191,2,2
30214193,2,2
30214207,2,1
30214414,2,2
30214418,2,2
30214718,2,2
30214802,2,2
30214809,2,2
30215412,2,2
30215460,2,2
30215536,2,2
30215574,2,2
30215619,2,2
30215649,2,2
30215673,2,2
30215712,2,2
30215893,2,2
30216163,2,1
30216435,2,2
30216436,2,2
30222450,2,2
30222837,2,2
30222886,2,2
30223403,2,2
30223619,2,2
30223635,2,2
30223655,2,2
30223849,2,2
30223854,2,2
30223857,2,2
30223981,2,2
30223983,2,2
30223992,2,2
30224008,2,2
30226379,2,2
30229436,2,2
30230367,2,2
30231491,2,2
30231543,2,2
30231546,2,2
30231558,2,2
30231566,2,2
30231632,2,2
30232647,2,2
30232669,2,2
30233411,2,2
30233418,2,2
30234862,2,2
30234927,2,2
30235104,2,2
30235375,2,2
30235389,2,2
30235448,2,2
30235495,2,2
30235513,2,2
30235522,2,2
30235541,2,2
30235989,2,1
30236034,2,2
30236080,2,1
30236094,2,2
30236174,2,2
30236266,2,2
30236293,2,2
30236299,2,2
30236329,2,2
30236490,2,2
30236512,2,2
30236626,2,1
30236632,2,2
30236634,2,2
30236637,2,2
30236638,2,2
30236642,2,2
30236643,2,2
30236957,2,2
30237029,2,2
30237248,2,2
30237282,2,2
30237287,2,2
30237317,2,2
30237324,2,2
30237417,2,2
30237419,2,2
30237477,2,2
30237508,2,2
30237522,2,2
30237535,2,2
30237536,2,2
30237571,2,2
30237648,2,2
30237662,2,2
30237853,2,2
30237864,2,2
30237868,2,2
30237909,2,2
30237925,2,2
30237933,2,2
30237943,2,2
30237965,2,2
30237989,2,2
30238039,2,2
30238058,2,2
30238085,2,2
30238100,2,2
30238165,2,2
30238199,2,2
30238298,2,2
30238307,2,2
30238316,2,2
30238322,2,2
30238358,2,2
30238439,2,2
30238457,2,2
30238496,2,2
30238529,2,2
30238563,2,2
30238609,2,2
30238695,2,2
30238858,2,2
30238910,2,2
30238954,2,1
30238962,2,1
30239051,2,2
30239065,2,1
30239142,2,2
30239148,2,2
30239181,2,2
30239330,2,2
30239368,2,2
30239386,2,2
30239447,2,2
30239480,2,2
30239678,2,2
30239680,2,2
30239852,2,2
30239904,2,2
30239908,2,2
30240065,2,2
30240150,2,2
30240162,2,2
30240182,2,2
30240191,2,2
30240198,2,2
30240240,2,2
30240309,2,2
30240322,2,2
30240411,2,2
30240480,2,2
30240492,2,2
30240537,2,2
30240543,2,2
30240558,2,2
30240560,2,2
30240599,2,2
30240603,2,2
30240614,2,2
30240616,2,2
30240655,2,2
30240734,2,2
30240848,2,2
30240852,2,2
30240925,2,2
30240949,2,2
30240988,2,2
30241006,2,2
30241027,2,2
30241403,2,2
30241481,2,2
30241482,2,2
30241811,2,2
30242260,2,2
30242289,2,2
30242295,2,2
30242303,2,2
30242304,2,2
30242315,2,2
30242335,2,2
30242380,2,2
30242388,2,2
30243055,2,2
30243608,2,2
30243654,2,2
30244425,2,2
30244468,2,2
30244595,2,2
30244599,2,2
30244619,2,2
30244639,2,2
30244755,2,2
30246053,2,2
30246063,2,2
30246073,2,2
30246075,2,2
30246080,2,2
30246083,2,2
30246102,2,2
30246122,2,2
30246139,2,2
30246264,2,2
30246286,2,2
30246293,2,1
30246897,2,2
30246919,2,2
30246934,2,2
30247006,2,2
30247009,2,2
30247017,2,2
30247023,2,2
30247185,2,2
30247486,2,1
30262588,2,2
30262600,2,1
30262615,2,2
30262623,2,2
30262625,2,2
30262628,2,2
30262633,2,2
30262635,2,2
30262988,2,2
30263091,2,2
30263160,2,2
30263161,2,2
30263169,2,2
30263172,2,2
30263200,2,2
30263209,2,2
30263219,2,2
30263220,2,2
30263227,2,2
30263777,2,2
30263805,2,2
30263849,2,2
30263889,2,2
30263892,2,2
30264054,2,2
30264552,2,2
30264554,2,2
30264555,2,2
30264596,2,2
30264618,2,2
30264942,2,2
30265028,2,2
30265039,2,2
30266589,2,2
30266657,2,2
30267137,2,2
30267180,2,2
30267181,2,2
30267183,2,2
30267319,2,2
30267345,2,1
30267350,2,2
30267369,2,2
30267401,2,2
30267510,2,2
30267528,2,2
30267532,2,2
30267543,2,2
30267552,2,2
30267559,2,2
30267560,2,2
30267576,2,2
30267621,2,2
30267627,2,2
30267760,2,2
30267781,2,2
30267791,2,2
30267838,2,2
30267862,2,2
30267863,2,2
30267873,2,2
30267877,2,2
30267878,2,2
30268119,2,1
30268126,2,2
30268128,2,2
30268200,2,2
30268216,2,2
30268428,2,2
30268429,2,2
30268634,2,2
30268783,2,2
30268791,2,2
30268818,2,2
30268822,2,2
30268832,2,1
30268843,2,2
30268850,2,2
30276463,2,2
30276484,2,2
30276497,2,1
30277698,2,2
30277703,2,2
30277708,2,2
30278688,2,2
30279634,2,2
30279701,2,2
30282912,2,2
30282918,2,2
30283637,2,2
30283643,2,2
30283807,2,2
30283831,2,2
30283842,2,2
30283845,2,2
30283857,2,2
30283862,2,2
30283864,2,2
30283886,2,2
30283907,2,2
30283925,2,1
30283970,2,2
30283973,2,2
30284041,2,2
30284048,2,2
30284351,2,2
30284373,2,2
30284379,2,2
30284380,2,2
30284594,2,2
30284596,2,2
30284629,2,2
30284720,2,2
30284739,2,2
30284758,2,2
30284769,2,2
30284773,2,2
30284784,2,2
30284786,2,2
30284826,2,2
30284910,2,2
30285060,2,1
30285210,2,2
30285861,2,2
30285866,2,2
30285932,2,2
30285980,2,2
30286208,2,2
30286211,2,2
30286234,2,2
30286295,2,2
30286297,2,2
30286515,2,2
30286705,2,2
30287155,2,2
30287163,2,1
30287287,2,1
30287320,2,2
30287337,2,2
30287395,2,2
30287471,2,2
30287515,2,2
30287578,2,2
30287642,2,2
30287655,2,2
30287793,2,2
30287796,2,2
30287815,2,2
30287834,2,2
30288015,2,2
30288075,2,2
30288093,2,2
30288094,2,2
30288095,2,2
30288098,2,2
30288099,2,1
30288154,2,2
30288228,2,2
30288267,2,2
30288323,2,2
30288329,2,2
30288345,2,2
30288346,2,2
30288348,2,2
30288350,2,2
30288353,2,2
30288357,2,2
30288370,2,2
30288376,2,2
30288383,2,2
30288393,2,2
30288414,2,2
30288416,2,2
30288418,2,2
30288493,2,2
30288496,2,2
30288529,2,2
30288738,2,1
30288765,2,2
30290141,2,2
30290147,2,2
30290153,2,2
30290523,2,2
30290543,2,1
30290624,2,2
30290626,2,2
30290632,2,2
30290634,2,2
30290640,2,2
30290676,2,2
30290679,2,2
30290680,2,2
30290686,2,2
30290705,2,2
30290715,2,2
30290716,2,2
30290795,2,1
30290817,2,2
30290818,2,1
30290851,2,2
30291044,2,2
30291057,2,2
30291072,2,2
30291074,2,2
30291076,2,2
30291080,2,2
30291165,2,2
30291187,2,2
30291202,2,2
30291275,2,1
30291314,2,2
30291336,2,1
30291349,2,2
30291355,2,2
30291501,2,2
30291533,2,2
30291776,2,2
30291779,2,2
30291799,2,2
30291800,2,2
30292120,2,2
30292127,2,2
30292259,2,2
30292265,2,2
30292274,2,2
30292278,2,2
30292299,2,2
30292307,2,2
30292320,2,2
30292352,2,2
30292393,2,2
30292400,2,2
30292432,2,2
30294809,2,2
30297531,2,2
30297707,2,2
30298142,2,2
30298144,2,2
30299204,2,2
30299275,2,1
30299684,2,2
30299698,2,2
30299979,2,2
30299999,2,2
30300007,2,2
30300018,2,2
30300025,2,2
30300026,2,2
30300028,2,2
30300071,2,2
30300631,2,2
30300758,2,2
30300763,2,2
30300769,2,2
30300781,2,2
30300785,2,2
30300792,2,2
30300799,2,2
30300812,2,1
30301338,2,2
30301397,2,2
30301398,2,2
30301405,2,2
30301407,2,2
30301411,2,2
30301429,2,2
30301492,2,2
30301521,2,2
30301522,2,2
30301528,2,2
30301534,2,2
30301536,2,2
30301545,2,2
30301550,2,2
30301551,2,2
30311172,2,2
30311254,2,2
30311396,2,2
30311588,2,2
30311593,2,2
30311646,2,2
30311749,2,2
30311827,2,1
30311867,2,1
30311870,2,1
30311871,2,2
30312141,2,2
30312159,2,2
30312160,2,2
30312315,2,2
30312381,2,2
30312398,2,2
30312400,2,2
30312403,2,2
30312405,2,2
30312406,2,2
30312408,2,1
30312409,2,2
30312412,2,2
30312448,2,2
30312450,2,2
30312468,2,2
30312474,2,2
30312475,2,1
30312543,2,2
30312546,2,2
30312549,2,2
30312550,2,2
30312588,2,2
30312693,2,2
30312707,2,2
30312840,2,2
30312894,2,2
30312915,2,2
30312960,2,2
30312980,2,2
30312981,2,2
30312986,2,2
30312988,2,1
30312991,2,2
30312998,2,2
30313026,2,2
30313374,2,2
30313382,2,2
30313678,2,2
30313749,2,2
30313751,2,2
30313754,2,2
30313776,2,2
30313782,2,2
30313833,2,2
30313888,2,2
30313905,2,2
30313912,2,2
30313917,2,2
30313927,2,1
30314164,2,2
30314504,2,2
30314505,2,2
30314528,2,2
30314832,2,2
30314833,2,2
30314839,2,2
30314842,2,2
30314847,2,2
30315023,2,2
30316323,2,2
30316341,2,2
30316371,2,2
30316390,2,1
30316401,2,2
30316406,2,2
30316433,2,2
30317885,2,2
30318246,2,2
30319169,2,2
30320482,2,2
30322401,2,2
30322414,2,2
30322418,2,2
30322460,2,2
30322564,2,2
30322565,2,2
30322808,2,2
30322967,2,2
30323063,2,2
30323065,2,2
30323160,2,2
30323161,2,2
30323680,2,2
30324004,2,2
30324439,2,2
30324526,2,2
30325392,2,2
30332982,2,2
30332993,2,2
30332995,2,2
30333002,2,2
30333009,2,1
30333019,2,2
30333450,2,2
30333804,2,2
30333929,2,2
30334197,2,2
30334238,2,2
30335205,2,2
30335213,2,2
30335214,2,2
30335365,2,1
30335399,2,2
30335503,2,2
30336116,2,2
30336857,2,2
30336859,2,2
30336860,2,1
30336877,2,2
30336994,2,2
30337097,2,2
30337395,2,2
30337404,2,2
30337405,2,2
30337697,2,2
30337714,2,2
30337715,2,2
30337772,2,2
30337921,2,2
30337922,2,2
30337923,2,2
30337926,2,2
30337933,2,2
30337946,2,2
30337966,2,2
30337970,2,2
30337977,2,2
30337996,2,1
30338000,2,1
30338659,2,2
30339449,2,2
30350411,2,2
30350474,2,2
30351310,2,2
30351430,2,2
30351705,2,2
30353060,2,2
30353072,2,1
30353084,2,2
30353175,2,2
30353177,2,2
30353318,2,2
30353319,2,2
30353470,2,2
30353734,2,2
30353747,2,2
30354000,2,2
30354130,2,2
30354132,2,2
30354135,2,2
30354163,2,1
30354181,2,2
30354189,2,2
30354192,2,2
30354495,2,2
30354497,2,2
30354498,2,2
30354501,2,2
30354515,2,2
30354520,2,2
30354521,2,2
30354781,2,1
30354814,2,2
30354898,2,1
30354906,2,2
30354934,2,2
30354938,2,2
30354946,2,2
30354953,2,2
30354959,2,2
30354962,2,2
30354963,2,2
30354986,2,2
30355003,2,2
30355014,2,2
30355074,2,2
30355088,2,2
30355145,2,2
30355217,2,2
30355219,2,2
30355245,2,2
30355248,2,2
30355249,2,2
30355255,2,2
30355258,2,2
30355278,2,2
30355285,2,2
30355348,2,2
30355354,2,2
30355370,2,2
30355407,2,2
30355409,2,2
30355411,2,2
30355447,2,2
30355577,2,1
30355652,2,2
30355664,2,2
30355682,2,2
30355687,2,2
30355689,2,2
30355709,2,2
30357241,2,2
30357926,2,2
30357981,2,2
30358009,2,2
30358011,2,2
30358017,2,2
30358023,2,2
30358025,2,2
30358608,2,2
30358617,2,2
30358618,2,2
30358620,2,2
30358696,2,2
30358755,2,2
30358770,2,2
30358837,2,2
30359070,2,2
30360250,2,1
30360551,2,2
30360767,2,2
30360821,2,2
30360822,2,1
30360823,2,2
30360854,2,2
30360888,2,2
30360889,2,2
30360890,2,1
30360901,2,2
30360902,2,2
30360986,2,2
30361019,2,2
30361035,2,2
30361061,2,2
30361064,2,2
30361087,2,2
30361088,2,2
30361172,2,2
30361175,2,2
30361310,2,2
30361311,2,2
30361323,2,2
30361328,2,2
30361594,2,2
30361619,2,2
30361621,2,2
30361622,2,2
30361633,2,1
30361637,2,2
30361696,2,2
30361752,2,2
30361761,2,2
30361762,2,2
30361765,2,2
30361847,2,2
30361870,2,2
30361881,2,2
30361884,2,2
30361888,2,2
30361897,2,2
30361909,2,2
30361917,2,2
30361925,2,1
30361931,2,2
30361940,2,2
30361943,2,2
30361945,2,2
30361947,2,2
30361990,2,2
30361997,2,2
30361999,2,2
30362003,2,2
30362027,2,2
30362038,2,2
30362044,2,2
30362080,2,2
30362083,2,2
30362265,2,2
30362266,2,2
30362377,2,2
30362391,2,2
30362400,2,2
30362606,2,2
30362607,2,2
30362630,2,2
30362634,2,2
30362636,2,2
30362700,2,2
30362702,2,2
30362704,2,2
30362717,2,2
30362753,2,1
30362755,2,2
30362769,2,2
30362772,2,2
30362832,2,2
30362833,2,1
30362868,2,2
30362870,2,2
30362877,2,2
30362893,2,2
30362894,2,2
30362900,2,2
30362924,2,2
30362945,2,2
30362951,2,2
30362954,2,2
30362958,2,2
30362965,2,2
30362969,2,2
30362971,2,2
30362976,2,2
30362987,2,2
30362989,2,2
30363310,2,2
30363312,2,2
30363359,2,2
30363361,2,2
30363465,2,2
30363471,2,2
30363474,2,2
30363500,2,2
30363507,2,2
30363512,2,2
30363514,2,2
30363516,2,2
30363583,2,2
30363600,2,2
30363636,2,2
30363660,2,2
30363673,2,2
30363680,2,2
30363691,2,2
30363693,2,2
30363696,2,2
30363732,2,2
30363744,2,2
30363775,2,2
30363779,2,2
30363850,2,2
30363912,2,2
30363915,2,2
30363921,2,2
30363943,2,2
30364055,2,2
30364158,2,2
30364263,2,1
30364280,2,2
30364281,2,2
30364285,2,2
30364309,2,2
30364346,2,2
30365288,2,2
30365301,2,2
30365321,2,2
30365323,2,1
30365325,2,2
30365329,2,1
30365346,2,2
30365416,2,2
30365498,2,2
30365535,2,1
30366137,2,2
30366248,2,2
30366256,2,1
30366264,2,2
30366280,2,2
30366281,2,1
30366529,2,2
30366538,2,1
30366550,2,2
30366563,2,2
30366576,2,2
30368176,2,2
30368185,2,2
30368193,2,2
30368208,2,2
30368210,2,2
30368230,2,2
30368382,2,2
30368385,2,2
30370927,2,2
30370986,2,2
30372794,2,2
30377213,2,2
30383800,2,2
30394594,2,2
30396268,2,1
30396294,2,2
30396295,2,2
30396666,2,2
30397015,2,1
30397104,2,2
30397111,2,2
30397115,2,2
30397123,2,2
30397236,2,2
30397237,2,2
30397364,2,2
30397374,2,2
30397468,2,2
30398029,2,1
30398600,2,2
30398716,2,2
30402201,2,2
30406192,2,2
30406197,2,2
30406202,2,2
30409148,2,2
30409150,2,2
30409200,2,2
30410145,2,2
30410154,2,1
30410157,2,2
30410159,2,2
30410164,2,1
30410171,2,2
30410960,2,2
30411688,2,2
30416339,2,2
30419003,2,2
30419004,2,2
30419006,2,2
30419007,2,2
30419018,2,2
30419974,2,2
30420019,2,2
30420020,2,2
30420026,2,2
30420841,2,2
30420931,2,2
30422430,2,2
30422623,2,2
30427340,2,2
30428725,2,2
30428747,2,2
30428758,2,2
30428773,2,2
30428881,2,2
30428882,2,2
30428885,2,2
30428889,2,2
30433134,2,2
30433135,2,1
30433182,2,2
30433717,2,2
30433775,2,2
30434997,2,2
30435424,2,2
30435452,2,2
30435542,2,2
30435546,2,2
30435613,2,1
30435780,2,2
30436006,2,1
30436517,2,2
30436832,2,1
30437270,2,2
30437398,2,2
30437846,2,2
30437850,2,2
30437875,2,2
30438377,2,2
30438442,2,2
30439014,2,2
30439475,2,2
30439516,2,2
30439519,2,2
30440132,2,2
30440623,2,2
30440624,2,2
30440627,2,2
30441486,2,2
30441639,2,2
30441843,2,2
30441851,2,2
30441860,2,2
30441865,2,2
30443342,2,2
30443613,2,2
30445980,2,2
30450830,2,2
30451550,2,2
30452126,2,2
30455097,2,2
30456068,2,2
30456257,2,2
30456258,2,2
30456260,2,1
30456627,2,2
30456631,2,2
30457168,2,2
30457171,2,2
30457209,2,2
30457622,2,2
30457656,2,2
30457666,2,2
30457689,2,2
30457719,2,2
30457735,2,2
30457827,2,2
30457845,2,2
30457883,2,2
30457903,2,2
30457998,2,2
30458210,2,2
30458242,2,2
30458321,2,2
30458344,2,2
30458357,2,2
30458361,2,2
30458433,2,2
30458435,2,2
30458467,2,2
30458472,2,2
30458485,2,1
30458657,2,2
30459066,2,2
30459107,2,2
30459112,2,2
30459120,2,2
30459145,2,2
30459148,2,2
30459155,2,2
30459178,2,2
30459203,2,2
30459332,2,2
30459341,2,2
30459343,2,2
30459345,2,2
30459637,2,2
30459921,2,2
30460147,2,2
30460219,2,2
30460264,2,2
30460430,2,2
30460436,2,2
30460513,2,2
30460516,2,2
30460561,2,2
30460565,2,2
30460569,2,2
30460571,2,2
30461052,2,2
30461055,2,1
30475374,2,2
30522037,2,2
30522046,2,2
30522071,2,2
30522074,2,2
30522079,2,2
30522095,2,2
30522096,2,2
30522097,2,2
30522457,2,2
30522491,2,2
30522505,2,2
30522517,2,2
30522679,2,2
30522682,2,2
30522684,2,2
30522735,2,2
30522764,2,2
30522772,2,2
30522773,2,2
30522782,2,2
30522784,2,2
30523033,2,2
30523044,2,2
30523045,2,2
30523109,2,2
30523135,2,2
30523143,2,2
30523192,2,2
30523212,2,2
30523213,2,2
30523373,2,2
30523413,2,2
30523552,2,2
30524024,2,2
30524069,2,2
30524073,2,2
30524077,2,2
30524085,2,2
30524117,2,1
30524147,2,2
30524148,2,2
30524150,2,2
30524166,2,1
30524185,2,2
30524187,2,2
30524192,2,2
30524228,2,2
30539401,2,2
30539405,2,2
30539407,2,2
30539408,2,2
30539436,2,2
30539437,2,2
30539444,2,2
30539456,2,2
30539457,2,2
30539665,2,2
30539695,2,2
30539736,2,2
30539748,2,2
30540293,2,2
30540603,2,2
30540611,2,2
30540621,2,2
30540640,2,2
30540646,2,2
30540676,2,2
30540929,2,2
30540931,2,2
30540933,2,2
30541205,2,1
30541236,2,2
30541428,2,2
30541429,2,2
30541698,2,2
30542417,2,2
30542614,2,2
30543033,2,2
30543037,2,2
30543039,2,2
30544727,2,2
30545355,2,2
30545423,2,2
30545449,2,1
30545450,2,1
30548687,2,2
30548688,2,2
30548896,2,2
30552028,2,2
30552035,2,2
30553815,2,2
30554259,2,2
30554286,2,2
30567097,2,1
30567742,2,2
30567778,2,2
30567799,2,1
30567800,2,2
30567813,2,2
30567822,2,2
30568036,2,2
30568169,2,2
30568243,2,2
30568273,2,2
30568284,2,2
30568305,2,2
30568357,2,2
30568377,2,2
30568421,2,2
30568467,2,2
30568497,2,2
30568510,2,2
30568512,2,2
30568516,2,2
30568563,2,2
30568566,2,2
30568590,2,2
30568592,2,2
30568594,2,2
30568600,2,2
30568604,2,2
30568611,2,2
30568613,2,2
30568618,2,2
30569081,2,2
30569084,2,2
30587398,2,2
30592362,2,2
30602790,2,2
30602791,2,2
30651134,2,2
30802213,2,2
30802253,2,2
30809410,2,2
30809413,2,2
30809421,2,2
30809427,2,2
30809429,2,2
30809468,2,2
30809571,2,2
30809581,2,2
30809582,2,2
30809583,2,2
30809768,2,2
30810359,2,2
30810469,2,2
30810584,2,2
30811644,2,1
30811763,2,2
30811848,2,2
30811850,2,2
30812595,2,2
30812854,2,2
30814101,2,1
30814102,2,2
30815044,2,2
30815046,2,2
30815204,2,2
30815841,2,2
30815929,2,2
30816332,2,2
30816336,2,2
30816693,2,2
30816696,2,2
30819739,2,2
30819853,2,2
30821123,2,2
30821727,2,1
30821732,2,2
30821750,2,2
30821758,2,2
30821867,2,2
30822281,2,2
30822525,2,2
30822528,2,2
30822859,2,2
30824241,2,2
30825632,2,2
30828006,2,2
30828053,2,1
30829547,2,2
30829592,2,2
30829597,2,2
30829598,2,2
30829692,2,2
30829706,2,2
30862650,2,2
30864460,2,2
30865812,2,2
30866310,2,2
30866313,2,2
30868730,2,2
30868745,2,2
30868818,2,2
30868824,2,2
30868828,2,2
30869885,2,2
30873144,2,2
30875249,2,1
30880758,2,2
30882175,2,2
30882341,2,2
30883042,2,2
30883047,2,2
30883248,2,2
30883250,2,2
30883308,2,2
30883890,2,2
30884024,2,2
30885080,2,2
30885882,2,2
30889362,2,2
30890811,2,2
30890812,2,2
30894551,2,2
30901046,2,2
30901107,2,2
30901293,2,2
30903783,2,2
30918202,2,2
30924660,2,2
30924693,2,2
30924739,2,2
30928816,2,2
30931443,2,1
30935392,2,2
30935500,2,2
95000582,2,2
95069049,2,2
95069135,2,2
95073731,2,2
95075057,2,2
95088122,2,2
95088180,2,1
95088192,2,2
95088209,2,2
95088239,2,1
95088297,2,2
95088307,2,2
95088387,2,1
95088414,2,2
95088426,2,2
95088440,2,2
95088446,2,2
95088549,2,2
95088559,2,2
95088563,2,2
20000578,1,1
20000769,1,1
20000806,1,1
20003654,1,1
20006884,1,1
20007300,1,1
20008093,1,1
20008970,1,1
20010638,1,1
20010836,1,1
20010959,1,1
20010980,1,1
20011116,1,1
20011130,1,1
20011208,1,1
20012281,1,1
20013820,1,1
20014759,1,1
20014766,1,1
20015237,1,1
20015343,1,1
20018498,1,1
20018528,1,1
20020675,1,1
20020712,1,1
20020989,1,1
20021184,1,1
20021207,1,1
20021351,1,1
20021474,1,1
20021542,1,1
20021856,1,1
20021870,1,1
20021900,1,1
20022105,1,1
20022136,1,1
20022143,1,1
20022303,1,1
20022372,1,1
20023096,1,1
20023119,1,1
20025748,1,1
20026608,1,1
20026653,1,1
20027292,1,1
20043186,1,1
20209100,1,1
20209261,1,1
20209339,1,1
20210878,1,1
20210922,1,1
20211387,1,1
20211417,1,1
20211462,1,1
20211950,1,1
20212247,1,1
20213404,1,1
20213435,1,1
20213596,1,1
20214074,1,1
20214098,1,1
20214173,1,1
20214265,1,1
20214289,1,1
20214487,1,1
20214517,1,1
20214548,1,1
20214753,1,1
20214838,1,1
20214876,1,1
20215040,1,1
20215729,1,1
20216016,1,1
20216061,1,1
20216153,1,1
20216214,1,1
20216399,1,1
20217334,1,1
20219543,1,1
20219680,1,1
20220280,1,1
20220303,1,1
20220341,1,1
20220693,1,1
20220846,1,1
20221133,1,1
20221201,1,1
20221263,1,1
20221287,1,1
20221348,1,1
20221447,1,1
20221652,1,1
20222086,1,1
20222291,1,1
20223571,1,1
20223793,1,1
20224035,1,1
20224103,1,1
20224158,1,1
20236335,1,1
20237202,1,1
20238346,1,1
20239657,1,1
20240431,1,1
20240448,1,1
20240509,1,1
20240523,1,1
20244026,1,1
20254483,1,1
20254858,1,1
20254889,1,1
20254957,1,1
20255152,1,1
20255183,1,1
20255480,1,1
20255527,1,1
20256395,1,1
20256531,1,1
20256692,1,1
20261146,1,1
20261306,1,1
20261320,1,1
20261481,1,1
20261627,1,1
20261702,1,1
20261887,1,1
20263508,1,1
20264772,1,1
20264796,1,1
20265168,1,1
20265236,1,1
20265779,1,1
20265861,1,1
20265984,1,1
20266097,1,1
20266103,1,1
20266189,1,1
20266370,1,1
20267612,1,1
20267841,1,1
20267858,1,1
20267872,1,1
20268022,1,1
20268251,1,1
20270810,1,1
20271503,1,1
20271794,1,1
20273880,1,1
20276478,1,1
20276522,1,1
20279660,1,1
20280666,1,1
20280772,1,1
20280789,1,1
20281656,1,1
20281687,1,1
20281786,1,1
20281823,1,1
20285449,1,1
20285647,1,1
20289270,1,1
20290603,1,1
20291006,1,1
20293895,1,1
20294755,1,1
20294892,1,1
20294915,1,1
20295059,1,1
20295530,1,1
20295639,1,1
20295905,1,1
20296018,1,1
20297381,1,1
20297640,1,1
20418649,1,1
20449162,1,1
20449711,1,1
20449803,1,1
20452094,1,1
20452100,1,1
20482459,1,1
20482466,1,1
20482497,1,1
20485627,1,1
20485726,1,1
20487805,1,1
20487980,1,1
20488215,1,1
20488222,1,1
20488543,1,1
20488970,1,1
20489120,1,1
20489137,1,1
20489144,1,1
20489151,1,1
20489199,1,1
20489205,1,1
20489212,1,1
20489380,1,1
20489397,1,1
20489427,1,1
20489434,1,1
20489458,1,1
20493851,1,1
20493882,1,1
20494346,1,1
20546311,1,1
20546335,1,1
20598648,1,1
20611910,1,1
20629816,1,1
20659202,1,1
20659264,1,1
20659394,1,1
20659684,1,1
20659752,1,1
20660598,1,1
20660741,1,1
20660871,1,1
20660901,1,1
20660918,1,1
20661373,1,1
20661458,1,1
20661700,1,1
20661922,1,1
20662257,1,1
20662394,1,1
20662417,1,1
20662424,1,1
20662523,1,1
20662578,1,1
20662592,1,1
20662615,1,1
20662639,1,1
20662653,1,1
20662677,1,1
20662738,1,1
20662769,1,1
20662820,1,1
20662837,1,1
20662844,1,1
20663254,1,1
20663384,1,1
20663513,1,1
20663605,1,1
20663940,1,1
20664350,1,1
20664466,1,1
20664503,1,1
20664695,1,1
20685942,1,1
20687052,1,1
20687243,1,1
20687250,1,1
20687281,1,1
20687458,1,1
20687472,1,1
20688356,1,1
20688400,1,1
20688592,1,1
20688783,1,1
20689131,1,1
20689353,1,1
20689520,1,1
20689650,1,1
20696801,1,1
20746179,1,1
20775810,1,1
20777012,1,1
20777074,1,1
20777081,1,1
20782641,1,1
20784812,1,1
20785086,1,1
20794705,1,1
20796402,1,1
20802165,1,1
20803223,1,1
20803582,1,1
20803933,1,1
20807658,1,1
20807665,1,1
20812355,1,1
20812652,1,1
20812874,1,1
20813000,1,1
20813055,1,1
20813116,1,1
20813185,1,1
20813222,1,1
20814502,1,1
20814557,1,1
20814588,1,1
20814816,1,1
20814861,1,1
20815264,1,1
20816414,1,1
20816469,1,1
20816797,1,1
20816803,1,1
20816834,1,1
20816957,1,1
20817503,1,1
20817596,1,1
20817749,1,1
20817978,1,1
20817992,1,1
20818098,1,1
20818234,1,1
20818326,1,1
20818449,1,1
20818494,1,1
20818746,1,1
20818968,1,1
20819453,1,1
20819620,1,1
20819736,1,1
20819897,1,1
20820077,1,1
20820398,1,1
20820411,1,1
20820428,1,1
20821227,1,1
20821234,1,1
20822361,1,1
20822675,1,1
20822743,1,1
20824006,1,1
20824051,1,1
20827489,1,1
20827724,1,1
20828981,1,1
20829124,1,1
20830298,1,1
20833244,1,1
20834173,1,1
20837693,1,1
20837907,1,1
20844684,1,1
20844950,1,1
20844967,1,1
20844974,1,1
20845759,1,1
20846503,1,1
20851668,1,1
20851729,1,1
20851910,1,1
20851941,1,1
20859022,1,1
20859343,1,1
20861032,1,1
20861049,1,1
20867133,1,1
20868727,1,1
20870461,1,1
20873493,1,1
20876029,1,1
20878658,1,1
20882297,1,1
20882471,1,1
20889111,1,1
20890056,1,1
20890179,1,1
20890667,1,1
20890971,1,1
20891046,1,1
20891145,1,1
20892135,1,1
20892203,1,1
20892340,1,1
20894443,1,1
20919764,1,1
20919887,1,1
20919962,1,1
20919979,1,1
20920210,1,1
20920623,1,1
20921293,1,1
20924140,1,1
20928971,1,1
20930516,1,1
20932350,1,1
20933524,1,1
20933685,1,1
20933739,1,1
20933821,1,1
20933845,1,1
20933869,1,1
20934071,1,1
20934248,1,1
20934477,1,1
20934507,1,1
20934552,1,1
20934699,1,1
20934873,1,1
20936730,1,1
20940997,1,1
20941031,1,1
20941123,1,1
20941130,1,1
20969370,1,1
20969530,1,1
20976736,1,1
20981044,1,1
21004308,1,1
21007941,1,1
21007996,1,1
21008184,1,1
21008269,1,1
21008399,1,1
21008610,1,1
21008665,1,1
21008979,1,1
21011870,1,1
21011979,1,1
21012013,1,1
21012112,1,1
21014185,1,1
21014208,1,1
21014260,1,1
21014321,1,1
21014673,1,1
21014857,1,1
21014932,1,1
21014994,1,1
21015083,1,1
21015090,1,1
21015335,1,1
21015403,1,1
21015434,1,1
21015564,1,1
21028953,1,1
21032516,1,1
21038815,1,1
21055027,1,1
21076596,1,1
21076725,1,1
21076749,1,1
21078491,1,1
21078538,1,1
21088568,1,1
21088612,1,1
21088681,1,1
21090455,1,1
21097416,1,1
21097423,1,1
21097447,1,1
21097638,1,1
21097843,1,1
21098437,1,1
21098444,1,1
21098475,1,1
21098482,1,1
21098512,1,1
21098529,1,1
21098574,1,1
21098772,1,1
21104633,1,1
21115325,1,1
21115363,1,1
21115417,1,1
21115424,1,1
21123337,1,1
21128431,1,1
21131516,1,1
21131851,1,1
21140976,1,1
21150678,1,1
21170164,1,1
21177927,1,1
21178191,1,1
21179211,1,1
21179983,1,1
21180002,1,1
21180057,1,1
21180101,1,1
21180224,1,1
21188060,1,1
21188107,1,1
21188121,1,1
21188275,1,1
21188404,1,1
21188411,1,1
21188466,1,1
21188589,1,1
21188619,1,1
21188701,1,1
21188763,1,1
21188770,1,1
21188794,1,1
21188817,1,1
21188831,1,1
21188862,1,1
21188893,1,1
21188923,1,1
21188961,1,1
21189050,1,1
21189074,1,1
21189081,1,1
21189159,1,1
21189272,1,1
21189319,1,1
21189333,1,1
21189340,1,1
21189432,1,1
21189456,1,1
21189463,1,1
21189487,1,1
21189630,1,1
21189678,1,1
21189722,1,1
21189753,1,1
21192029,1,1
21192111,1,1
21192319,1,1
21192340,1,1
21192586,1,1
21192616,1,1
21192685,1,1
21196744,1,1
21199936,1,1
21199943,1,1
21200007,1,1
21200151,1,1
21201165,1,1
21201660,1,1
21202063,1,1
21202377,1,1
21202940,1,1
21203091,1,1
21203510,1,1
21204296,1,1
21204739,1,1
21204746,1,1
21204838,1,1
21204906,1,1
21204913,1,1
21204975,1,1
21205095,1,1
21205835,1,1
21205897,1,1
21205934,1,1
21206009,1,1
21206405,1,1
21206528,1,1
21207297,1,1
21207907,1,1
21208584,1,1
21209123,1,1
21209666,1,1
21212871,1,1
21213045,1,1
21213052,1,1
21213106,1,1
21213113,1,1
21213144,1,1
21213557,1,1
21214554,1,1
21214561,1,1
21214806,1,1
21215506,1,1
21215537,1,1
21215551,1,1
21217739,1,1
21227431,1,1
21227479,1,1
21227615,1,1
21227714,1,1
21227752,1,1
21230110,1,1
21231735,1,1
21232398,1,1
21242700,1,1
21242885,1,1
21242915,1,1
21244261,1,1
21244469,1,1
21244490,1,1
21244513,1,1
21244568,1,1
21244605,1,1
21244643,1,1
21244674,1,1
21244681,1,1
21244735,1,1
21244759,1,1
21244766,1,1
21244841,1,1
21245176,1,1
21245183,1,1
21245213,1,1
21245350,1,1
21245589,1,1
21246807,1,1
21246869,1,1
21247200,1,1
21247286,1,1
21247644,1,1
21247699,1,1
21247743,1,1
21248542,1,1
21248603,1,1
21248818,1,1
21248993,1,1
21249785,1,1
21249792,1,1
21249969,1,1
21250071,1,1
21251207,1,1
21252594,1,1
21257636,1,1
21261084,1,1
21261459,1,1
21261466,1,1
21261473,1,1
21261497,1,1
21261510,1,1
21261589,1,1
21261596,1,1
21261787,1,1
21261794,1,1
21261800,1,1
21262272,1,1
21279829,1,1
21287480,1,1
21287503,1,1
21288463,1,1
21288678,1,1
21292194,1,1
21292552,1,1
21294228,1,1
21294525,1,1
21294563,1,1
21296390,1,1
21297625,1,1
21297939,1,1
21298592,1,1
21299230,1,1
21299254,1,1
21302947,1,1
21302961,1,1
21303050,1,1
21303081,1,1
21306877,1,1
21325229,1,1
21326448,1,1
21326479,1,1
21326516,1,1
21326561,1,1
21326714,1,1
21327544,1,1
21328497,1,1
21328503,1,1
21335945,1,1
21338687,1,1
21338847,1,1
21338960,1,1
21339028,1,1
21339226,1,1
21339240,1,1
21339257,1,1
21339301,1,1
21339318,1,1
21339578,1,1
21340574,1,1
21340581,1,1
21340673,1,1
21340734,1,1
21340758,1,1
21340987,1,1
21350078,1,1
21352607,1,1
21355677,1,1
21355752,1,1
21363443,1,1
21366062,1,1
21379024,1,1
21379031,1,1
21379215,1,1
21381485,1,1
21382079,1,1
21382147,1,1
21384363,1,1
21385087,1,1
21385872,1,1
21387012,1,1
21387043,1,1
21387067,1,1
21387081,1,1
21387425,1,1
21387685,1,1
21387821,1,1
21387838,1,1
21388781,1,1
21390869,1,1
21391873,1,1
21393594,1,1
21394171,1,1
21395451,1,1
21409974,1,1
21411144,1,1
21412967,1,1
21413001,1,1
21413056,1,1
21413384,1,1
21422577,1,1
21422904,1,1
21422928,1,1
21423154,1,1
21432590,1,1
21434501,1,1
21435386,1,1
21435393,1,1
21435546,1,1
21436185,1,1
21436192,1,1
21440397,1,1
21443046,1,1
21443633,1,1
21443671,1,1
21452390,1,1
21452420,1,1
21452604,1,1
21452710,1,1
21453205,1,1
21453816,1,1
21453847,1,1
21454196,1,1
21456268,1,1
21456749,1,1
21457289,1,1
21457944,1,1
21458187,1,1
21458460,1,1
21459573,1,1
21459955,1,1
21460609,1,1
21460616,1,1
21460746,1,1
21460753,1,1
21460890,1,1
21460944,1,1
21460975,1,1
21460982,1,1
21461095,1,1
21461132,1,1
21461187,1,1
21461194,1,1
21461217,1,1
21461262,1,1
21461583,1,1
21461958,1,1
21462009,1,1
21462030,1,1
21462092,1,1
21462122,1,1
21462153,1,1
21462245,1,1
21462283,1,1
21462290,1,1
21462313,1,1
21462337,1,1
21462443,1,1
21462467,1,1
21462498,1,1
21462511,1,1
21462528,1,1
21462573,1,1
21462580,1,1
21462641,1,1
21463570,1,1
21463884,1,1
21464089,1,1
21464140,1,1
21464263,1,1
21465925,1,1
21467462,1,1
21467998,1,1
21468018,1,1
21468100,1,1
21468735,1,1
21469145,1,1
21469206,1,1
21470752,1,1
21470936,1,1
21475146,1,1
21475160,1,1
21475917,1,1
21476433,1,1
21476440,1,1
21479045,1,1
21480256,1,1
21480706,1,1
21481949,1,1
21482083,1,1
21482120,1,1
21482151,1,1
21484490,1,1
21496851,1,1
21496912,1,1
21497285,1,1
21497308,1,1
21497438,1,1
21497469,1,1
21497476,1,1
21497506,1,1
21497544,1,1
21497704,1,1
21497933,1,1
21498480,1,1
21498565,1,1
21498664,1,1
21498886,1,1
21498909,1,1
21498947,1,1
21499197,1,1
21499265,1,1
21499302,1,1
21499333,1,1
21499340,1,1
21499647,1,1
21500015,1,1
21500121,1,1
21500206,1,1
21500299,1,1
21500336,1,1
21500442,1,1
21500473,1,1
21501111,1,1
21501197,1,1
21501210,1,1
21501548,1,1
21501609,1,1
21501913,1,1
21501951,1,1
21502248,1,1
21502668,1,1
21504143,1,1
21504235,1,1
21507304,1,1
21508202,1,1
21508257,1,1
21508387,1,1
21508776,1,1
21509698,1,1
21509728,1,1
21509797,1,1
21510182,1,1
21510731,1,1
21510908,1,1
21510939,1,1
21510946,1,1
21511196,1,1
21511202,1,1
21511240,1,1
21513480,1,1
21514937,1,1
21515040,1,1
21515057,1,1
21516269,1,1
21516436,1,1
21519031,1,1
21519758,1,1
21519765,1,1
21519826,1,1
21520181,1,1
21520662,1,1
21520686,1,1
21520693,1,1
21520778,1,1
21520815,1,1
21526770,1,1
21527456,1,1
21528361,1,1
21529221,1,1
21529603,1,1
21533129,1,1
21544828,1,1
21545603,1,1
21545917,1,1
21545924,1,1
21545948,1,1
21546860,1,1
21559327,1,1
21560439,1,1
21571237,1,1
21571282,1,1
21571305,1,1
21579011,1,1
21581632,1,1
21581861,1,1
21583926,1,1
21584121,1,1
21584848,1,1
21585210,1,1
21587726,1,1
21587757,1,1
21588488,1,1
21588556,1,1
21588563,1,1
21592539,1,1
21594069,1,1
21594168,1,1
21597244,1,1
21597275,1,1
21603143,1,1
21603433,1,1
21611063,1,1
21612596,1,1
21618956,1,1
21619755,1,1
21625893,1,1
21631283,1,1
21631764,1,1
21635694,1,1
21635915,1,1
21635939,1,1
21635953,1,1
21635960,1,1
21637728,1,1
21727146,1,1
21727214,1,1
21727245,1,1
21727467,1,1
21727504,1,1
21727634,1,1
21728259,1,1
21728273,1,1
21728389,1,1
21728464,1,1
21728815,1,1
21729416,1,1
21729423,1,1
21729508,1,1
21729553,1,1
21729621,1,1
21729706,1,1
21729843,1,1
21729850,1,1
21729867,1,1
21729966,1,1
21730009,1,1
21730016,1,1
21730030,1,1
21730108,1,1
21730146,1,1
21730269,1,1
21730276,1,1
21730382,1,1
21730504,1,1
21730559,1,1
21730573,1,1
21730900,1,1
21731242,1,1
21731549,1,1
21732164,1,1
21732638,1,1
21732805,1,1
21732997,1,1
21733086,1,1
21733239,1,1
21733550,1,1
21733680,1,1
21733925,1,1
21734090,1,1
21734144,1,1
21734168,1,1
21734199,1,1
21734267,1,1
21734373,1,1
21734397,1,1
21734472,1,1
21734519,1,1
21734533,1,1
21734632,1,1
21734663,1,1
21734717,1,1
21734779,1,1
21734991,1,1
21735622,1,1
21735851,1,1
21735875,1,1
21735882,1,1
21736025,1,1
21736032,1,1
21738203,1,1
21738616,1,1
21739651,1,1
21739729,1,1
21740039,1,1
21746314,1,1
21746796,1,1
21747007,1,1
21747045,1,1
21756030,1,1
21756207,1,1
21760242,1,1
21762031,1,1
21762147,1,1
21774621,1,1
21774669,1,1
21774959,1,1
21774966,1,1
21775567,1,1
21780431,1,1
21785351,1,1
21787812,1,1
21788635,1,1
23058699,1,1
23058804,1,1
23073203,1,1
23074859,1,1
23076457,1,1
23076648,1,1
23076952,1,1
23077607,1,1
23077942,1,1
23078215,1,1
23078499,1,1
23078550,1,1
23079182,1,1
23079441,1,1
23080096,1,1
23080317,1,1
23080508,1,1
23080690,1,1
23083226,1,1
23084117,1,1
23084148,1,1
23084995,1,1
23085237,1,1
23085466,1,1
23085480,1,1
23085732,1,1
23086388,1,1
23086920,1,1
23087323,1,1
23087354,1,1
23117266,1,1
23117372,1,1
23117402,1,1
23117426,1,1
23118324,1,1
23118928,1,1
23118997,1,1
23121478,1,1
23121485,1,1
23129122,1,1
23136373,1,1
23136533,1,1
23137110,1,1
23137158,1,1
23137318,1,1
23137547,1,1
23137783,1,1
23137875,1,1
23138322,1,1
23138421,1,1
23138599,1,1
23139329,1,1
23140240,1,1
23140288,1,1
23142619,1,1
23144088,1,1
23144101,1,1
23144163,1,1
23144279,1,1
23144408,1,1
23144767,1,1
23144989,1,1
23145030,1,1
23145160,1,1
23145467,1,1
23145719,1,1
23145887,1,1
23146365,1,1
23146815,1,1
23146853,1,1
23147065,1,1
23147157,1,1
23147546,1,1
23147775,1,1
23148451,1,1
23148475,1,1
23148758,1,1
23148888,1,1
23148956,1,1
23148970,1,1
23149649,1,1
23150355,1,1
23150379,1,1
23152335,1,1
23153547,1,1
23230576,1,1
23230682,1,1
23230781,1,1
23234161,1,1
23238930,1,1
23252974,1,1
23254114,1,1
23254121,1,1
23254732,1,1
23255470,1,1
23256071,1,1
23256484,1,1
23256491,1,1
23256651,1,1
23259843,1,1
23277298,1,1
23277403,1,1
23277410,1,1
23277434,1,1
23277489,1,1
23277908,1,1
23277939,1,1
23278011,1,1
23278288,1,1
23280250,1,1
23281004,1,1
23281035,1,1
23281929,1,1
23282230,1,1
23282247,1,1
23282254,1,1
23282360,1,1
23282377,1,1
23282384,1,1
23282407,1,1
23287020,1,1
23288249,1,1
23289079,1,1
23289109,1,1
23289574,1,1
23290440,1,1
23291133,1,1
23291317,1,1
23291829,1,1
23295803,1,1
23308619,1,1
23318922,1,1
23319486,1,1
23319967,1,1
23321601,1,1
23321625,1,1
23321687,1,1
23343948,1,1
23344037,1,1
23344075,1,1
23350878,1,1
23353701,1,1
23355798,1,1
23356634,1,1
23356658,1,1
23362277,1,1
23363533,1,1
23364431,1,1
23364462,1,1
23364981,1,1
23366442,1,1
23367302,1,1
23367388,1,1
23367395,1,1
23367609,1,1
23367623,1,1
23367869,1,1
23367906,1,1
23367913,1,1
23368200,1,1
23369115,1,1
23369122,1,1
23369269,1,1
23369276,1,1
23370326,1,1
23370746,1,1
23371644,1,1
23373112,1,1
23373129,1,1
23373181,1,1
23373372,1,1
23373600,1,1
23373655,1,1
23373723,1,1
23373808,1,1
23374294,1,1
23374409,1,1
23374416,1,1
23374423,1,1
23375406,1,1
23375482,1,1
23379275,1,1
23379299,1,1
23390607,1,1
23393189,1,1
23393479,1,1
23412958,1,1
23413047,1,1
23413115,1,1
23413207,1,1
23413603,1,1
23414808,1,1
23415416,1,1
23415423,1,1
23418462,1,1
23419353,1,1
23421707,1,1
23421714,1,1
23421745,1,1
23421912,1,1
23421943,1,1
23422001,1,1
23422087,1,1
23422094,1,1
23422247,1,1
23423183,1,1
23423701,1,1
23431720,1,1
23431805,1,1
23493650,1,1
23493674,1,1
23493742,1,1
23493810,1,1
23493827,1,1
23493933,1,1
23494008,1,1
23494176,1,1
23494343,1,1
23494633,1,1
23494640,1,1
23494800,1,1
23494985,1,1
23494992,1,1
23495586,1,1
23495630,1,1
23495913,1,1
23495920,1,1
23496064,1,1
23496071,1,1
23496088,1,1
23496095,1,1
23496194,1,1
23496255,1,1
23496293,1,1
23496705,1,1
23496781,1,1
23496880,1,1
23496958,1,1
23496965,1,1
23497085,1,1
23497221,1,1
23497313,1,1
23497764,1,1
23497795,1,1
23500051,1,1
23500068,1,1
23500105,1,1
23500181,1,1
23500204,1,1
23504288,1,1
23504448,1,1
23508545,1,1
23509115,1,1
23509528,1,1
23511132,1,1
23512863,1,1
23514768,1,1
23515475,1,1
23517981,1,1
23524309,1,1
23524323,1,1
23524507,1,1
23524637,1,1
23524644,1,1
23524668,1,1
23524675,1,1
23524699,1,1
23524750,1,1
23525627,1,1
23525634,1,1
23526082,1,1
23526495,1,1
23526600,1,1
23527201,1,1
23530676,1,1
23533110,1,1
23536104,1,1
23537026,1,1
23537033,1,1
23545410,1,1
23553804,1,1
23553835,1,1
23555792,1,1
23555808,1,1
23556836,1,1
23556850,1,1
23561502,1,1
23561700,1,1
23564626,1,1
23564633,1,1
23564657,1,1
23565623,1,1
23566217,1,1
23566507,1,1
23566514,1,1
23566965,1,1
23567658,1,1
23568082,1,1
23568099,1,1
23568471,1,1
23568549,1,1
23568792,1,1
23569324,1,1
23569560,1,1
23569669,1,1
23570436,1,1
23570504,1,1
23570528,1,1
23570627,1,1
23570702,1,1
23570832,1,1
23571464,1,1
23571587,1,1
23571952,1,1
23571969,1,1
23571983,1,1
23572164,1,1
23572201,1,1
23572218,1,1
23572430,1,1
23572584,1,1
23572607,1,1
23573451,1,1
23573550,1,1
23573567,1,1
23573895,1,1
23573901,1,1
23573949,1,1
23574106,1,1
23574182,1,1
23574199,1,1
23574267,1,1
23574274,1,1
23574762,1,1
23574809,1,1
23575318,1,1
23575400,1,1
23575417,1,1
23575493,1,1
23575677,1,1
23575752,1,1
23575806,1,1
23576483,1,1
23576537,1,1
23576544,1,1
23576582,1,1
23576643,1,1
23576667,1,1
23577152,1,1
23577183,1,1
23577206,1,1
23577220,1,1
23577343,1,1
23577411,1,1
23577497,1,1
23577640,1,1
23577657,1,1
23577701,1,1
23578678,1,1
23578753,1,1
23578951,1,1
23578982,1,1
23578999,1,1
23579002,1,1
23579279,1,1
23579347,1,1
23579361,1,1
23579514,1,1
23580626,1,1
23580824,1,1
23581531,1,1
23582149,1,1
23582194,1,1
23582255,1,1
23582286,1,1
23582392,1,1
23582439,1,1
23582552,1,1
23582668,1,1
23582705,1,1
23584877,1,1
23586314,1,1
23586345,1,1
23592131,1,1
23593503,1,1
23593619,1,1
23593961,1,1
23601819,1,1
23601833,1,1
23602021,1,1
23603363,1,1
23603592,1,1
23606616,1,1
23607637,1,1
23608245,1,1
23608412,1,1
23608665,1,1
23609006,1,1
23611108,1,1
23611221,1,1
23611580,1,1
23611627,1,1
23612235,1,1
23612334,1,1
23612570,1,1
23612600,1,1
23613102,1,1
23613928,1,1
23635432,1,1
23635562,1,1
23635579,1,1
23657151,1,1
23657922,1,1
23657939,1,1
23657946,1,1
23659414,1,1
23662001,1,1
23663930,1,1
23663947,1,1
23744929,1,1
23744936,1,1
23744950,1,1
23745421,1,1
23745469,1,1
23753389,1,1
23758032,1,1
23758148,1,1
23758469,1,1
23759367,1,1
23759428,1,1
23759527,1,1
23759541,1,1
23759565,1,1
23759602,1,1
23759633,1,1
23763210,1,1
23763227,1,1
23767065,1,1
23767126,1,1
23767133,1,1
23767164,1,1
23771000,1,1
23782860,1,1
23853706,1,1
23858015,1,1
23858343,1,1
23859272,1,1
23861367,1,1
23861428,1,1
23864535,1,1
23869455,1,1
23869578,1,1
23869622,1,1
23869738,1,1
23871076,1,1
23874046,1,1
23874206,1,1
23874237,1,1
23874534,1,1
23874558,1,1
23874725,1,1
23875050,1,1
23877238,1,1
23877993,1,1
23878006,1,1
23878037,1,1
23890213,1,1
23890633,1,1
23891883,1,1
23896239,1,1
23896345,1,1
23905429,1,1
23906136,1,1
23906235,1,1
23906563,1,1
23906617,1,1
23906846,1,1
23912168,1,1
23912373,1,1
23913059,1,1
23913097,1,1
23913103,1,1
23913219,1,1
23913240,1,1
23913257,1,1
23913387,1,1
23913660,1,1
23913691,1,1
23913707,1,1
23913738,1,1
23913950,1,1
23914643,1,1
23914865,1,1
23914889,1,1
23914933,1,1
23914988,1,1
23915299,1,1
23915862,1,1
23918672,1,1
23918726,1,1
23921252,1,1
23921399,1,1
23921405,1,1
23921757,1,1
23921764,1,1
23922440,1,1
23922471,1,1
23922549,1,1
23922563,1,1
23922570,1,1
23923003,1,1
23924741,1,1
23926042,1,1
23926967,1,1
23927629,1,1
23927933,1,1
23927995,1,1
23930452,1,1
23933422,1,1
23933484,1,1
23933590,1,1
23933743,1,1
23933774,1,1
23933835,1,1
23934184,1,1
23934481,1,1
23936836,1,1
23936867,1,1
23937574,1,1
23937840,1,1
23938496,1,1
23938519,1,1
23938922,1,1
23939868,1,1
23944220,1,1
23944237,1,1
23947771,1,1
23951099,1,1
23955585,1,1
23955592,1,1
23955776,1,1
23963474,1,1
23968240,1,1
23968882,1,1
23969575,1,1
23970243,1,1
23979291,1,1
23979468,1,1
23979932,1,1
23979970,1,1
23979987,1,1
23980037,1,1
23980051,1,1
23980822,1,1
23984103,1,1
23984516,1,1
23985018,1,1
23985223,1,1
23985230,1,1
23985544,1,1
23985926,1,1
23985933,1,1
23986251,1,1
23986794,1,1
23987937,1,1
23988057,1,1
23988262,1,1
23988361,1,1
23988590,1,1
23988644,1,1
23988651,1,1
23989788,1,1
23990906,1,1
23991101,1,1
23992825,1,1
23993020,1,1
23993228,1,1
23994201,1,1
23994225,1,1
23994331,1,1
23998537,1,1
23998896,1,1
23998902,1,1
23998988,1,1
23998995,1,1
23999039,1,1
23999060,1,1
23999305,1,1
23999329,1,1
23999381,1,1
23999862,1,1
24003544,1,1
24004275,1,1
24005326,1,1
24005371,1,1
24005456,1,1
24005715,1,1
24006071,1,1
24006088,1,1
24006323,1,1
24011648,1,1
24011655,1,1
24011884,1,1
24011907,1,1
24011952,1,1
24012065,1,1
24012188,1,1
24012270,1,1
24012652,1,1
24012805,1,1
24012898,1,1
24013079,1,1
24013123,1,1
24013185,1,1
24013192,1,1
24013352,1,1
24013383,1,1
24013390,1,1
24013444,1,1
24013529,1,1
24013574,1,1
24013598,1,1
24013635,1,1
24015516,1,1
24026758,1,1
24026826,1,1
24026864,1,1
24027649,1,1
24036160,1,1
24041133,1,1
24041140,1,1
24041157,1,1
24041232,1,1
24041270,1,1
24041782,1,1
24041973,1,1
24041997,1,1
24042024,1,1
24049214,1,1
24049238,1,1
24055192,1,1
24055666,1,1
24055925,1,1
24055932,1,1
24056175,1,1
24056182,1,1
24056274,1,1
24057134,1,1
24059756,1,1
24059763,1,1
24059770,1,1
24059787,1,1
24059794,1,1
24059817,1,1
24061162,1,1
24062251,1,1
24062268,1,1
24062299,1,1
24062312,1,1
24062862,1,1
24063005,1,1
24063708,1,1
24063715,1,1
24064040,1,1
24064316,1,1
24064750,1,1
24064767,1,1
24065665,1,1
24065696,1,1
24066907,1,1
24073110,1,1
24080569,1,1
24081139,1,1
24081467,1,1
24088442,1,1
24088459,1,1
24088466,1,1
24088473,1,1
24088831,1,1
24088985,1,1
24089036,1,1
24089043,1,1
24089067,1,1
24089098,1,1
24089104,1,1
24092272,1,1
24092296,1,1
24092401,1,1
24092425,1,1
24092500,1,1
24092654,1,1
24093729,1,1
24093804,1,1
24094313,1,1
24094368,1,1
24094382,1,1
24094405,1,1
24094573,1,1
24104173,1,1
24113915,1,1
24114769,1,1
24114776,1,1
24114783,1,1
24114790,1,1
24114813,1,1
24114820,1,1
24114974,1,1
24115049,1,1
24115179,1,1
24119092,1,1
24119108,1,1
24119115,1,1
24119160,1,1
24119832,1,1
24119856,1,1
24121330,1,1
24122900,1,1
24122917,1,1
24124966,1,1
24126892,1,1
24126908,1,1
24126922,1,1
24133265,1,1
24133951,1,1
24138024,1,1
24146333,1,1
24146630,1,1
24147255,1,1
24147293,1,1
24147316,1,1
24147323,1,1
24148108,1,1
24153829,1,1
24158954,1,1
24159050,1,1
24159142,1,1
24159548,1,1
24160162,1,1
24161800,1,1
24161831,1,1
24165204,1,1
24168366,1,1
24168380,1,1
24168434,1,1
24168489,1,1
24168496,1,1
24169288,1,1
24173315,1,1
24175395,1,1
24175494,1,1
24175562,1,1
24175586,1,1
24175609,1,1
24185448,1,1
24186025,1,1
24186124,1,1
24186131,1,1
24186148,1,1
24186254,1,1
24186391,1,1
24186452,1,1
24186469,1,1
24186810,1,1
24186964,1,1
24186971,1,1
24187015,1,1
24187220,1,1
24187237,1,1
24187367,1,1
24187374,1,1
24187428,1,1
24187459,1,1
24188043,1,1
24188098,1,1
24188111,1,1
24189569,1,1
24198134,1,1
24198318,1,1
24198356,1,1
24198455,1,1
24198547,1,1
24198554,1,1
24199285,1,1
24199377,1,1
24199384,1,1
24199643,1,1
24201278,1,1
24201445,1,1
24202008,1,1
24202183,1,1
24202428,1,1
24203128,1,1
24203241,1,1
24203920,1,1
24204415,1,1
24204965,1,1
24205269,1,1
24205504,1,1
24205528,1,1
24205887,1,1
24205894,1,1
24205931,1,1
24206204,1,1
24206273,1,1
24206457,1,1
24208062,1,1
24208475,1,1
24209380,1,1
24209977,1,1
24210218,1,1
24210379,1,1
24210898,1,1
24211154,1,1
24211185,1,1
24211239,1,1
24211246,1,1
24211383,1,1
24211390,1,1
24211420,1,1
24211512,1,1
24211918,1,1
24212519,1,1
24212748,1,1
24212762,1,1
24212809,1,1
24212823,1,1
24212946,1,1
24212977,1,1
24214087,1,1
24214100,1,1
24214292,1,1
24214308,1,1
24214339,1,1
24217071,1,1
24222068,1,1
24222082,1,1
24222532,1,1
24222570,1,1
24223270,1,1
24223355,1,1
24223867,1,1
24224055,1,1
24228411,1,1
24231961,1,1
24232234,1,1
24233125,1,1
24237161,1,1
24237482,1,1
24238489,1,1
24238687,1,1
24243841,1,1
24244695,1,1
24244701,1,1
24244718,1,1
24244749,1,1
24244923,1,1
24244961,1,1
24244992,1,1
24245128,1,1
24245135,1,1
24245159,1,1
24245241,1,1
24245302,1,1
24245357,1,1
24245487,1,1
24245494,1,1
24245678,1,1
24245692,1,1
24245876,1,1
24245883,1,1
24245906,1,1
24246002,1,1
24246101,1,1
24246118,1,1
24246200,1,1
24246217,1,1
24246248,1,1
24246255,1,1
24246262,1,1
24246330,1,1
24246453,1,1
24246576,1,1
24247054,1,1
24247221,1,1
24247351,1,1
24248020,1,1
24248082,1,1
24248112,1,1
24248228,1,1
24248235,1,1
24248303,1,1
24249171,1,1
24249188,1,1
24249218,1,1
24249225,1,1
24249232,1,1
24249379,1,1
24249553,1,1
24249577,1,1
24249591,1,1
24249706,1,1
24249720,1,1
24249737,1,1
24249997,1,1
24250177,1,1
24250436,1,1
24250559,1,1
24250573,1,1
24250580,1,1
24250672,1,1
24250757,1,1
24250979,1,1
24251181,1,1
24251242,1,1
24251280,1,1
24251297,1,1
24251457,1,1
24251587,1,1
24251686,1,1
24251709,1,1
24251716,1,1
24251754,1,1
24251761,1,1
24251815,1,1
24251884,1,1
24251976,1,1
24252089,1,1
24252096,1,1
24252195,1,1
24252201,1,1
24252225,1,1
24252317,1,1
24252324,1,1
24252423,1,1
24252546,1,1
24252584,1,1
24252638,1,1
24252928,1,1
24252935,1,1
24253246,1,1
24253376,1,1
24253512,1,1
24253741,1,1
24254267,1,1
24254304,1,1
24254335,1,1
24254373,1,1
24254595,1,1
24254618,1,1
24254724,1,1
24254731,1,1
24254748,1,1
24254755,1,1
24254762,1,1
24254793,1,1
24254816,1,1
24254885,1,1
24254922,1,1
24254991,1,1
24255028,1,1
24255042,1,1
24255141,1,1
24255158,1,1
24255226,1,1
24255905,1,1
24256056,1,1
24256193,1,1
24256315,1,1
24256353,1,1
24256360,1,1
24256421,1,1
24256865,1,1
24256872,1,1
24257220,1,1
24257299,1,1
24257695,1,1
24261135,1,1
24261692,1,1
24261760,1,1
24262040,1,1
24262637,1,1
24264013,1,1
24265188,1,1
24265317,1,1
24266536,1,1
24268578,1,1
24268868,1,1
24269117,1,1
24269964,1,1
24270281,1,1
24271967,1,1
24272827,1,1
24272896,1,1
24273121,1,1
24273213,1,1
24273657,1,1
24273916,1,1
24275057,1,1
24275248,1,1
24276320,1,1
24276337,1,1
24287876,1,1
24288408,1,1
24288422,1,1
24291347,1,1
24296717,1,1
24296809,1,1
24296960,1,1
24297097,1,1
24297110,1,1
24297349,1,1
24298049,1,1
24298056,1,1
24298193,1,1
24298209,1,1
24298285,1,1
24298315,1,1
24298582,1,1
24298599,1,1
24299138,1,1
24299374,1,1
24299404,1,1
24299879,1,1
24299923,1,1
24299930,1,1
24300148,1,1
24300209,1,1
24300926,1,1
24300940,1,1
24300964,1,1
24300971,1,1
24301039,1,1
24301084,1,1
24301138,1,1
24301145,1,1
24301244,1,1
24301343,1,1
24301367,1,1
24301442,1,1
24301541,1,1
24302098,1,1
24302104,1,1
24302111,1,1
24302135,1,1
24302241,1,1
24302302,1,1
24302586,1,1
24302937,1,1
24303170,1,1
24303224,1,1
24303590,1,1
24303620,1,1
24303811,1,1
24303972,1,1
24304405,1,1
24306560,1,1
24306584,1,1
24306638,1,1
24307598,1,1
24307604,1,1
24307659,1,1
24307819,1,1
24307833,1,1
24307888,1,1
24308076,1,1
24308168,1,1
24308298,1,1
24308496,1,1
24308502,1,1
24308519,1,1
24309264,1,1
24309547,1,1
24310192,1,1
24310574,1,1
24314725,1,1
24316224,1,1
24316248,1,1
24316309,1,1
24316361,1,1
24316996,1,1
24317085,1,1
24317160,1,1
24317726,1,1
24317801,1,1
24317870,1,1
24318228,1,1
24319003,1,1
24319232,1,1
24319270,1,1
24319324,1,1
24319744,1,1
24320139,1,1
24320344,1,1
24320375,1,1
24321006,1,1
24321211,1,1
24321310,1,1
24321884,1,1
24321891,1,1
24322195,1,1
24323017,1,1
24323352,1,1
24323376,1,1
24323390,1,1
24323406,1,1
24323413,1,1
24323529,1,1
24324397,1,1
24324731,1,1
24325172,1,1
24325707,1,1
24325752,1,1
24325783,1,1
24325806,1,1
24325813,1,1
24325820,1,1
24325974,1,1
24330305,1,1
24330923,1,1
24331777,1,1
24333078,1,1
24341653,1,1
24342988,1,1
24343466,1,1
24343473,1,1
24343909,1,1
24344852,1,1
24344883,1,1
24352666,1,1
24353441,1,1
24358576,1,1
24358583,1,1
24358675,1,1
24358705,1,1
24358859,1,1
24358903,1,1
24358910,1,1
24359054,1,1
24365451,1,1
24365505,1,1
24366243,1,1
24366335,1,1
24366496,1,1
24366878,1,1
24367493,1,1
24368193,1,1
24368445,1,1
24371162,1,1
24373036,1,1
24373142,1,1
24373197,1,1
24373364,1,1
24374491,1,1
24376198,1,1
24377539,1,1
24380256,1,1
24385831,1,1
24385855,1,1
24388351,1,1
24389143,1,1
24391900,1,1
24397827,1,1
24404006,1,1
24404464,1,1
24404518,1,1
24405577,1,1
24408585,1,1
24408875,1,1
24409766,1,1
24410342,1,1
24413022,1,1
24414913,1,1
24418492,1,1
24419154,1,1
24423007,1,1
24426916,1,1
24427029,1,1
24427067,1,1
24427784,1,1
24428989,1,1
24429948,1,1
24430098,1,1
24430128,1,1
24432467,1,1
24432504,1,1
24432726,1,1
24433709,1,1
24434317,1,1
24434515,1,1
24434850,1,1
24434881,1,1
24439114,1,1
24448062,1,1
24448130,1,1
24448925,1,1
24450829,1,1
24451079,1,1
24451505,1,1
24451987,1,1
24452069,1,1
24452281,1,1
24461924,1,1
24462013,1,1
24468756,1,1
24468800,1,1
24469906,1,1
24469951,1,1
24470049,1,1
24471466,1,1
24472760,1,1
24485784,1,1
24485821,1,1
24493529,1,1
24493611,1,1
24493826,1,1
24493871,1,1
24493925,1,1
24493970,1,1
24493987,1,1
24494038,1,1
24494144,1,1
24495707,1,1
24497404,1,1
24499750,1,1
24503549,1,1
24505079,1,1
24506915,1,1
24507233,1,1
24507769,1,1
24508889,1,1
24509091,1,1
24509114,1,1
24509138,1,1
24509329,1,1
24512107,1,1
24512336,1,1
24513500,1,1
24513524,1,1
24516716,1,1
24518994,1,1
24519007,1,1
24519021,1,1
24521376,1,1
24521468,1,1
24521512,1,1
24521758,1,1
24521789,1,1
24522106,1,1
24522212,1,1
24523493,1,1
24523509,1,1
24523523,1,1
24523554,1,1
24523578,1,1
24523615,1,1
24523806,1,1
24524018,1,1
24524087,1,1
24526449,1,1
24527439,1,1
24527538,1,1
24533669,1,1
24533911,1,1
24535885,1,1
24537063,1,1
24548175,1,1
24548243,1,1
24548267,1,1
24548281,1,1
24548410,1,1
24548465,1,1
24548496,1,1
24548656,1,1
24548687,1,1
24548694,1,1
24562324,1,1
24562331,1,1
24564670,1,1
24564694,1,1
24567572,1,1
24567916,1,1
24568135,1,1
24568548,1,1
24579414,1,1
24579421,1,1
24579469,1,1
24580182,1,1
24580915,1,1
24581080,1,1
24581110,1,1
24590259,1,1
24590341,1,1
24590518,1,1
24590556,1,1
24590570,1,1
24590662,1,1
24590686,1,1
24590709,1,1
24590761,1,1
24590839,1,1
24591041,1,1
24591058,1,1
24591072,1,1
24591225,1,1
24591249,1,1
24591324,1,1
24591485,1,1
24591768,1,1
24592017,1,1
24592154,1,1
24592420,1,1
24592475,1,1
24592482,1,1
24592574,1,1
24592598,1,1
24592642,1,1
24592673,1,1
24592680,1,1
24592703,1,1
24592758,1,1
24592833,1,1
24592840,1,1
24592987,1,1
24592994,1,1
24593014,1,1
24593021,1,1
24593052,1,1
24593069,1,1
24593342,1,1
24593434,1,1
24593458,1,1
24593465,1,1
24593502,1,1
24594158,1,1
24594196,1,1
24594219,1,1
24594301,1,1
24594318,1,1
24594417,1,1
24594486,1,1
24594509,1,1
24594554,1,1
24594981,1,1
24595872,1,1
24596459,1,1
24596473,1,1
24596589,1,1
24597111,1,1
24597302,1,1
24597333,1,1
24597371,1,1
24597388,1,1
24597814,1,1
24597937,1,1
24598354,1,1
24598408,1,1
24598750,1,1
24599009,1,1
24600347,1,1
24600422,1,1
24600545,1,1
24600934,1,1
24601047,1,1
24601092,1,1
24601603,1,1
24601740,1,1
24601900,1,1
24602013,1,1
24602082,1,1
24602242,1,1
24602761,1,1
24602921,1,1
24603102,1,1
24603140,1,1
24603164,1,1
24603393,1,1
24603522,1,1
24603546,1,1
24603690,1,1
24603850,1,1
24603874,1,1
24603898,1,1
24603997,1,1
24604048,1,1
24604079,1,1
24604161,1,1
24604192,1,1
24604208,1,1
24604246,1,1
24604406,1,1
24604741,1,1
24605021,1,1
24605816,1,1
24606042,1,1
24606509,1,1
24606516,1,1
24607308,1,1
24607315,1,1
24607322,1,1
24609197,1,1
24609210,1,1
24609241,1,1
24609265,1,1
24609333,1,1
24611633,1,1
24611671,1,1
24611701,1,1
24612258,1,1
24612463,1,1
24612494,1,1
24612661,1,1
24612876,1,1
24612883,1,1
24613101,1,1
24613231,1,1
24613316,1,1
24613439,1,1
24613460,1,1
24613675,1,1
24613699,1,1
24613934,1,1
24614009,1,1
24614320,1,1
24614528,1,1
24614849,1,1
24615013,1,1
24615105,1,1
24615228,1,1
24615556,1,1
24615587,1,1
24617239,1,1
24617338,1,1
24618786,1,1
24619660,1,1
24619684,1,1
24619752,1,1
24619950,1,1
24620062,1,1
24620161,1,1
24620192,1,1
24620215,1,1
24620475,1,1
24620529,1,1
24621021,1,1
24621328,1,1
24621595,1,1
24621618,1,1
24621656,1,1
24621670,1,1
24621830,1,1
24621991,1,1
24622004,1,1
24622028,1,1
24622325,1,1
24622455,1,1
24622714,1,1
24623117,1,1
24623650,1,1
24623827,1,1
24623834,1,1
24623902,1,1
24624084,1,1
24624121,1,1
24624145,1,1
24624206,1,1
24624404,1,1
24624411,1,1
24624848,1,1
24625272,1,1
24625326,1,1
24625425,1,1
24625630,1,1
24625814,1,1
24625876,1,1
24626828,1,1
24626927,1,1
24627269,1,1
24627290,1,1
24627368,1,1
24627429,1,1
24635776,1,1
24635783,1,1
24635790,1,1
24635844,1,1
24636124,1,1
24636636,1,1
24637268,1,1
24637572,1,1
24637725,1,1
24637756,1,1
24637879,1,1
24638043,1,1
24638135,1,1
24638159,1,1
24638371,1,1
24638487,1,1
24639118,1,1
24639132,1,1
24639194,1,1
24639262,1,1
24640077,1,1
24640176,1,1
24640305,1,1
24640312,1,1
24641722,1,1
24642934,1,1
24643023,1,1
24643108,1,1
24643368,1,1
24643757,1,1
24643832,1,1
24643924,1,1
24643955,1,1
24643993,1,1
24644549,1,1
24645119,1,1
24645157,1,1
24645270,1,1
24645287,1,1
24645812,1,1
24646109,1,1
24647076,1,1
24647083,1,1
24647991,1,1
24648059,1,1
24648066,1,1
24648141,1,1
24648844,1,1
24649087,1,1
24649889,1,1
24649919,1,1
24650106,1,1
24650120,1,1
24650137,1,1
24650410,1,1
24650427,1,1
24650830,1,1
24650878,1,1
24651004,1,1
24651097,1,1
24651110,1,1
24651134,1,1
24651233,1,1
24651714,1,1
24652025,1,1
24652537,1,1
24652599,1,1
24653039,1,1
24653596,1,1
24653633,1,1
24653640,1,1
24653749,1,1
24653763,1,1
24653770,1,1
24653787,1,1
24654098,1,1
24654135,1,1
24654180,1,1
24654401,1,1
24654524,1,1
24654531,1,1
24654548,1,1
24654562,1,1
24654975,1,1
24655057,1,1
24655804,1,1
24655880,1,1
24655897,1,1
24655996,1,1
24656191,1,1
24656351,1,1
24656412,1,1
24656498,1,1
24656566,1,1
24656719,1,1
24656733,1,1
24656764,1,1
24656870,1,1
24656993,1,1
24657228,1,1
24657266,1,1
24657327,1,1
24657457,1,1
24657464,1,1
24657471,1,1
24657525,1,1
24657532,1,1
24657617,1,1
24657761,1,1
24657808,1,1
24657983,1,1
24658041,1,1
24658102,1,1
24658720,1,1
24658812,1,1
24659093,1,1
24659246,1,1
24659277,1,1
24659451,1,1
24659505,1,1
24659550,1,1
24659581,1,1
24659970,1,1
24660365,1,1
24660402,1,1
24660501,1,1
24660518,1,1
24660549,1,1
24660600,1,1
24660617,1,1
24660662,1,1
24660730,1,1
24660785,1,1
24660990,1,1
24661393,1,1
24661706,1,1
24661867,1,1
24662178,1,1
24662215,1,1
24662260,1,1
24662376,1,1
24662383,1,1
24662444,1,1
24662710,1,1
24662741,1,1
24662925,1,1
24662949,1,1
24662963,1,1
24662970,1,1
24662994,1,1
24663007,1,1
24663038,1,1
24663069,1,1
24663090,1,1
24663113,1,1
24663267,1,1
24663717,1,1
24663854,1,1
24663885,1,1
24663915,1,1
24664080,1,1
24664257,1,1
24664332,1,1
24664349,1,1
24664455,1,1
24664578,1,1
24664608,1,1
24664639,1,1
24664684,1,1
24664691,1,1
24664721,1,1
24664745,1,1
24664752,1,1
24664882,1,1
24664936,1,1
24665001,1,1
24665063,1,1
24665124,1,1
24665148,1,1
24665186,1,1
24665193,1,1
24665209,1,1
24665278,1,1
24665292,1,1
24665308,1,1
24665360,1,1
24665476,1,1
24665537,1,1
24665575,1,1
24665599,1,1
24665674,1,1
24665841,1,1
24665858,1,1
24665872,1,1
24667296,1,1
24668682,1,1
24669757,1,1
24673280,1,1
24673303,1,1
24673402,1,1
24673433,1,1
24673457,1,1
24673488,1,1
24673501,1,1
24673648,1,1
24673891,1,1
24673921,1,1
24673938,1,1
24673952,1,1
24673990,1,1
24674041,1,1
24674133,1,1
24674195,1,1
24674225,1,1
24674270,1,1
24674324,1,1
24674355,1,1
24674379,1,1
24674485,1,1
24674515,1,1
24674553,1,1
24674812,1,1
24674836,1,1
24674874,1,1
24674935,1,1
24675086,1,1
24675208,1,1
24675284,1,1
24675314,1,1
24675512,1,1
24675772,1,1
24675895,1,1
24675970,1,1
24676199,1,1
24676267,1,1
24676335,1,1
24676526,1,1
24676533,1,1
24676540,1,1
24676588,1,1
24676731,1,1
24677042,1,1
24677554,1,1
24677974,1,1
24678100,1,1
24678117,1,1
24678452,1,1
24679213,1,1
24679220,1,1
24679251,1,1
24679268,1,1
24679275,1,1
24679459,1,1
24679473,1,1
24679558,1,1
24679626,1,1
24684699,1,1
24686433,1,1
24687355,1,1
24689618,1,1
24689694,1,1
24689717,1,1
24689779,1,1
24689977,1,1
24689984,1,1
24690027,1,1
24690126,1,1
24690362,1,1
24690478,1,1
24691727,1,1
24691802,1,1
24691994,1,1
24692113,1,1
24692236,1,1
24692397,1,1
24692410,1,1
24692786,1,1
24692946,1,1
24692953,1,1
24693080,1,1
24693226,1,1
24693400,1,1
24693424,1,1
24693516,1,1
24694452,1,1
24694674,1,1
24695169,1,1
24695756,1,1
24695886,1,1
24696005,1,1
24696142,1,1
24696876,1,1
24696968,1,1
24697088,1,1
24697248,1,1
24697262,1,1
24697781,1,1
24698627,1,1
24698825,1,1
24699112,1,1
24699204,1,1
24699303,1,1
24699341,1,1
24699914,1,1
24699938,1,1
24699945,1,1
24699976,1,1
24700009,1,1
24700665,1,1
24700771,1,1
24700801,1,1
24700818,1,1
24700863,1,1
24700870,1,1
24700962,1,1
24700993,1,1
24701044,1,1
24701051,1,1
24701082,1,1
24701143,1,1
24701303,1,1
24701761,1,1
24701778,1,1
24702638,1,1
24703017,1,1
24703192,1,1
24703277,1,1
24703284,1,1
24703437,1,1
24703475,1,1
24703499,1,1
24703505,1,1
24703529,1,1
24703598,1,1
24703673,1,1
24703918,1,1
24704304,1,1
24705042,1,1
24705349,1,1
24705547,1,1
24705592,1,1
24705837,1,1
24706025,1,1
24706070,1,1
24706155,1,1
24706162,1,1
24706209,1,1
24706216,1,1
24706384,1,1
24706391,1,1
24706513,1,1
24706551,1,1
24706636,1,1
24706797,1,1
24707107,1,1
24707138,1,1
24707237,1,1
24707329,1,1
24707336,1,1
24707572,1,1
24708197,1,1
24708203,1,1
24708579,1,1
24708722,1,1
24708739,1,1
24708753,1,1
24708845,1,1
24709477,1,1
24709569,1,1
24710053,1,1
24710060,1,1
24710473,1,1
24710695,1,1
24711074,1,1
24711128,1,1
24711388,1,1
24711494,1,1
24711739,1,1
24711753,1,1
24711784,1,1
24712002,1,1
24712033,1,1
24712040,1,1
24716635,1,1
24718943,1,1
24719025,1,1
24719162,1,1
24719360,1,1
24719391,1,1
24719407,1,1
24719421,1,1
24719636,1,1
24719971,1,1
24720052,1,1
24720243,1,1
24720267,1,1
24720564,1,1
24720649,1,1
24720731,1,1
24720779,1,1
24720908,1,1
24721059,1,1
24721110,1,1
24721165,1,1
24721240,1,1
24721608,1,1
24721905,1,1
24721912,1,1
24721929,1,1
24721936,1,1
24721981,1,1
24721998,1,1
24722001,1,1
24722032,1,1
24722063,1,1
24722117,1,1
24722124,1,1
24722131,1,1
24722254,1,1
24722278,1,1
24723268,1,1
24723640,1,1
24731256,1,1
24731393,1,1
24732406,1,1
24732505,1,1
24732963,1,1
24732994,1,1
24733106,1,1
24733137,1,1
24733397,1,1
24733779,1,1
24734202,1,1
24734783,1,1
24735643,1,1
24736091,1,1
24736206,1,1
24736961,1,1
24738309,1,1
24738316,1,1
24738392,1,1
24738491,1,1
24739375,1,1
24739436,1,1
24739443,1,1
24747318,1,1
24749527,1,1
24749640,1,1
24749657,1,1
24749725,1,1
24749947,1,1
24749961,1,1
24750004,1,1
24750035,1,1
24750936,1,1
24750943,1,1
24751001,1,1
24752787,1,1
24752978,1,1
24753029,1,1
24754149,1,1
24754866,1,1
24755085,1,1
24755214,1,1
24755283,1,1
24755924,1,1
24755948,1,1
24759649,1,1
24759847,1,1
24760492,1,1
24761314,1,1
24762380,1,1
24765350,1,1
24765596,1,1
24767460,1,1
24767552,1,1
24768092,1,1
24768108,1,1
24768115,1,1
24768122,1,1
24768146,1,1
24768214,1,1
24768221,1,1
24768252,1,1
24768269,1,1
24768276,1,1
24768771,1,1
24768825,1,1
24769341,1,1
24769419,1,1
24769488,1,1
24769549,1,1
24769716,1,1
24771337,1,1
24771795,1,1
24771832,1,1
24772259,1,1
24772839,1,1
24773201,1,1
24773263,1,1
24773478,1,1
24773508,1,1
24774239,1,1
24774352,1,1
24774390,1,1
24774987,1,1
24774994,1,1
24775090,1,1
24775373,1,1
24775724,1,1
24776059,1,1
24776295,1,1
24776325,1,1
24777490,1,1
24778732,1,1
24778992,1,1
24779111,1,1
24779197,1,1
24779234,1,1
24779333,1,1
24780094,1,1
24780780,1,1
24780872,1,1
24780926,1,1
24780957,1,1
24781008,1,1
24781046,1,1
24781206,1,1
24781213,1,1
24781237,1,1
24781558,1,1
24781565,1,1
24782289,1,1
24784634,1,1
24784641,1,1
24785143,1,1
24786331,1,1
24786829,1,1
24788175,1,1
24788243,1,1
24788465,1,1
24789288,1,1
24789325,1,1
24789332,1,1
24789578,1,1
24790413,1,1
24790437,1,1
24790444,1,1
24790482,1,1
24790581,1,1
24790598,1,1
24791014,1,1
24791427,1,1
24791441,1,1
24792745,1,1
24793018,1,1
24793223,1,1
24794701,1,1
24794862,1,1
24795050,1,1
24795197,1,1
24795685,1,1
24795784,1,1
24795920,1,1
24796033,1,1
24796064,1,1
24796071,1,1
24796187,1,1
24796231,1,1
24796255,1,1
24796361,1,1
24796422,1,1
24796538,1,1
24796545,1,1
24796569,1,1
24796675,1,1
24796781,1,1
24796804,1,1
24796811,1,1
24796828,1,1
24796835,1,1
24796842,1,1
24796934,1,1
24796965,1,1
24796989,1,1
24796996,1,1
24797030,1,1
24797122,1,1
24797139,1,1
24797146,1,1
24797160,1,1
24797191,1,1
24797320,1,1
24797412,1,1
24799195,1,1
24799287,1,1
24799317,1,1
24799416,1,1
24799447,1,1
24799485,1,1
24799546,1,1
24799553,1,1
24803267,1,1
24807012,1,1
24810623,1,1
24810852,1,1
24810920,1,1
24810968,1,1
24811057,1,1
24811071,1,1
24811217,1,1
24812504,1,1
24817950,1,1
24818315,1,1
24819770,1,1
24819947,1,1
24820011,1,1
24820059,1,1
24820080,1,1
24820097,1,1
24821179,1,1
24821544,1,1
24842976,1,1
24843102,1,1
24852043,1,1
24852098,1,1
24852135,1,1
24860703,1,1
24860727,1,1
24861502,1,1
24864169,1,1
24865289,1,1
24880510,1,1
24881005,1,1
24881487,1,1
24881494,1,1
24881708,1,1
24881746,1,1
24881760,1,1
24886154,1,1
24886772,1,1
24887038,1,1
24888370,1,1
24888417,1,1
24888530,1,1
24888967,1,1
24889117,1,1
24889407,1,1
24890182,1,1
24890359,1,1
24890830,1,1
24891615,1,1
24892285,1,1
24892933,1,1
24892957,1,1
24892988,1,1
24892995,1,1
24893008,1,1
24893138,1,1
24893145,1,1
24893480,1,1
24893572,1,1
24893633,1,1
24893756,1,1
24894111,1,1
24894166,1,1
24894180,1,1
24894197,1,1
24894210,1,1
24894616,1,1
24894654,1,1
24894692,1,1
24894746,1,1
24894838,1,1
24894906,1,1
24895354,1,1
24895453,1,1
24900225,1,1
24900447,1,1
24900911,1,1
24900928,1,1
24901000,1,1
24901048,1,1
24901123,1,1
24901284,1,1
24901314,1,1
24901376,1,1
24901406,1,1
24901413,1,1
24901949,1,1
24902144,1,1
24902236,1,1
24902274,1,1
24902311,1,1
24902687,1,1
24902724,1,1
24902809,1,1
24902816,1,1
24902823,1,1
24906586,1,1
24911856,1,1
24912037,1,1
24913812,1,1
24913843,1,1
24914222,1,1
24914239,1,1
24914376,1,1
24914512,1,1
24914550,1,1
24914673,1,1
24914697,1,1
24914703,1,1
24914727,1,1
24914741,1,1
24914864,1,1
24914888,1,1
24914932,1,1
24915038,1,1
24915250,1,1
24915342,1,1
24915359,1,1
24915373,1,1
24915465,1,1
24915472,1,1
24915663,1,1
24921275,1,1
24922265,1,1
24923101,1,1
24924412,1,1
24924726,1,1
24925464,1,1
24925532,1,1
24928038,1,1
24929523,1,1
24929530,1,1
24929707,1,1
24929820,1,1
24931823,1,1
24932400,1,1
24932813,1,1
24932868,1,1
24933100,1,1
24933438,1,1
24933803,1,1
24934015,1,1
24934848,1,1
24935265,1,1
24935296,1,1
24935388,1,1
24935463,1,1
24935487,1,1
24935555,1,1
24935562,1,1
24935760,1,1
24935777,1,1
24935944,1,1
24936149,1,1
24936248,1,1
24936514,1,1
24936606,1,1
24936873,1,1
24936927,1,1
24937054,1,1
24937085,1,1
24937153,1,1
24937191,1,1
24937382,1,1
24937610,1,1
24937658,1,1
24938013,1,1
24938143,1,1
24938853,1,1
24939126,1,1
24939294,1,1
24939416,1,1
24939560,1,1
24939768,1,1
24939874,1,1
24939928,1,1
24940054,1,1
24940238,1,1
24940252,1,1
24940542,1,1
24940764,1,1
24940887,1,1
24940948,1,1
24941037,1,1
24941136,1,1
24941198,1,1
24941266,1,1
24941280,1,1
24941556,1,1
24941570,1,1
24941617,1,1
24941716,1,1
24941815,1,1
24942065,1,1
24942157,1,1
24942164,1,1
24942379,1,1
24942386,1,1
24942782,1,1
24943482,1,1
24943550,1,1
24943895,1,1
24991988,1,1
25021202,1,1
25021370,1,1
25023961,1,1
25024265,1,1
25024401,1,1
25025620,1,1
25027259,1,1
25028164,1,1
25029260,1,1
25029338,1,1
25030792,1,1
25030815,1,1
25031263,1,1
25031294,1,1
25031379,1,1
25031713,1,1
25033311,1,1
25033823,1,1
25033922,1,1
25034332,1,1
25034349,1,1
25034448,1,1
25034462,1,1
25034479,1,1
25035193,1,1
25035230,1,1
25035568,1,1
25035674,1,1
25035704,1,1
25035834,1,1
25036145,1,1
25036411,1,1
25037630,1,1
25038774,1,1
25039030,1,1
25039061,1,1
25039450,1,1
25039573,1,1
25042399,1,1
25042689,1,1
25042917,1,1
25042979,1,1
25043679,1,1
25043815,1,1
25045710,1,1
25046199,1,1
25047875,1,1
25048292,1,1
25048322,1,1
25048568,1,1
25049961,1,1
25049992,1,1
25050097,1,1
25050134,1,1
25050813,1,1
25050820,1,1
25050929,1,1
25055023,1,1
25055108,1,1
25055511,1,1
25055528,1,1
25055535,1,1
25055542,1,1
25055719,1,1
25055962,1,1
25055979,1,1
25056334,1,1
25057126,1,1
25057164,1,1
25057270,1,1
25063288,1,1
25063394,1,1
25063493,1,1
25064131,1,1
25065138,1,1
25065220,1,1
25065244,1,1
25065299,1,1
25065435,1,1
25065442,1,1
25065589,1,1
25066050,1,1
25066418,1,1
25066562,1,1
25066593,1,1
25066630,1,1
25067101,1,1
25067132,1,1
25067279,1,1
25083330,1,1
25083361,1,1
25083453,1,1
25083477,1,1
25083767,1,1
25083774,1,1
25083798,1,1
25084566,1,1
25084788,1,1
25084986,1,1
25085143,1,1
25085167,1,1
25085198,1,1
25085266,1,1
25085303,1,1
25085310,1,1
25085358,1,1
25085419,1,1
25085426,1,1
25086300,1,1
25086324,1,1
25086348,1,1
25086416,1,1
25086454,1,1
25087383,1,1
25087390,1,1
25087505,1,1
25087642,1,1
25087680,1,1
25087925,1,1
25088090,1,1
25088359,1,1
25088526,1,1
25088540,1,1
25088632,1,1
25088700,1,1
25088748,1,1
25088823,1,1
25089011,1,1
25089073,1,1
25089103,1,1
25089158,1,1
25089196,1,1
25089240,1,1
25089349,1,1
25089455,1,1
25089622,1,1
25089851,1,1
25090017,1,1
25092066,1,1
25109153,1,1
25109191,1,1
25110036,1,1
25110111,1,1
25111996,1,1
25112023,1,1
25112160,1,1
25112177,1,1
25112184,1,1
25112191,1,1
25112214,1,1
25112412,1,1
25112535,1,1
25112580,1,1
25112672,1,1
25112979,1,1
25112986,1,1
25113433,1,1
25113488,1,1
25113594,1,1
25113839,1,1
25113921,1,1
25113969,1,1
25114164,1,1
25114317,1,1
25114348,1,1
25114621,1,1
25114928,1,1
25117929,1,1
25118087,1,1
25118131,1,1
25118193,1,1
25118230,1,1
25118308,1,1
25118346,1,1
25118490,1,1
25118568,1,1
25118612,1,1
25118667,1,1
25118674,1,1
25118681,1,1
25118704,1,1
25118711,1,1
25118735,1,1
25118742,1,1
25118766,1,1
25118773,1,1
25118827,1,1
25118834,1,1
25118919,1,1
25118926,1,1
25118957,1,1
25119015,1,1
25119022,1,1
25119084,1,1
25119107,1,1
25119145,1,1
25119299,1,1
25119305,1,1
25119336,1,1
25119343,1,1
25120738,1,1
25120769,1,1
25120875,1,1
25121988,1,1
25122121,1,1
25123722,1,1
25127317,1,1
25127461,1,1
25128628,1,1
25130966,1,1
25134735,1,1
25137040,1,1
25137064,1,1
25138153,1,1
25138887,1,1
25140279,1,1
25140545,1,1
25140606,1,1
25140613,1,1
25140620,1,1
25142945,1,1
25143058,1,1
25162967,1,1
25162974,1,1
25167443,1,1
25167467,1,1
25167535,1,1
25167771,1,1
25168501,1,1
25169041,1,1
25169461,1,1
25169584,1,1
25169607,1,1
25169997,1,1
25170672,1,1
25170702,1,1
25171044,1,1
25171280,1,1
25171525,1,1
25171693,1,1
25171716,1,1
25171921,1,1
25172041,1,1
25172126,1,1
25172386,1,1
25172492,1,1
25172997,1,1
25173321,1,1
25173536,1,1
25173765,1,1
25174106,1,1
25175240,1,1
25175295,1,1
25175301,1,1
25175349,1,1
25175462,1,1
25175547,1,1
25175554,1,1
25176476,1,1
25176797,1,1
25177411,1,1
25177596,1,1
25178104,1,1
25178128,1,1
25178388,1,1
25178869,1,1
25178883,1,1
25178920,1,1
25178944,1,1
25179323,1,1
25179354,1,1
25179361,1,1
25179767,1,1
25180251,1,1
25180305,1,1
25192018,1,1
25192032,1,1
25197853,1,1
25198027,1,1
25199925,1,1
25201338,1,1
25201666,1,1
25203097,1,1
25204490,1,1
25204513,1,1
25205534,1,1
25205626,1,1
25207194,1,1
25207293,1,1
25209297,1,1
25209532,1,1
25209716,1,1
25209860,1,1
25209884,1,1
25210118,1,1
25210545,1,1
25211085,1,1
25211306,1,1
25211351,1,1
25214864,1,1
25215854,1,1
25216080,1,1
25218541,1,1
25218855,1,1
25219043,1,1
25220148,1,1
25222265,1,1
25228168,1,1
25236712,1,1
25236767,1,1
25242614,1,1
25242737,1,1
25242843,1,1
25243741,1,1
25248814,1,1
25249750,1,1
25249798,1,1
25249910,1,1
25255560,1,1
25255621,1,1
25255676,1,1
25255720,1,1
25271126,1,1
25277203,1,1
25277210,1,1
25277258,1,1
25277807,1,1
25277838,1,1
25279818,1,1
25282474,1,1
25282733,1,1
25282740,1,1
25285789,1,1
25285833,1,1
25285871,1,1
25285925,1,1
25285963,1,1
25285987,1,1
25286045,1,1
25286205,1,1
25286533,1,1
25286540,1,1
25286557,1,1
25286564,1,1
25286595,1,1
25286663,1,1
25286731,1,1
25286748,1,1
25286762,1,1
25286786,1,1
25286878,1,1
25286885,1,1
25286915,1,1
25286946,1,1
25287035,1,1
25289213,1,1
25289480,1,1
25289640,1,1
25289657,1,1
25289725,1,1
25289749,1,1
25289916,1,1
25289947,1,1
25291087,1,1
25301007,1,1
25306132,1,1
25306415,1,1
25306927,1,1
25307320,1,1
25307641,1,1
25307764,1,1
25307771,1,1
25308150,1,1
25308860,1,1
25309058,1,1
25309164,1,1
25309355,1,1
25309386,1,1
25309416,1,1
25309607,1,1
25309638,1,1
25309973,1,1
25310047,1,1
25310139,1,1
25310214,1,1
25310320,1,1
25310924,1,1
25311624,1,1
25311808,1,1
25311945,1,1
25311969,1,1
25312997,1,1
25313017,1,1
25313697,1,1
25313765,1,1
25313901,1,1
25313970,1,1
25314083,1,1
25314113,1,1
25314526,1,1
25314861,1,1
25314915,1,1
25315134,1,1
25315400,1,1
25315417,1,1
25315424,1,1
25315493,1,1
25315554,1,1
25315592,1,1
25315998,1,1
25316100,1,1
25317343,1,1
25317367,1,1
25317435,1,1
25317558,1,1
25318029,1,1
25334593,1,1
25334913,1,1
25357653,1,1
25357714,1,1
25358490,1,1
25358612,1,1
25361568,1,1
25362152,1,1
25362305,1,1
25362534,1,1
25362626,1,1
25365832,1,1
25377798,1,1
25377804,1,1
25377996,1,1
25378016,1,1
25378030,1,1
25379518,1,1
25380408,1,1
25380507,1,1
25381931,1,1
25382556,1,1
25382563,1,1
25382570,1,1
25382587,1,1
25382600,1,1
25382662,1,1
25382686,1,1
25382822,1,1
25382907,1,1
25384055,1,1
25384437,1,1
25384666,1,1
25384963,1,1
25385052,1,1
25385083,1,1
25385090,1,1
25385625,1,1
25385632,1,1
25385861,1,1
25386165,1,1
25386288,1,1
25386325,1,1
25386691,1,1
25387520,1,1
25387544,1,1
25387568,1,1
25387827,1,1
25387834,1,1
25388251,1,1
25388282,1,1
25388329,1,1
25388336,1,1
25388343,1,1
25388411,1,1
25388527,1,1
25388657,1,1
25388787,1,1
25388930,1,1
25389104,1,1
25389968,1,1
25390148,1,1
25391039,1,1
25391435,1,1
25391756,1,1
25391770,1,1
25391879,1,1
25392166,1,1
25392470,1,1
25392487,1,1
25392548,1,1
25392609,1,1
25392616,1,1
25393408,1,1
25393569,1,1
25393637,1,1
25393927,1,1
25394382,1,1
25395136,1,1
25395143,1,1
25395396,1,1
25395433,1,1
25395495,1,1
25395518,1,1
25395716,1,1
25395877,1,1
25395891,1,1
25396362,1,1
25396638,1,1
25396652,1,1
25396898,1,1
25397208,1,1
25397338,1,1
25397468,1,1
25397635,1,1
25397734,1,1
25397758,1,1
25397796,1,1
25398007,1,1
25398090,1,1
25398359,1,1
25398458,1,1
25398540,1,1
25398601,1,1
25398663,1,1
25399141,1,1
25399530,1,1
25399646,1,1
25399738,1,1
25400076,1,1
25400090,1,1
25400175,1,1
25400397,1,1
25400526,1,1
25401073,1,1
25401196,1,1
25401233,1,1
25401370,1,1
25401516,1,1
25401677,1,1
25401738,1,1
25401820,1,1
25402469,1,1
25402704,1,1
25402742,1,1
25403879,1,1
25404425,1,1
25404838,1,1
25404845,1,1
25404883,1,1
25405101,1,1
25405163,1,1
25405552,1,1
25408881,1,1
25408904,1,1
25409161,1,1
25410006,1,1
25410372,1,1
25410389,1,1
25410525,1,1
25410587,1,1
25411225,1,1
25421248,1,1
25421293,1,1
25421323,1,1
25421439,1,1
25421484,1,1
25423006,1,1
25423044,1,1
25423167,1,1
25423204,1,1
25426182,1,1
25428797,1,1
25429473,1,1
25430868,1,1
25430905,1,1
25431261,1,1
25432008,1,1
25432015,1,1
25432268,1,1
25441147,1,1
25444674,1,1
25445336,1,1
25445343,1,1
25445442,1,1
25448771,1,1
25478648,1,1
25489514,1,1
25491401,1,1
25491487,1,1
25491494,1,1
25491593,1,1
25502411,1,1
25502435,1,1
25502466,1,1
25504170,1,1
25505559,1,1
25505603,1,1
25505634,1,1
25508680,1,1
25508703,1,1
25508734,1,1
25508765,1,1
25509830,1,1
25509908,1,1
25509915,1,1
25509946,1,1
25510058,1,1
25510102,1,1
25510119,1,1
25510270,1,1
25510355,1,1
25510386,1,1
25523829,1,1
25523942,1,1
25523966,1,1
25523973,1,1
25524024,1,1
25524116,1,1
25524147,1,1
25524215,1,1
25549126,1,1
25549416,1,1
25549799,1,1
25550344,1,1
25550467,1,1
25550504,1,1
25550849,1,1
25550955,1,1
25551150,1,1
25551235,1,1
25551303,1,1
25551495,1,1
25551617,1,1
25552416,1,1
25552669,1,1
25552782,1,1
25552812,1,1
25553130,1,1
25553192,1,1
25553703,1,1
25553734,1,1
25554212,1,1
25555837,1,1
25555868,1,1
25555882,1,1
25556667,1,1
25556728,1,1
25571851,1,1
25571912,1,1
25572162,1,1
25572377,1,1
25572742,1,1
25572759,1,1
25572797,1,1
25573114,1,1
25573121,1,1
25573220,1,1
25573299,1,1
25573305,1,1
25573381,1,1
25573510,1,1
25573541,1,1
25573589,1,1
25573718,1,1
25573756,1,1
25573824,1,1
25574050,1,1
25574371,1,1
25574951,1,1
25575231,1,1
25575453,1,1
25575583,1,1
25575637,1,1
25575989,1,1
25576047,1,1
25576078,1,1
25576245,1,1
25576252,1,1
25576979,1,1
25577068,1,1
25577501,1,1
25577594,1,1
25577600,1,1
25577679,1,1
25577723,1,1
25577785,1,1
25578010,1,1
25578065,1,1
25578973,1,1
25579147,1,1
25579758,1,1
25583274,1,1
25586961,1,1
25593716,1,1
25593907,1,1
25594560,1,1
25595901,1,1
25596175,1,1
25599978,1,1
25603828,1,1
25608540,1,1
25608601,1,1
25612370,1,1
25613384,1,1
25617009,1,1
25617108,1,1
25617115,1,1
25617122,1,1
25617436,1,1
25617450,1,1
25617566,1,1
25617573,1,1
25617641,1,1
25617658,1,1
25617757,1,1
25617771,1,1
25617795,1,1
25618099,1,1
25618136,1,1
25618334,1,1
25618358,1,1
25618389,1,1
25618426,1,1
25618655,1,1
25618679,1,1
25618709,1,1
25618723,1,1
25618907,1,1
25619362,1,1
25619379,1,1
25619447,1,1
25619508,1,1
25619553,1,1
25619614,1,1
25619881,1,1
25620337,1,1
25620368,1,1
25620603,1,1
25620627,1,1
25620696,1,1
25620702,1,1
25620801,1,1
25620832,1,1
25620863,1,1
25621068,1,1
25621143,1,1
25621334,1,1
25621495,1,1
25621556,1,1
25622065,1,1
25622317,1,1
25622492,1,1
25622621,1,1
25623123,1,1
25623161,1,1
25623246,1,1
25623291,1,1
25623413,1,1
25623420,1,1
25623451,1,1
25623468,1,1
25623628,1,1
25623864,1,1
25623871,1,1
25623918,1,1
25623949,1,1
25623987,1,1
25624007,1,1
25624083,1,1
25624298,1,1
25624502,1,1
25624519,1,1
25624564,1,1
25624571,1,1
25624731,1,1
25624809,1,1
25624830,1,1
25624946,1,1
25625493,1,1
25625554,1,1
25625561,1,1
25625608,1,1
25625615,1,1
25625639,1,1
25626292,1,1
25626322,1,1
25626384,1,1
25626605,1,1
25626629,1,1
25626667,1,1
25626919,1,1
25626971,1,1
25627114,1,1
25627176,1,1
25627961,1,1
25628258,1,1
25628371,1,1
25629200,1,1
25629217,1,1
25629224,1,1
25629316,1,1
25630442,1,1
25630596,1,1
25630763,1,1
25630862,1,1
25631029,1,1
25631050,1,1
25631500,1,1
25631685,1,1
25631838,1,1
25631968,1,1
25632422,1,1
25632712,1,1
25635713,1,1
25659009,1,1
25659016,1,1
25659030,1,1
25659092,1,1
25659207,1,1
25659689,1,1
25659696,1,1
25659702,1,1
25659740,1,1
25659856,1,1
25660067,1,1
25660173,1,1
25660180,1,1
25660418,1,1
25660616,1,1
25660623,1,1
25660654,1,1
25660715,1,1
25660760,1,1
25660777,1,1
25660791,1,1
25660814,1,1
25660821,1,1
25660920,1,1
25660968,1,1
25660975,1,1
25660982,1,1
25661309,1,1
25661316,1,1
25661903,1,1
25662214,1,1
25662245,1,1
25662269,1,1
25662276,1,1
25662375,1,1
25662504,1,1
25662955,1,1
25663211,1,1
25663259,1,1
25663617,1,1
25663631,1,1
25663860,1,1
25663877,1,1
25663921,1,1
25664379,1,1
25664645,1,1
25666144,1,1
25666618,1,1
25666724,1,1
25666977,1,1
25666984,1,1
25667011,1,1
25667073,1,1
25667127,1,1
25667967,1,1
25668056,1,1
25668070,1,1
25668087,1,1
25668216,1,1
25668278,1,1
25668360,1,1
25669039,1,1
25669091,1,1
25671063,1,1
25671254,1,1
25672060,1,1
25672084,1,1
25672381,1,1
25675863,1,1
25675887,1,1
25678598,1,1
25681291,1,1
25681635,1,1
25681765,1,1
25681987,1,1
25681994,1,1
25682076,1,1
25683073,1,1
25683110,1,1
25683134,1,1
25683141,1,1
25683196,1,1
25684537,1,1
25684667,1,1
25684803,1,1
25685664,1,1
25685701,1,1
25685770,1,1
25685817,1,1
25685855,1,1
25685923,1,1
25686166,1,1
25686289,1,1
25686364,1,1
25686388,1,1
25686432,1,1
25686531,1,1
25693430,1,1
25694161,1,1
25696042,1,1
25698282,1,1
25698848,1,1
25704129,1,1
25705591,1,1
25706017,1,1
25716641,1,1
25716924,1,1
25717082,1,1
25717105,1,1
25717143,1,1
25717181,1,1
25717259,1,1
25717341,1,1
25717778,1,1
25718317,1,1
25718461,1,1
25718508,1,1
25719536,1,1
25719864,1,1
25720433,1,1
25722260,1,1
25722284,1,1
25724202,1,1
25724714,1,1
25725711,1,1
25725827,1,1
25725872,1,1
25726053,1,1
25726497,1,1
25727166,1,1
25728170,1,1
25728392,1,1
25728873,1,1
25728996,1,1
25729962,1,1
25730449,1,1
25730807,1,1
25731521,1,1
25732016,1,1
25732641,1,1
25732856,1,1
25733136,1,1
25733143,1,1
25733808,1,1
25733822,1,1
25733846,1,1
25734379,1,1
25735215,1,1
25735413,1,1
25735871,1,1
25735963,1,1
25736489,1,1
25736595,1,1
25736601,1,1
25736649,1,1
25736908,1,1
25736960,1,1
25737226,1,1
25744552,1,1
25744590,1,1
25744743,1,1
25744941,1,1
25744989,1,1
25745375,1,1
25745467,1,1
25745498,1,1
25745559,1,1
25745757,1,1
25745771,1,1
25745818,1,1
25748727,1,1
25748765,1,1
25748796,1,1
25748833,1,1
25748840,1,1
25748857,1,1
25748956,1,1
25748963,1,1
25749069,1,1
25749366,1,1
25749434,1,1
25749465,1,1
25749472,1,1
25749496,1,1
25749625,1,1
25749731,1,1
25749748,1,1
25749793,1,1
25749915,1,1
25750010,1,1
25750089,1,1
25750119,1,1
25750195,1,1
25750201,1,1
25750645,1,1
25750850,1,1
25750867,1,1
25750881,1,1
25750997,1,1
25751024,1,1
25751468,1,1
25751499,1,1
25751772,1,1
25752380,1,1
25752496,1,1
25752540,1,1
25752557,1,1
25752564,1,1
25752601,1,1
25752670,1,1
25752694,1,1
25752816,1,1
25752823,1,1
25753509,1,1
25753547,1,1
25754391,1,1
25754483,1,1
25754605,1,1
25754643,1,1
25754735,1,1
25754742,1,1
25754759,1,1
25755176,1,1
25755206,1,1
25755503,1,1
25755602,1,1
25755756,1,1
25756227,1,1
25756364,1,1
25756371,1,1
25756388,1,1
25756401,1,1
25756470,1,1
25756531,1,1
25756791,1,1
25757781,1,1
25758597,1,1
25760026,1,1
25761412,1,1
25761528,1,1
25762990,1,1
25767353,1,1
25767360,1,1
25768701,1,1
25770971,1,1
25771374,1,1
25771565,1,1
25771572,1,1
25771596,1,1
25773286,1,1
25773316,1,1
25773958,1,1
25774047,1,1
25774054,1,1
25774061,1,1
25774115,1,1
25774122,1,1
25774214,1,1
25774221,1,1
25774252,1,1
25777390,1,1
25778588,1,1
25778663,1,1
25778724,1,1
25778779,1,1
25778823,1,1
25778892,1,1
25778915,1,1
25778922,1,1
25778960,1,1
25801606,1,1
25801965,1,1
25802597,1,1
25802627,1,1
25802634,1,1
25802665,1,1
25802672,1,1
25802740,1,1
25802825,1,1
25802887,1,1
25803365,1,1
25803457,1,1
25803464,1,1
25803471,1,1
25803648,1,1
25803662,1,1
25803686,1,1
25805581,1,1
25806861,1,1
25806892,1,1
25807585,1,1
25807592,1,1
25807608,1,1
25807615,1,1
25808506,1,1
25808834,1,1
25809428,1,1
25810103,1,1
25810141,1,1
25810158,1,1
25811308,1,1
25811988,1,1
25812084,1,1
25812251,1,1
25812275,1,1
25812329,1,1
25812763,1,1
25813609,1,1
25814248,1,1
25814552,1,1
25814569,1,1
25814620,1,1
25814644,1,1
25814712,1,1
25814880,1,1
25814910,1,1
25815788,1,1
25815894,1,1
25815931,1,1
25816525,1,1
25817065,1,1
25817676,1,1
25817706,1,1
25817737,1,1
25817744,1,1
25817775,1,1
25818994,1,1
25819236,1,1
25819915,1,1
25819991,1,1
25820478,1,1
25821079,1,1
25821086,1,1
25821215,1,1
25821833,1,1
25822816,1,1
25823936,1,1
25825152,1,1
25840131,1,1
25842036,1,1
25842647,1,1
25843071,1,1
25843361,1,1
25843668,1,1
25844023,1,1
25844207,1,1
25844740,1,1
25844757,1,1
25845556,1,1
25845563,1,1
25845747,1,1
25845891,1,1
25845907,1,1
25845983,1,1
25848021,1,1
25848076,1,1
25848816,1,1
25849011,1,1
25849059,1,1
25849073,1,1
25849721,1,1
25851663,1,1
25852769,1,1
25853278,1,1
25853308,1,1
25853339,1,1
25853568,1,1
25854077,1,1
25854213,1,1
25855081,1,1
25858389,1,1
25858457,1,1
25858549,1,1
25858631,1,1
25858754,1,1
25858792,1,1
25858846,1,1
25858853,1,1
25859003,1,1
25859027,1,1
25859096,1,1
25859591,1,1
25866933,1,1
25880250,1,1
25909128,1,1
25913958,1,1
25913965,1,1
25914122,1,1
25914313,1,1
25914320,1,1
25914818,1,1
25914870,1,1
25914894,1,1
25915075,1,1
25915082,1,1
25915099,1,1
25915235,1,1
25915259,1,1
25915808,1,1
25916294,1,1
25916522,1,1
25916539,1,1
25916546,1,1
25916669,1,1
25916676,1,1
25916690,1,1
25916706,1,1
25916768,1,1
25916799,1,1
25916812,1,1
25916997,1,1
25917031,1,1
25917123,1,1
25919295,1,1
25919356,1,1
25919363,1,1
25919394,1,1
25919424,1,1
25919479,1,1
25919486,1,1
25919516,1,1
25919547,1,1
25919554,1,1
25919578,1,1
25919592,1,1
25919622,1,1
25919639,1,1
25919653,1,1
25919707,1,1
25919714,1,1
25919721,1,1
25919769,1,1
25919790,1,1
25919813,1,1
25919820,1,1
25919844,1,1
25919936,1,1
25919943,1,1
25919950,1,1
25920000,1,1
25920017,1,1
25920055,1,1
25920130,1,1
25920178,1,1
25920215,1,1
25920253,1,1
25920390,1,1
25920482,1,1
25920536,1,1
25920581,1,1
25920611,1,1
25921274,1,1
25921311,1,1
25921373,1,1
25921380,1,1
25921441,1,1
25921489,1,1
25921502,1,1
25921519,1,1
25921557,1,1
25921687,1,1
25921717,1,1
25926705,1,1
25929379,1,1
25929386,1,1
25929508,1,1
25933659,1,1
25933680,1,1
25933710,1,1
25933727,1,1
25933741,1,1
25933826,1,1
25934120,1,1
25934199,1,1
25934243,1,1
25934359,1,1
25934557,1,1
25935356,1,1
25935479,1,1
25935769,1,1
25935837,1,1
25935868,1,1
25935899,1,1
25935929,1,1
25935950,1,1
25936001,1,1
25936032,1,1
25936056,1,1
25936063,1,1
25936087,1,1
25936100,1,1
25936131,1,1
25936247,1,1
25936261,1,1
25936278,1,1
25936285,1,1
25936339,1,1
25936360,1,1
25936391,1,1
25936704,1,1
25936773,1,1
25936780,1,1
25936872,1,1
25936902,1,1
25936957,1,1
25937015,1,1
25937022,1,1
25937039,1,1
25937985,1,1
25938012,1,1
25938043,1,1
25938432,1,1
25938456,1,1
25938470,1,1
25938517,1,1
25938654,1,1
25938920,1,1
25938937,1,1
25940411,1,1
25940435,1,1
25940442,1,1
25940473,1,1
25940619,1,1
25940626,1,1
25940800,1,1
25940985,1,1
25941067,1,1
25951530,1,1
25951721,1,1
25951820,1,1
25951967,1,1
25952032,1,1
25952049,1,1
25952773,1,1
25952841,1,1
25952919,1,1
25953510,1,1
25953534,1,1
25953626,1,1
25953862,1,1
25954647,1,1
25954654,1,1
25955293,1,1
25955347,1,1
25956009,1,1
25956047,1,1
25956122,1,1
25957679,1,1
25957846,1,1
25958225,1,1
25958256,1,1
25958577,1,1
25958652,1,1
25958751,1,1
25958829,1,1
25958850,1,1
25958959,1,1
25959000,1,1
25959055,1,1
25959079,1,1
25959208,1,1
25959338,1,1
25961188,1,1
25961508,1,1
25961560,1,1
25962352,1,1
25962406,1,1
25962468,1,1
25963854,1,1
25963977,1,1
25963984,1,1
25965032,1,1
25965261,1,1
25965933,1,1
25965940,1,1
25966169,1,1
25967654,1,1
25968712,1,1
25968859,1,1
25969764,1,1
25969801,1,1
25970906,1,1
25970920,1,1
25971057,1,1
25971910,1,1
25971972,1,1
25971996,1,1
25974331,1,1
25975178,1,1
25975710,1,1
25976281,1,1
25977066,1,1
25977141,1,1
25977370,1,1
25977578,1,1
25978520,1,1
25981940,1,1
25982008,1,1
25982107,1,1
25983722,1,1
25983999,1,1
25987669,1,1
25988215,1,1
25988338,1,1
25988383,1,1
25991253,1,1
25992465,1,1
25992564,1,1
25992748,1,1
25993653,1,1
25993684,1,1
25993707,1,1
25993714,1,1
25993721,1,1
25994469,1,1
25994520,1,1
25994605,1,1
25994957,1,1
25994971,1,1
25994988,1,1
25996890,1,1
25997057,1,1
25998214,1,1
25998313,1,1
25998399,1,1
25998429,1,1
25998443,1,1
25998450,1,1
25998795,1,1
25998870,1,1
25998948,1,1
25999495,1,1
26000763,1,1
26000848,1,1
26000879,1,1
26000893,1,1
26001944,1,1
26002026,1,1
26002064,1,1
26002071,1,1
26017068,1,1
26021119,1,1
26021140,1,1
26021188,1,1
26021256,1,1
26021379,1,1
26021409,1,1
26021430,1,1
26021447,1,1
26022666,1,1
26032658,1,1
26032702,1,1
26032719,1,1
26044088,1,1
26044521,1,1
26044538,1,1
26044569,1,1
26044576,1,1
26045085,1,1
26045108,1,1
26045467,1,1
26045573,1,1
26045597,1,1
26045733,1,1
26046105,1,1
26046112,1,1
26046198,1,1
26046204,1,1
26046341,1,1
26046358,1,1
26046365,1,1
26046518,1,1
26046549,1,1
26047454,1,1
26047485,1,1
26047713,1,1
26048413,1,1
26048420,1,1
26048444,1,1
26048482,1,1
26048925,1,1
26049656,1,1
26049687,1,1
26049809,1,1
26051093,1,1
26051123,1,1
26052052,1,1
26052236,1,1
26052311,1,1
26052366,1,1
26052847,1,1
26053271,1,1
26053394,1,1
26053707,1,1
26054865,1,1
26054872,1,1
26054919,1,1
26055091,1,1
26055954,1,1
26055978,1,1
26056531,1,1
26059631,1,1
26060989,1,1
26061320,1,1
26061566,1,1
26061672,1,1
26061788,1,1
26069548,1,1
26069630,1,1
26069661,1,1
26071329,1,1
26071398,1,1
26071725,1,1
26072265,1,1
26072272,1,1
26072449,1,1
26072487,1,1
26072494,1,1
26074368,1,1
26074498,1,1
26074559,1,1
26074597,1,1
26074627,1,1
26074702,1,1
26075044,1,1
26075051,1,1
26075068,1,1
26075082,1,1
26075150,1,1
26075273,1,1
26075631,1,1
26075655,1,1
26075839,1,1
26075860,1,1
26075877,1,1
26075907,1,1
26075921,1,1
26076119,1,1
26076249,1,1
26077161,1,1
26079325,1,1
26080833,1,1
26086712,1,1
26086736,1,1
26086750,1,1
26097503,1,1
26097510,1,1
26097527,1,1
26098166,1,1
26098685,1,1
26104997,1,1
26105888,1,1
26105949,1,1
26106090,1,1
26107813,1,1
26107882,1,1
26111360,1,1
26117751,1,1
26117911,1,1
26117942,1,1
26118024,1,1
26120683,1,1
26120850,1,1
26120881,1,1
26120935,1,1
26120973,1,1
26121031,1,1
26121130,1,1
26121505,1,1
26122205,1,1
26122212,1,1
26122298,1,1
26122304,1,1
26122311,1,1
26122335,1,1
26122380,1,1
26122786,1,1
26129440,1,1
26129495,1,1
26138961,1,1
26143521,1,1
26145556,1,1
26145563,1,1
26145761,1,1
26149233,1,1
26149486,1,1
26152080,1,1
26246062,1,1
26246208,1,1
26246291,1,1
26246383,1,1
26246697,1,1
26246765,1,1
26247823,1,1
26247854,1,1
26247991,1,1
26248462,1,1
26248752,1,1
26248813,1,1
26249193,1,1
26249995,1,1
26250823,1,1
26251233,1,1
26252469,1,1
26252599,1,1
26252681,1,1
26252780,1,1
26253459,1,1
26253596,1,1
26253794,1,1
26254463,1,1
26254487,1,1
26260228,1,1
26260303,1,1
26261447,1,1
26263762,1,1
26265940,1,1
26266749,1,1
26266848,1,1
26266992,1,1
26269382,1,1
26269436,1,1
26269467,1,1
26270340,1,1
26270401,1,1
26270418,1,1
26270487,1,1
26270548,1,1
26270579,1,1
26270593,1,1
26273136,1,1
26273402,1,1
26273570,1,1
26273907,1,1
26274058,1,1
26275819,1,1
26275918,1,1
26276335,1,1
26276564,1,1
26276670,1,1
26276694,1,1
26276724,1,1
26276892,1,1
26276908,1,1
26277721,1,1
26277776,1,1
26277899,1,1
26277905,1,1
26278001,1,1
26278131,1,1
26278223,1,1
26278247,1,1
26278674,1,1
26278858,1,1
26278896,1,1
26297361,1,1
26297569,1,1
26297798,1,1
26297866,1,1
26327105,1,1
26327181,1,1
26327495,1,1
26328744,1,1
26329529,1,1
26329543,1,1
26333564,1,1
26334196,1,1
26336831,1,1
26336862,1,1
26337005,1,1
26337173,1,1
26337197,1,1
26337746,1,1
26337814,1,1
26337890,1,1
26338415,1,1
26338910,1,1
26339658,1,1
26339719,1,1
26339740,1,1
26344454,1,1
26346465,1,1
26347103,1,1
26347110,1,1
26347141,1,1
26348094,1,1
26349725,1,1
26349923,1,1
26350387,1,1
26350394,1,1
26350400,1,1
26350448,1,1
26350479,1,1
26350493,1,1
26350509,1,1
26350547,1,1
26350677,1,1
26351179,1,1
26351209,1,1
26351223,1,1
26351230,1,1
26351261,1,1
26351346,1,1
26356761,1,1
26356778,1,1
26356792,1,1
26356891,1,1
26356914,1,1
26357010,1,1
26357768,1,1
26357812,1,1
26358277,1,1
26358581,1,1
26359311,1,1
26359618,1,1
26359779,1,1
26359908,1,1
26360003,1,1
26360621,1,1
26360911,1,1
26361246,1,1
26361253,1,1
26361475,1,1
26362441,1,1
26362779,1,1
26363783,1,1
26363875,1,1
26364247,1,1
26364599,1,1
26364711,1,1
26364872,1,1
26365459,1,1
26366395,1,1
26367347,1,1
26367422,1,1
26367705,1,1
26367736,1,1
26367873,1,1
26367880,1,1
26368733,1,1
26368740,1,1
26368825,1,1
26370583,1,1
26371498,1,1
26371535,1,1
26371559,1,1
26372556,1,1
26377247,1,1
26377285,1,1
26377292,1,1
26377322,1,1
26378503,1,1
26378558,1,1
26378794,1,1
26381930,1,1
26381947,1,1
26382111,1,1
26382128,1,1
26382166,1,1
26388922,1,1
26389035,1,1
26389271,1,1
26389288,1,1
26389301,1,1
26389325,1,1
26389356,1,1
26389431,1,1
26389455,1,1
26389462,1,1
26389523,1,1
26389554,1,1
26389561,1,1
26389646,1,1
26389653,1,1
26405308,1,1
26405315,1,1
26405346,1,1
26405360,1,1
26405421,1,1
26405445,1,1
26405551,1,1
26407074,1,1
26408330,1,1
26408668,1,1
26408859,1,1
26409283,1,1
26409511,1,1
26409566,1,1
26409573,1,1
26410821,1,1
26410852,1,1
26410869,1,1
26410890,1,1
26411200,1,1
26411286,1,1
26411514,1,1
26417707,1,1
26417714,1,1
26419411,1,1
26423258,1,1
26423371,1,1
26423418,1,1
26425269,1,1
26426303,1,1
26426952,1,1
26426976,1,1
26426990,1,1
26427065,1,1
26427072,1,1
26427096,1,1
26427102,1,1
26427119,1,1
26427348,1,1
26430133,1,1
26430232,1,1
26430324,1,1
26430904,1,1
26431284,1,1
26431550,1,1
26437286,1,1
26440590,1,1
26440620,1,1
26440668,1,1
26441702,1,1
26442747,1,1
26443430,1,1
26443454,1,1
26444291,1,1
26444598,1,1
26444659,1,1
26444741,1,1
26444833,1,1
26449845,1,1
26450049,1,1
26450193,1,1
26450889,1,1
26452432,1,1
26452487,1,1
26452739,1,1
26475486,1,1
26475561,1,1
26475677,1,1
26475820,1,1
26475851,1,1
26475981,1,1
26476018,1,1
26476056,1,1
26476094,1,1
26476124,1,1
26477954,1,1
26477961,1,1
26478036,1,1
26478043,1,1
26478074,1,1
26478128,1,1
26478135,1,1
26478210,1,1
26478227,1,1
26478265,1,1
26478555,1,1
26478630,1,1
26478722,1,1
26499406,1,1
26499895,1,1
26501611,1,1
26502410,1,1
26502519,1,1
26502571,1,1
26504087,1,1
26504186,1,1
26505008,1,1
26505442,1,1
26505879,1,1
26505909,1,1
26506340,1,1
26507057,1,1
26510750,1,1
26510804,1,1
26510873,1,1
26510903,1,1
26511153,1,1
26511160,1,1
26511559,1,1
26511603,1,1
26511634,1,1
26514482,1,1
26516622,1,1
26517384,1,1
26517865,1,1
26518343,1,1
26518367,1,1
26519487,1,1
26519494,1,1
26522197,1,1
26522326,1,1
26522357,1,1
26523873,1,1
26524917,1,1
26525617,1,1
26526317,1,1
26526959,1,1
26527093,1,1
26527130,1,1
26528267,1,1
26532080,1,1
26532097,1,1
26533605,1,1
26534664,1,1
26534732,1,1
26536811,1,1
26536897,1,1
26538006,1,1
26538563,1,1
26539041,1,1
26542942,1,1
26544250,1,1
26544946,1,1
26544977,1,1
26545127,1,1
26545738,1,1
26546216,1,1
26546742,1,1
26548715,1,1
26553849,1,1
26554662,1,1
26555744,1,1
26555867,1,1
26557311,1,1
26557816,1,1
26559360,1,1
26562254,1,1
26562278,1,1
26562308,1,1
26562315,1,1
26562384,1,1
26562391,1,1
26562421,1,1
26562483,1,1
26562506,1,1
26562612,1,1
26562629,1,1
26564005,1,1
26564388,1,1
26564937,1,1
26565422,1,1
26567433,1,1
26568058,1,1
26568652,1,1
26569451,1,1
26569581,1,1
26571263,1,1
26575797,1,1
26578385,1,1
26578415,1,1
26578750,1,1
26579528,1,1
26580661,1,1
26581996,1,1
26583648,1,1
26583679,1,1
26584263,1,1
26584508,1,1
26586038,1,1
26586359,1,1
26586366,1,1
26586649,1,1
26588056,1,1
26589763,1,1
26590264,1,1
26590356,1,1
26590516,1,1
26590523,1,1
26590530,1,1
26590608,1,1
26590653,1,1
26591650,1,1
26592206,1,1
26592213,1,1
26592831,1,1
26592879,1,1
26592961,1,1
26593647,1,1
26593654,1,1
26597720,1,1
26597775,1,1
26598925,1,1
26598932,1,1
26599236,1,1
26599250,1,1
26599342,1,1
26600079,1,1
26600093,1,1
26600598,1,1
26603636,1,1
26604558,1,1
26605029,1,1
26624471,1,1
26624518,1,1
26627069,1,1
26627083,1,1
26627496,1,1
26627526,1,1
26627557,1,1
26628257,1,1
26629582,1,1
26630212,1,1
26630380,1,1
26631790,1,1
26633145,1,1
26636795,1,1
26637402,1,1
26637457,1,1
26637464,1,1
26637501,1,1
26637655,1,1
26637778,1,1
26652917,1,1
26654362,1,1
26654621,1,1
26654782,1,1
26655048,1,1
26655055,1,1
26655086,1,1
26655093,1,1
26664262,1,1
26664286,1,1
26665559,1,1
26665887,1,1
26666204,1,1
26666266,1,1
26666600,1,1
26666853,1,1
26666907,1,1
26666921,1,1
26667010,1,1
26667553,1,1
26667577,1,1
26667799,1,1
26668048,1,1
26668079,1,1
26668147,1,1
26668253,1,1
26672847,1,1
26673134,1,1
26673431,1,1
26674322,1,1
26674759,1,1
26676012,1,1
26676029,1,1
26676067,1,1
26678344,1,1
26678399,1,1
26678719,1,1
26678825,1,1
26678986,1,1
26680071,1,1
26680279,1,1
26680347,1,1
26680408,1,1
26680682,1,1
26680941,1,1
26681016,1,1
26681047,1,1
26681122,1,1
26681184,1,1
26681429,1,1
26681726,1,1
26681801,1,1
26682273,1,1
26682303,1,1
26682389,1,1
26682396,1,1
26682549,1,1
26683348,1,1
26684147,1,1
26684284,1,1
26684710,1,1
26686097,1,1
26687988,1,1
26688510,1,1
26714479,1,1
26715681,1,1
26716701,1,1
26717968,1,1
26720012,1,1
26720036,1,1
26720043,1,1
26720098,1,1
26720227,1,1
26721392,1,1
26721453,1,1
26721460,1,1
26721477,1,1
26721910,1,1
26721989,1,1
26722009,1,1
26722016,1,1
26722054,1,1
26723327,1,1
26725291,1,1
26741482,1,1
26773520,1,1
26773568,1,1
26774893,1,1
26776224,1,1
26776309,1,1
26776330,1,1
26777245,1,1
26777252,1,1
26777566,1,1
26778846,1,1
26778976,1,1
26779287,1,1
26784632,1,1
26792279,1,1
26792347,1,1
26792354,1,1
26792767,1,1
26801780,1,1
26819891,1,1
26820989,1,1
26824109,1,1
26827223,1,1
26827315,1,1
26827469,1,1
26827865,1,1
26830148,1,1
26830520,1,1
26830582,1,1
26830803,1,1
26831091,1,1
26831114,1,1
26831527,1,1
26831619,1,1
26832005,1,1
26832210,1,1
26832265,1,1
26832340,1,1
26832593,1,1
26832609,1,1
26832739,1,1
26833040,1,1
26833125,1,1
26833187,1,1
26833200,1,1
26833309,1,1
26833347,1,1
26833453,1,1
26833460,1,1
26833477,1,1
26833514,1,1
26833545,1,1
26833774,1,1
26833835,1,1
26833842,1,1
26833859,1,1
26833910,1,1
26833989,1,1
26834009,1,1
26834566,1,1
26834580,1,1
26834603,1,1
26834696,1,1
26834740,1,1
26834801,1,1
26834818,1,1
26834894,1,1
26834917,1,1
26836607,1,1
26836638,1,1
26836737,1,1
26836768,1,1
26837475,1,1
26837482,1,1
26838311,1,1
26838335,1,1
26839028,1,1
26839103,1,1
26839349,1,1
26839356,1,1
26839394,1,1
26839479,1,1
26840086,1,1
26840109,1,1
26840192,1,1
26840901,1,1
26841878,1,1
26841960,1,1
26842004,1,1
26842011,1,1
26842202,1,1
26842691,1,1
26842776,1,1
26842820,1,1
26842837,1,1
26842943,1,1
26843018,1,1
26843049,1,1
26843230,1,1
26846125,1,1
26846750,1,1
26847115,1,1
26847160,1,1
26847290,1,1
26847559,1,1
26847566,1,1
26848105,1,1
26848433,1,1
26848532,1,1
26849980,1,1
26850399,1,1
26850498,1,1
26850610,1,1
26850665,1,1
26850702,1,1
26851198,1,1
26851235,1,1
26851594,1,1
26851624,1,1
26852249,1,1
26852324,1,1
26853758,1,1
26854151,1,1
26854625,1,1
26854793,1,1
26854885,1,1
26855301,1,1
26855691,1,1
26855752,1,1
26855783,1,1
26855790,1,1
26855837,1,1
26855851,1,1
26855875,1,1
26855882,1,1
26855912,1,1
26856063,1,1
26856094,1,1
26856247,1,1
26856261,1,1
26856308,1,1
26856377,1,1
26856384,1,1
26856414,1,1
26856438,1,1
26856520,1,1
26856605,1,1
26856674,1,1
26856698,1,1
26856728,1,1
26856766,1,1
26856780,1,1
26856803,1,1
26856834,1,1
26856872,1,1
26856889,1,1
26857473,1,1
26857503,1,1
26857541,1,1
26857701,1,1
26857725,1,1
26862200,1,1
26862224,1,1
26862323,1,1
26862552,1,1
26862781,1,1
26863047,1,1
26863191,1,1
26863535,1,1
26863689,1,1
26863856,1,1
26864891,1,1
26864914,1,1
26867755,1,1
26867762,1,1
26867861,1,1
26868837,1,1
26868844,1,1
26869025,1,1
26869407,1,1
26869865,1,1
26869889,1,1
26870922,1,1
26870946,1,1
26871004,1,1
26871042,1,1
26871059,1,1
26871097,1,1
26871134,1,1
26871141,1,1
26871165,1,1
26871189,1,1
26871714,1,1
26871868,1,1
26872131,1,1
26872551,1,1
26872742,1,1
26879574,1,1
26894775,1,1
26896854,1,1
26897141,1,1
26898162,1,1
26898681,1,1
26899770,1,1
26901121,1,1
26901251,1,1
26901275,1,1
26901329,1,1
26901459,1,1
26901893,1,1
26903262,1,1
26903965,1,1
26904061,1,1
26904290,1,1
26904320,1,1
26904740,1,1
26904801,1,1
26904849,1,1
26905853,1,1
26907260,1,1
26907598,1,1
26907956,1,1
26914565,1,1
26914589,1,1
26931906,1,1
26934686,1,1
26934976,1,1
26935003,1,1
26935010,1,1
26935034,1,1
26935065,1,1
26939131,1,1
26940335,1,1
26941677,1,1
26944739,1,1
26944753,1,1
26945194,1,1
26945385,1,1
26945408,1,1
26945491,1,1
26945521,1,1
26945538,1,1
26945583,1,1
26945590,1,1
26945972,1,1
26951973,1,1
26952109,1,1
26952154,1,1
26954080,1,1
26954165,1,1
26954271,1,1
26954547,1,1
26954561,1,1
26954615,1,1
26954677,1,1
26954875,1,1
26955070,1,1
26955315,1,1
26989693,1,1
26989709,1,1
26996967,1,1
27004395,1,1
27005552,1,1
27009338,1,1
27009345,1,1
27057469,1,1
27059081,1,1
27060803,1,1
27061060,1,1
27061602,1,1
27061763,1,1
27062494,1,1
27066133,1,1
27066270,1,1
27066287,1,1
27066393,1,1
27066416,1,1
27066423,1,1
27066867,1,1
27066911,1,1
27066928,1,1
27066966,1,1
27066997,1,1
27070710,1,1
27072684,1,1
27073551,1,1
27073896,1,1
27074503,1,1
27074510,1,1
27074633,1,1
27124949,1,1
27125731,1,1
27125786,1,1
27125946,1,1
27126165,1,1
27126240,1,1
27126264,1,1
27126394,1,1
27126417,1,1
27126431,1,1
27126608,1,1
27126622,1,1
27126684,1,1
27126806,1,1
27126882,1,1
27126899,1,1
27126905,1,1
27127247,1,1
27127292,1,1
27127353,1,1
27129630,1,1
27129692,1,1
27129708,1,1
27129791,1,1
27130186,1,1
27130643,1,1
27130698,1,1
27131510,1,1
27139455,1,1
27141229,1,1
27141243,1,1
27141328,1,1
27141335,1,1
27143353,1,1
27143438,1,1
27145340,1,1
27145562,1,1
27145722,1,1
27145739,1,1
27153000,1,1
27153499,1,1
27153505,1,1
27153895,1,1
27154045,1,1
27154113,1,1
27154229,1,1
27154243,1,1
27154328,1,1
27154359,1,1
27154380,1,1
27154403,1,1
27154588,1,1
27163269,1,1
27169070,1,1
27169445,1,1
27176634,1,1
27178140,1,1
27178461,1,1
27180563,1,1
27180587,1,1
27180891,1,1
27189962,1,1
27190029,1,1
27190036,1,1
27190128,1,1
27191224,1,1
27192092,1,1
27195918,1,1
27195963,1,1
27197073,1,1
27197134,1,1
27197288,1,1
27197356,1,1
27197455,1,1
27197837,1,1
27197912,1,1
27198308,1,1
27198339,1,1
27198476,1,1
27198605,1,1
27198681,1,1
27198919,1,1
27199206,1,1
27199398,1,1
27200445,1,1
27201213,1,1
27201725,1,1
27201732,1,1
27202036,1,1
27202463,1,1
27202869,1,1
27202913,1,1
27202975,1,1
27203033,1,1
27203286,1,1
27203293,1,1
27203361,1,1
27203408,1,1
27203781,1,1
27204245,1,1
27204269,1,1
27204412,1,1
27205563,1,1
27206157,1,1
27206683,1,1
27206737,1,1
27207369,1,1
27208786,1,1
27208830,1,1
27209134,1,1
27209264,1,1
27210949,1,1
27211090,1,1
27211960,1,1
27213179,1,1
27213209,1,1
27213223,1,1
27213346,1,1
27213353,1,1
27213698,1,1
27214381,1,1
27214473,1,1
27218204,1,1
27218297,1,1
27219263,1,1
27219591,1,1
27219669,1,1
27220689,1,1
27220719,1,1
27220962,1,1
27222577,1,1
27222843,1,1
27223895,1,1
27224670,1,1
27224687,1,1
27224717,1,1
27224991,1,1
27225028,1,1
27225684,1,1
27225769,1,1
27225813,1,1
27226063,1,1
27226087,1,1
27226100,1,1
27226223,1,1
27226636,1,1
27226643,1,1
27226872,1,1
27227091,1,1
27227398,1,1
27227480,1,1
27227510,1,1
27227541,1,1
27227558,1,1
27227664,1,1
27227671,1,1
27227879,1,1
27227893,1,1
27227909,1,1
27227916,1,1
27228166,1,1
27228456,1,1
27228470,1,1
27233948,1,1
27234044,1,1
27234051,1,1
27234068,1,1
27235553,1,1
27235805,1,1
27237311,1,1
27237403,1,1
27237458,1,1
27237540,1,1
27237618,1,1
27237724,1,1
27237786,1,1
27237793,1,1
27237922,1,1
27237939,1,1
27238042,1,1
27238073,1,1
27238097,1,1
27238233,1,1
27238417,1,1
27238424,1,1
27239018,1,1
27239230,1,1
27239308,1,1
27239315,1,1
27239995,1,1
27240526,1,1
27240533,1,1
27240663,1,1
27240670,1,1
27242254,1,1
27243190,1,1
27250167,1,1
27250174,1,1
27250204,1,1
27250211,1,1
27250266,1,1
27250334,1,1
27250341,1,1
27250365,1,1
27250433,1,1
27250501,1,1
27250587,1,1
27250600,1,1
27250631,1,1
27250716,1,1
27250792,1,1
27250969,1,1
27250983,1,1
27251300,1,1
27251317,1,1
27251423,1,1
27251577,1,1
27251621,1,1
27251812,1,1
27251898,1,1
27251942,1,1
27252062,1,1
27252154,1,1
27252161,1,1
27252178,1,1
27252192,1,1
27252222,1,1
27254394,1,1
27254820,1,1
27254837,1,1
27255100,1,1
27255131,1,1
27255148,1,1
27255322,1,1
27255339,1,1
27255391,1,1
27255421,1,1
27255438,1,1
27255452,1,1
27255636,1,1
27255889,1,1
27255896,1,1
27255933,1,1
27256206,1,1
27256404,1,1
27256459,1,1
27256466,1,1
27257333,1,1
27257562,1,1
27258668,1,1
27259566,1,1
27259924,1,1
27260043,1,1
27260135,1,1
27260159,1,1
27260210,1,1
27260388,1,1
27260449,1,1
27260487,1,1
27262429,1,1
27262894,1,1
27271742,1,1
27271759,1,1
27271780,1,1
27272206,1,1
27272251,1,1
27272268,1,1
27272824,1,1
27272831,1,1
27273067,1,1
27273302,1,1
27273715,1,1
27273722,1,1
27273753,1,1
27273890,1,1
27273920,1,1
27273951,1,1
27442388,1,1
27442517,1,1
27442753,1,1
27510353,1,1
27511077,1,1
27511503,1,1
27511527,1,1
27511541,1,1
27511633,1,1
27511640,1,1
27511718,1,1
27511855,1,1
27511923,1,1
27512531,1,1
27512678,1,1
27517741,1,1
27517758,1,1
27520055,1,1
27520215,1,1
27520345,1,1
27520376,1,1
27520420,1,1
27520451,1,1
27522011,1,1
27524015,1,1
27525661,1,1
27541449,1,1
27543146,1,1
27543979,1,1
27544358,1,1
27544730,1,1
27544747,1,1
27545881,1,1
27545904,1,1
27545935,1,1
27546000,1,1
27546185,1,1
27546420,1,1
27547496,1,1
27548042,1,1
27548059,1,1
27548080,1,1
27548103,1,1
27548110,1,1
27548134,1,1
27548271,1,1
27548493,1,1
27551509,1,1
27551523,1,1
27551639,1,1
27551691,1,1
27551806,1,1
27552001,1,1
27552063,1,1
27552087,1,1
27552186,1,1
27552209,1,1
27552216,1,1
27552247,1,1
27552254,1,1
27589199,1,1
27589274,1,1
27592403,1,1
27592427,1,1
27592717,1,1
27594841,1,1
27596890,1,1
27597507,1,1
27597514,1,1
27597545,1,1
27597583,1,1
27599280,1,1
27599310,1,1
27599662,1,1
27599686,1,1
27600351,1,1
27600535,1,1
27600559,1,1
27600641,1,1
27600665,1,1
27600672,1,1
27600740,1,1
27600832,1,1
27600887,1,1
27601006,1,1
27601730,1,1
27601747,1,1
27603345,1,1
27603420,1,1
27603437,1,1
27603482,1,1
27603499,1,1
27609392,1,1
27610756,1,1
27611203,1,1
27611265,1,1
27611593,1,1
27611623,1,1
27611661,1,1
27611777,1,1
27611814,1,1
27613269,1,1
27623350,1,1
27623367,1,1
27625828,1,1
27625972,1,1
27626061,1,1
27626139,1,1
27626870,1,1
27628034,1,1
27628072,1,1
27628089,1,1
27628140,1,1
27628263,1,1
27629017,1,1
27630563,1,1
27631225,1,1
27631829,1,1
27631836,1,1
27640036,1,1
27640890,1,1
27642009,1,1
27643112,1,1
27644676,1,1
27645918,1,1
27645932,1,1
27646113,1,1
27647813,1,1
27647837,1,1
27648421,1,1
27649466,1,1
27650561,1,1
27650585,1,1
27650639,1,1
27650684,1,1
27650714,1,1
27650769,1,1
27650776,1,1
27651582,1,1
27651650,1,1
27652152,1,1
27652275,1,1
27652312,1,1
27652480,1,1
27652831,1,1
27652848,1,1
27652879,1,1
27653166,1,1
27653623,1,1
27653715,1,1
27653746,1,1
27655955,1,1
27655993,1,1
27656266,1,1
27656334,1,1
27656402,1,1
27656693,1,1
27656761,1,1
27656778,1,1
27656808,1,1
27656822,1,1
27657447,1,1
27657874,1,1
27658024,1,1
27658048,1,1
27658246,1,1
27658253,1,1
27658628,1,1
27658659,1,1
27658703,1,1
27658772,1,1
27659304,1,1
27659977,1,1
27660584,1,1
27664940,1,1
27665282,1,1
27665299,1,1
27665435,1,1
27665565,1,1
27665763,1,1
27666029,1,1
27666128,1,1
27666166,1,1
27666210,1,1
27666241,1,1
27666296,1,1
27666500,1,1
27666791,1,1
27666807,1,1
27666876,1,1
27666937,1,1
27667040,1,1
27667071,1,1
27667095,1,1
27667101,1,1
27667149,1,1
27667194,1,1
27667248,1,1
27667361,1,1
27667378,1,1
27667385,1,1
27667439,1,1
27667453,1,1
27667521,1,1
27667606,1,1
27667637,1,1
27667682,1,1
27667705,1,1
27667729,1,1
27667750,1,1
27667781,1,1
27667835,1,1
27667842,1,1
27667866,1,1
27667873,1,1
27667941,1,1
27668023,1,1
27668139,1,1
27668160,1,1
27668207,1,1
27668245,1,1
27668252,1,1
27668269,1,1
27668368,1,1
27668436,1,1
27668535,1,1
27668580,1,1
27668610,1,1
27668627,1,1
27668641,1,1
27668733,1,1
27668788,1,1
27668917,1,1
27668962,1,1
27669235,1,1
27669549,1,1
27669563,1,1
27669570,1,1
27669587,1,1
27669594,1,1
27669600,1,1
27669624,1,1
27669648,1,1
27669679,1,1
27669693,1,1
27669723,1,1
27669761,1,1
27669792,1,1
27669846,1,1
27669938,1,1
27669945,1,1
27669952,1,1
27669990,1,1
27670064,1,1
27670163,1,1
27670170,1,1
27670187,1,1
27670378,1,1
27670422,1,1
27670729,1,1
27670903,1,1
27670910,1,1
27671122,1,1
27671153,1,1
27671177,1,1
27671221,1,1
27671726,1,1
27672273,1,1
27672365,1,1
27674086,1,1
27679555,1,1
27680148,1,1
27683576,1,1
27683583,1,1
27683606,1,1
27683705,1,1
27683798,1,1
27683811,1,1
27684214,1,1
27684627,1,1
27687949,1,1
27688120,1,1
27688212,1,1
27695838,1,1
27699102,1,1
27710296,1,1
27710364,1,1
27714669,1,1
27724019,1,1
27724309,1,1
27725214,1,1
27729687,1,1
27730492,1,1
27730508,1,1
27730591,1,1
27730607,1,1
27731208,1,1
27736869,1,1
27738047,1,1
27740422,1,1
27743591,1,1
27752852,1,1
27756348,1,1
27756355,1,1
27756454,1,1
27756461,1,1
27756690,1,1
27756706,1,1
27756713,1,1
27756720,1,1
27756737,1,1
27756850,1,1
27756928,1,1
27756973,1,1
27757000,1,1
27757291,1,1
27757345,1,1
27757376,1,1
27757536,1,1
27758601,1,1
27758687,1,1
27762226,1,1
27762271,1,1
27762301,1,1
27762356,1,1
27762585,1,1
27762615,1,1
27762622,1,1
27762936,1,1
27763018,1,1
27763032,1,1
27763322,1,1
27763445,1,1
27763957,1,1
27764251,1,1
27765159,1,1
27765722,1,1
27766668,1,1
27773642,1,1
27774328,1,1
27774601,1,1
27775516,1,1
27775554,1,1
27775561,1,1
27775615,1,1
27776094,1,1
27776568,1,1
27777039,1,1
27777589,1,1
27777596,1,1
27777602,1,1
27780558,1,1
27781630,1,1
27784532,1,1
27785010,1,1
27785089,1,1
27785621,1,1
27785652,1,1
27786307,1,1
27786604,1,1
27788080,1,1
27788127,1,1
27789452,1,1
27789681,1,1
27790021,1,1
27790359,1,1
27790458,1,1
27790502,1,1
27790571,1,1
27790601,1,1
27791479,1,1
27791554,1,1
27791677,1,1
27794241,1,1
27794258,1,1
27794326,1,1
27796849,1,1
27796894,1,1
27796900,1,1
27796986,1,1
27797006,1,1
27797075,1,1
27797143,1,1
27797174,1,1
27797211,1,1
27797389,1,1
27797402,1,1
27797433,1,1
27797525,1,1
27797532,1,1
27797556,1,1
27797587,1,1
27797594,1,1
27800454,1,1
27800775,1,1
27800799,1,1
27801109,1,1
27801352,1,1
27801369,1,1
27801451,1,1
27802151,1,1
27802274,1,1
27802557,1,1
27802571,1,1
27802588,1,1
27805510,1,1
27806074,1,1
27808337,1,1
27808429,1,1
27808436,1,1
27808467,1,1
27808498,1,1
27808573,1,1
27808597,1,1
27808696,1,1
27808825,1,1
27809730,1,1
27809747,1,1
27810286,1,1
27810309,1,1
27810545,1,1
27810569,1,1
27810941,1,1
27810996,1,1
27811016,1,1
27812624,1,1
27812662,1,1
27812686,1,1
27812853,1,1
27813126,1,1
27813140,1,1
27841167,1,1
27841280,1,1
27842614,1,1
27842638,1,1
27842911,1,1
27842942,1,1
27842959,1,1
27843017,1,1
27843055,1,1
27853405,1,1
27853450,1,1
27853979,1,1
27856048,1,1
27856109,1,1
27856161,1,1
27856284,1,1
27857458,1,1
27859216,1,1
27859513,1,1
27859568,1,1
27859629,1,1
27860953,1,1
27862513,1,1
27863671,1,1
27866931,1,1
27867075,1,1
27867259,1,1
27867785,1,1
27868140,1,1
27868201,1,1
27868942,1,1
27880234,1,1
27881064,1,1
27881132,1,1
27881149,1,1
27881484,1,1
27881491,1,1
27881675,1,1
27881927,1,1
27881958,1,1
27881989,1,1
27882016,1,1
27882030,1,1
27882092,1,1
27882115,1,1
27882139,1,1
27882146,1,1
27882320,1,1
27884904,1,1
27885031,1,1
27885086,1,1
27885192,1,1
27885307,1,1
27885369,1,1
27885406,1,1
27885444,1,1
27885598,1,1
27885611,1,1
27885642,1,1
27885673,1,1
27885734,1,1
27885949,1,1
27885956,1,1
27905975,1,1
27906125,1,1
27906156,1,1
27906286,1,1
27906835,1,1
27907016,1,1
27907238,1,1
27908778,1,1
27910061,1,1
27910092,1,1
27910115,1,1
27910528,1,1
27910689,1,1
27910696,1,1
27910788,1,1
27910931,1,1
27911020,1,1
27911037,1,1
27911044,1,1
27911198,1,1
27912041,1,1
27912423,1,1
27912676,1,1
27914571,1,1
27915868,1,1
27916537,1,1
27916582,1,1
27916728,1,1
27916735,1,1
27916896,1,1
27917091,1,1
27917282,1,1
27917404,1,1
27918012,1,1
27918289,1,1
27918296,1,1
27919576,1,1
27919828,1,1
27920121,1,1
27920541,1,1
27920565,1,1
27920879,1,1
27922040,1,1
27924914,1,1
27924938,1,1
27926314,1,1
27926338,1,1
27936627,1,1
27942185,1,1
27942659,1,1
27942666,1,1
27943236,1,1
27943373,1,1
27943441,1,1
27943700,1,1
27944059,1,1
27944103,1,1
27944110,1,1
27944134,1,1
27944165,1,1
27944189,1,1
27944233,1,1
27944639,1,1
27944714,1,1
27944745,1,1
27944806,1,1
27944875,1,1
27944943,1,1
27946350,1,1
27946626,1,1
27947234,1,1
27947647,1,1
27948705,1,1
27948880,1,1
27949825,1,1
27951200,1,1
27951361,1,1
27951446,1,1
27962879,1,1
27962886,1,1
27963456,1,1
27963531,1,1
27963579,1,1
27963821,1,1
27963845,1,1
27963852,1,1
27963869,1,1
27963906,1,1
27963920,1,1
27963944,1,1
27963951,1,1
27963968,1,1
27964330,1,1
27964750,1,1
27964996,1,1
27965542,1,1
27966785,1,1
27967225,1,1
27967546,1,1
27968062,1,1
27968437,1,1
27968468,1,1
27970737,1,1
27970751,1,1
27972823,1,1
28000617,1,1
28000648,1,1
28000723,1,1
28000853,1,1
28006695,1,1
28008286,1,1
28011927,1,1
28017875,1,1
28018148,1,1
28020271,1,1
28021124,1,1
28021193,1,1
28025542,1,1
28025597,1,1
28025795,1,1
28138426,1,1
28138464,1,1
28138549,1,1
28138556,1,1
28138570,1,1
28138785,1,1
28138808,1,1
28139690,1,1
28140054,1,1
28141419,1,1
28143130,1,1
28143161,1,1
28143406,1,1
28143420,1,1
28143628,1,1
28143796,1,1
28143857,1,1
28143888,1,1
28143895,1,1
28144953,1,1
28148500,1,1
28148531,1,1
28149934,1,1
28239611,1,1
28239697,1,1
28240013,1,1
28240020,1,1
28240099,1,1
28243427,1,1
28243472,1,1
28243557,1,1
28243830,1,1
28243861,1,1
28244035,1,1
28244042,1,1
28244066,1,1
28244073,1,1
28244103,1,1
28244172,1,1
28244233,1,1
28244257,1,1
28244295,1,1
28244349,1,1
28244530,1,1
28244592,1,1
28245124,1,1
28245216,1,1
28245315,1,1
28245605,1,1
28245803,1,1
28245827,1,1
28245858,1,1
28245865,1,1
28245889,1,1
28245902,1,1
28245926,1,1
28245933,1,1
28245940,1,1
28246022,1,1
28246060,1,1
28247234,1,1
28247425,1,1
28249283,1,1
28249306,1,1
28251095,1,1
28251842,1,1
28254393,1,1
28254720,1,1
28254874,1,1
28257592,1,1
28257721,1,1
28258810,1,1
28260875,1,1
28260882,1,1
28261018,1,1
28261124,1,1
28261131,1,1
28261179,1,1
28261186,1,1
28261193,1,1
28261209,1,1
28261223,1,1
28261261,1,1
28261278,1,1
28261285,1,1
28261728,1,1
28261834,1,1
28261841,1,1
28261858,1,1
28262039,1,1
28263357,1,1
28267539,1,1
28267935,1,1
28267980,1,1
28274728,1,1
28278627,1,1
28286653,1,1
28286936,1,1
28288831,1,1
28288886,1,1
28501916,1,1
28502227,1,1
28502616,1,1
28503156,1,1
28504030,1,1
28505341,1,1
28505785,1,1
28505822,1,1
28507505,1,1
28507529,1,1
28507826,1,1
28507840,1,1
28509622,1,1
28509639,1,1
28513087,1,1
28513377,1,1
28556213,1,1
28559122,1,1
28559139,1,1
28559436,1,1
28577966,1,1
28578000,1,1
28584407,1,1
28584742,1,1
28587149,1,1
28587439,1,1
28592495,1,1
28611714,1,1
28614708,1,1
28621966,1,1
28629603,1,1
28630470,1,1
28630487,1,1
28660521,1,1
28684985,1,1
28687825,1,1
28692607,1,1
28697138,1,1
28697275,1,1
28697428,1,1
28698012,1,1
28698043,1,1
28698586,1,1
28719496,1,1
28720515,1,1
28742913,1,1
28745198,1,1
28745235,1,1
28751229,1,1
28755869,1,1
28755876,1,1
28803041,1,1
28803096,1,1
28808091,1,1
28809944,1,1
28823834,1,1
28824299,1,1
28824954,1,1
28826392,1,1
28826439,1,1
28832409,1,1
28836353,1,1
28836360,1,1
28836384,1,1
28836391,1,1
28836414,1,1
28838852,1,1
28839491,1,1
28852216,1,1
28852551,1,1
28852582,1,1
28852711,1,1
28852896,1,1
28854661,1,1
28867371,1,1
28867388,1,1
28867395,1,1
28867487,1,1
28867494,1,1
28867531,1,1
28867579,1,1
28867593,1,1
28867609,1,1
28867814,1,1
28867913,1,1
28868507,1,1
28868538,1,1
28868576,1,1
28870340,1,1
28871927,1,1
28871934,1,1
28872146,1,1
28873174,1,1
28873266,1,1
28873327,1,1
28873365,1,1
28874423,1,1
28874539,1,1
28874720,1,1
28876854,1,1
28877004,1,1
28877189,1,1
28877219,1,1
28877226,1,1
28877240,1,1
28877271,1,1
28877295,1,1
28877325,1,1
28877387,1,1
28877691,1,1
28884163,1,1
28884446,1,1
28884460,1,1
28885092,1,1
28885337,1,1
28885771,1,1
28885795,1,1
28885801,1,1
28885894,1,1
28887324,1,1
28887362,1,1
28887379,1,1
28887423,1,1
28887591,1,1
28887676,1,1
28887706,1,1
28889236,1,1
28889878,1,1
28890836,1,1
28891246,1,1
28891345,1,1
28891758,1,1
28891772,1,1
28892441,1,1
28892823,1,1
28892847,1,1
28892854,1,1
28893301,1,1
28893349,1,1
28893370,1,1
28893660,1,1
28893837,1,1
28893844,1,1
28895718,1,1
28895725,1,1
28896494,1,1
28896500,1,1
28896531,1,1
28898238,1,1
28901495,1,1
28909927,1,1
28910329,1,1
28913719,1,1
28925521,1,1
28925620,1,1
28926047,1,1
28926283,1,1
28926542,1,1
28926627,1,1
28926634,1,1
28926719,1,1
28926764,1,1
28926788,1,1
28926818,1,1
28929482,1,1
28929949,1,1
28929994,1,1
28931751,1,1
28931768,1,1
28934967,1,1
28935735,1,1
28936145,1,1
28937043,1,1
28938019,1,1
28938026,1,1
28938088,1,1
28938217,1,1
28938224,1,1
28938262,1,1
28938460,1,1
28938477,1,1
28941224,1,1
28941699,1,1
28942269,1,1
28954132,1,1
28954149,1,1
28954477,1,1
28954491,1,1
28954545,1,1
28954552,1,1
28954651,1,1
28954941,1,1
28955184,1,1
28955207,1,1
28955276,1,1
28955290,1,1
28955351,1,1
28955498,1,1
28955917,1,1
28956075,1,1
28956099,1,1
28956198,1,1
28956341,1,1
28956372,1,1
28956396,1,1
28956433,1,1
28956440,1,1
28956471,1,1
28956860,1,1
28956969,1,1
28956976,1,1
28957171,1,1
28978787,1,1
28978831,1,1
28983750,1,1
28987758,1,1
28987796,1,1
28987802,1,1
28987826,1,1
28987857,1,1
28987987,1,1
28988069,1,1
28988106,1,1
28988243,1,1
28988649,1,1
29013210,1,1
29021413,1,1
29024056,1,1
29024940,1,1
29025268,1,1
29029365,1,1
29029396,1,1
29029426,1,1
29031283,1,1
29037667,1,1
29039852,1,1
29040544,1,1
29040766,1,1
29041015,1,1
29043217,1,1
29043231,1,1
29043606,1,1
29049516,1,1
29049806,1,1
29050918,1,1
29052318,1,1
29054893,1,1
29056361,1,1
29056415,1,1
29056569,1,1
29057504,1,1
29058167,1,1
29058563,1,1
29058822,1,1
29058945,1,1
29059270,1,1
29059492,1,1
29059942,1,1
29060160,1,1
29060214,1,1
29060238,1,1
29060313,1,1
29061174,1,1
29062126,1,1
29062805,1,1
29064670,1,1
29064694,1,1
29064786,1,1
29065387,1,1
29065394,1,1
29065400,1,1
29065431,1,1
29065455,1,1
29065523,1,1
29065547,1,1
29065851,1,1
29065967,1,1
29066209,1,1
29066735,1,1
29066742,1,1
29066780,1,1
29070831,1,1
29070862,1,1
29071616,1,1
29071814,1,1
29072316,1,1
29072507,1,1
29073368,1,1
29073481,1,1
29073535,1,1
29073641,1,1
29073849,1,1
29073856,1,1
29073863,1,1
29073887,1,1
29074037,1,1
29074174,1,1
29074945,1,1
29074952,1,1
29075348,1,1
29075492,1,1
29075621,1,1
29075645,1,1
29076154,1,1
29076215,1,1
29076253,1,1
29076642,1,1
29090310,1,1
29091812,1,1
29091843,1,1
29091911,1,1
29096756,1,1
29097739,1,1
29097807,1,1
29097821,1,1
29098149,1,1
29098330,1,1
29098675,1,1
29098828,1,1
29099085,1,1
29099177,1,1
29099450,1,1
29103171,1,1
29105175,1,1
29106202,1,1
29107582,1,1
29107612,1,1
29107643,1,1
29107681,1,1
29107704,1,1
29107858,1,1
29107896,1,1
29109289,1,1
29109302,1,1
29109944,1,1
29110582,1,1
29110711,1,1
29110889,1,1
29115730,1,1
29115877,1,1
29123889,1,1
29128181,1,1
29128365,1,1
29129256,1,1
29129331,1,1
29130047,1,1
29130535,1,1
29130757,1,1
29130856,1,1
29130863,1,1
29130900,1,1
29131143,1,1
29183999,1,1
29184033,1,1
29184057,1,1
29184606,1,1
29185108,1,1
29185184,1,1
29185245,1,1
29185399,1,1
29185474,1,1
29185634,1,1
29185795,1,1
29185931,1,1
29190003,1,1
29207428,1,1
29209101,1,1
29210442,1,1
29210510,1,1
29210893,1,1
29236077,1,1
29236121,1,1
29236282,1,1
29236510,1,1
29238057,1,1
29238200,1,1
29238286,1,1
29238675,1,1
29238705,1,1
29238927,1,1
29239573,1,1
29241149,1,1
29241156,1,1
29241569,1,1
29241583,1,1
29241866,1,1
29241897,1,1
29241910,1,1
29243020,1,1
29243167,1,1
29243198,1,1
29244386,1,1
29244959,1,1
29245161,1,1
29245185,1,1
29245710,1,1
29245727,1,1
29245802,1,1
29245840,1,1
29247899,1,1
29247905,1,1
29248582,1,1
29248766,1,1
29248834,1,1
29249060,1,1
29249350,1,1
29249633,1,1
29249794,1,1
29249886,1,1
29249909,1,1
29249947,1,1
29250011,1,1
29250165,1,1
29250172,1,1
29250189,1,1
29252831,1,1
29253043,1,1
29253739,1,1
29254002,1,1
29254477,1,1
29255078,1,1
29255313,1,1
29256495,1,1
29256518,1,1
29256549,1,1
29257485,1,1
29257560,1,1
29272075,1,1
29272709,1,1
29273102,1,1
29273195,1,1
29273201,1,1
29273423,1,1
29273492,1,1
29274352,1,1
29274383,1,1
29274499,1,1
29274529,1,1
29274536,1,1
29274574,1,1
29275304,1,1
29275335,1,1
29276318,1,1
29277216,1,1
29277384,1,1
29278367,1,1
29278381,1,1
29280117,1,1
29289752,1,1
29289844,1,1
29289912,1,1
29290291,1,1
29290598,1,1
29291007,1,1
29291137,1,1
29291205,1,1
29291380,1,1
29291465,1,1
29291595,1,1
29291748,1,1
29291793,1,1
29291809,1,1
29292110,1,1
29292134,1,1
29292240,1,1
29292370,1,1
29292417,1,1
29292424,1,1
29292448,1,1
29292493,1,1
29292516,1,1
29292585,1,1
29292813,1,1
29292851,1,1
29292981,1,1
29293032,1,1
29293094,1,1
29293124,1,1
29293230,1,1
29293315,1,1
29293520,1,1
29293544,1,1
29293575,1,1
29293681,1,1
29293711,1,1
29293780,1,1
29293803,1,1
29293865,1,1
29293964,1,1
29294060,1,1
29294114,1,1
29294169,1,1
29294619,1,1
29295777,1,1
29295937,1,1
29295975,1,1
29295982,1,1
29296118,1,1
29296125,1,1
29296347,1,1
29296361,1,1
29296460,1,1
29296552,1,1
29296606,1,1
29296637,1,1
29296651,1,1
29296736,1,1
29296798,1,1
29296804,1,1
29296897,1,1
29296903,1,1
29296934,1,1
29297337,1,1
29297344,1,1
29297665,1,1
29297962,1,1
29297986,1,1
29298037,1,1
29298068,1,1
29298075,1,1
29298099,1,1
29298181,1,1
29298693,1,1
29298747,1,1
29298822,1,1
29298884,1,1
29298907,1,1
29298938,1,1
29299065,1,1
29302000,1,1
29302383,1,1
29302451,1,1
29302550,1,1
29303045,1,1
29303076,1,1
29303106,1,1
29303168,1,1
29303199,1,1
29315925,1,1
29315932,1,1
29316007,1,1
29316144,1,1
29316830,1,1
29316915,1,1
29317257,1,1
29317295,1,1
29317332,1,1
29317394,1,1
29317431,1,1
29317455,1,1
29317523,1,1
29317554,1,1
29317875,1,1
29318896,1,1
29319497,1,1
29319534,1,1
29320240,1,1
29320288,1,1
29320387,1,1
29320554,1,1
29320646,1,1
29320653,1,1
29320660,1,1
29321032,1,1
29321100,1,1
29321292,1,1
29321315,1,1
29321339,1,1
29321414,1,1
29321421,1,1
29321674,1,1
29322633,1,1
29323340,1,1
29325764,1,1
29325771,1,1
29338436,1,1
29350841,1,1
29350889,1,1
29351008,1,1
29351176,1,1
29353545,1,1
29354221,1,1
29354443,1,1
29354450,1,1
29359974,1,1
29362349,1,1
29362455,1,1
29362899,1,1
29363438,1,1
29369720,1,1
29369768,1,1
29374564,1,1
29375677,1,1
29375769,1,1
29376919,1,1
29377046,1,1
29377183,1,1
29377299,1,1
29377343,1,1
29377374,1,1
29377398,1,1
29377404,1,1
29377466,1,1
29377688,1,1
29377756,1,1
29377879,1,1
29377893,1,1
29377916,1,1
29377930,1,1
29377978,1,1
29378050,1,1
29378111,1,1
29378166,1,1
29378241,1,1
29378272,1,1
29378425,1,1
29378517,1,1
29378760,1,1
29379460,1,1
29381302,1,1
29382439,1,1
29382446,1,1
29382460,1,1
29383498,1,1
29388745,1,1
29388813,1,1
29389001,1,1
29389025,1,1
29389353,1,1
29391172,1,1
30000587,1,1
30002108,1,1
30002126,1,1
30002558,1,1
30002715,1,1
30002719,1,1
30002723,1,1
30002904,1,1
30002979,1,1
30003053,1,1
30003569,1,1
30004035,1,1
30004084,1,1
30004876,1,1
30004902,1,1
30004928,1,1
30004990,1,1
30005055,1,1
30005098,1,1
30005164,1,1
30005166,1,1
30005168,1,1
30005174,1,1
30005175,1,1
30005177,1,1
30005181,1,1
30005187,1,1
30005368,1,1
30005378,1,1
30005512,1,1
30005518,1,1
30005519,1,1
30005645,1,1
30005660,1,1
30005662,1,1
30005803,1,1
30005960,1,1
30005974,1,1
30005993,1,1
30006654,1,1
30006657,1,1
30006663,1,1
30006665,1,1
30006675,1,1
30006676,1,1
30006687,1,1
30006689,1,1
30006701,1,1
30006710,1,1
30006714,1,1
30006729,1,1
30006752,1,1
30006796,1,1
30006798,1,1
30006799,1,1
30006998,1,1
30007062,1,1
30007064,1,1
30007074,1,1
30007408,1,1
30007412,1,1
30007417,1,1
30007418,1,1
30007426,1,1
30007429,1,1
30007430,1,1
30007432,1,1
30007434,1,1
30007435,1,1
30007443,1,1
30007445,1,1
30007449,1,1
30007450,1,1
30007451,1,1
30007458,1,1
30007464,1,1
30007467,1,1
30007469,1,1
30007474,1,1
30007482,1,1
30007483,1,1
30007486,1,1
30007493,1,1
30007496,1,1
30007501,1,1
30007502,1,1
30007504,1,1
30007515,1,1
30007519,1,1
30007522,1,1
30007527,1,1
30007537,1,1
30007538,1,1
30007545,1,1
30007546,1,1
30007548,1,1
30007549,1,1
30007550,1,1
30007551,1,1
30007553,1,1
30007598,1,1
30007608,1,1
30007611,1,1
30007665,1,1
30007668,1,1
30007673,1,1
30007676,1,1
30007680,1,1
30007684,1,1
30007690,1,1
30007691,1,1
30007698,1,1
30007701,1,1
30007704,1,1
30007705,1,1
30007713,1,1
30007716,1,1
30007719,1,1
30007724,1,1
30007725,1,1
30007728,1,1
30007732,1,1
30007736,1,1
30007756,1,1
30007768,1,1
30007770,1,1
30007772,1,1
30007778,1,1
30007780,1,1
30007783,1,1
30007785,1,1
30007788,1,1
30007790,1,1
30007793,1,1
30007800,1,1
30007801,1,1
30007808,1,1
30007810,1,1
30007814,1,1
30007816,1,1
30007821,1,1
30007830,1,1
30007877,1,1
30007905,1,1
30007953,1,1
30007965,1,1
30008042,1,1
30008045,1,1
30008046,1,1
30008102,1,1
30008110,1,1
30008111,1,1
30008113,1,1
30008142,1,1
30008167,1,1
30008179,1,1
30008184,1,1
30008223,1,1
30008225,1,1
30008244,1,1
30008274,1,1
30008290,1,1
30008293,1,1
30008295,1,1
30008310,1,1
30008318,1,1
30008330,1,1
30008333,1,1
30008337,1,1
30008345,1,1
30008346,1,1
30008347,1,1
30008350,1,1
30008355,1,1
30008363,1,1
30008375,1,1
30008386,1,1
30008387,1,1
30008395,1,1
30008571,1,1
30008578,1,1
30008616,1,1
30008617,1,1
30008618,1,1
30009110,1,1
30009205,1,1
30009266,1,1
30009278,1,1
30009321,1,1
30009529,1,1
30009543,1,1
30009558,1,1
30009681,1,1
30009763,1,1
30009806,1,1
30009858,1,1
30009927,1,1
30009956,1,1
30010050,1,1
30010771,1,1
30010772,1,1
30010775,1,1
30010809,1,1
30010820,1,1
30011020,1,1
30011057,1,1
30011064,1,1
30011075,1,1
30011354,1,1
30011371,1,1
30011373,1,1
30015292,1,1
30015304,1,1
30015306,1,1
30015308,1,1
30015314,1,1
30015315,1,1
30015316,1,1
30015355,1,1
30017516,1,1
30017614,1,1
30017617,1,1
30017618,1,1
30017751,1,1
30017754,1,1
30017756,1,1
30017774,1,1
30017776,1,1
30017821,1,1
30017829,1,1
30017840,1,1
30017847,1,1
30017899,1,1
30018189,1,1
30018251,1,1
30018349,1,1
30018352,1,1
30018359,1,1
30018519,1,1
30018527,1,1
30018744,1,1
30019257,1,1
30019259,1,1
30019268,1,1
30019270,1,1
30019273,1,1
30019289,1,1
30019300,1,1
30019305,1,1
30019307,1,1
30019547,1,1
30019573,1,1
30019576,1,1
30019577,1,1
30019585,1,1
30019665,1,1
30019667,1,1
30019886,1,1
30020027,1,1
30020138,1,1
30020572,1,1
30020582,1,1
30020596,1,1
30020599,1,1
30020697,1,1
30020707,1,1
30020765,1,1
30021014,1,1
30021018,1,1
30021026,1,1
30021041,1,1
30021042,1,1
30021055,1,1
30021058,1,1
30021072,1,1
30021073,1,1
30021086,1,1
30021088,1,1
30021093,1,1
30021098,1,1
30021100,1,1
30021123,1,1
30021128,1,1
30021130,1,1
30021137,1,1
30021143,1,1
30021159,1,1
30021161,1,1
30021167,1,1
30021173,1,1
30021182,1,1
30021184,1,1
30021185,1,1
30021196,1,1
30021217,1,1
30021225,1,1
30021228,1,1
30021239,1,1
30021275,1,1
30021368,1,1
30021425,1,1
30021686,1,1
30021713,1,1
30021763,1,1
30021765,1,1
30021972,1,1
30022034,1,1
30022091,1,1
30022121,1,1
30022128,1,1
30022134,1,1
30022142,1,1
30022150,1,1
30022152,1,1
30022153,1,1
30022159,1,1
30022169,1,1
30022179,1,1
30022191,1,1
30022195,1,1
30022228,1,1
30022248,1,1
30022250,1,1
30022251,1,1
30022253,1,1
30022262,1,1
30022296,1,1
30022315,1,1
30022316,1,1
30022317,1,1
30022318,1,1
30022340,1,1
30022350,1,1
30022468,1,1
30022511,1,1
30022533,1,1
30022569,1,1
30022574,1,1
30022575,1,1
30022587,1,1
30022590,1,1
30022604,1,1
30022658,1,1
30022698,1,1
30022745,1,1
30023016,1,1
30023889,1,1
30023925,1,1
30024270,1,1
30024300,1,1
30024306,1,1
30024307,1,1
30024309,1,1
30024319,1,1
30024320,1,1
30024325,1,1
30024380,1,1
30025291,1,1
30025435,1,1
30025436,1,1
30025800,1,1
30026498,1,1
30026751,1,1
30026789,1,1
30026806,1,1
30026850,1,1
30026852,1,1
30026853,1,1
30026860,1,1
30026871,1,1
30026977,1,1
30026981,1,1
30026982,1,1
30026987,1,1
30026992,1,1
30026993,1,1
30027020,1,1
30027064,1,1
30028167,1,1
30028168,1,1
30028170,1,1
30028181,1,1
30028188,1,1
30028193,1,1
30028195,1,1
30028219,1,1
30028221,1,1
30028223,1,1
30028228,1,1
30028332,1,1
30028333,1,1
30028523,1,1
30028548,1,1
30028587,1,1
30028638,1,1
30028718,1,1
30028767,1,1
30028845,1,1
30031110,1,1
30033578,1,1
30037705,1,1
30038175,1,1
30038176,1,1
30038204,1,1
30038244,1,1
30038263,1,1
30038820,1,1
30038821,1,1
30038905,1,1
30038951,1,1
30038962,1,1
30038963,1,1
30038972,1,1
30038974,1,1
30038978,1,1
30038980,1,1
30038993,1,1
30038994,1,1
30038996,1,1
30038997,1,1
30038998,1,1
30038999,1,1
30039000,1,1
30039007,1,1
30039013,1,1
30039018,1,1
30039075,1,1
30039119,1,1
30039122,1,1
30039154,1,1
30039179,1,1
30039220,1,1
30039223,1,1
30039237,1,1
30039264,1,1
30039268,1,1
30039279,1,1
30039291,1,1
30039293,1,1
30039342,1,1
30039352,1,1
30039358,1,1
30039496,1,1
30039529,1,1
30039541,1,1
30039560,1,1
30039575,1,1
30039586,1,1
30039686,1,1
30039801,1,1
30039838,1,1
30040304,1,1
30040315,1,1
30040342,1,1
30040343,1,1
30040352,1,1
30040411,1,1
30041493,1,1
30042258,1,1
30042269,1,1
30042328,1,1
30042330,1,1
30042335,1,1
30042339,1,1
30042389,1,1
30042468,1,1
30042470,1,1
30042510,1,1
30042513,1,1
30042534,1,1
30042920,1,1
30042923,1,1
30043027,1,1
30043033,1,1
30043102,1,1
30043125,1,1
30043133,1,1
30043173,1,1
30043214,1,1
30043216,1,1
30043382,1,1
30043475,1,1
30043517,1,1
30043706,1,1
30043843,1,1
30043849,1,1
30043877,1,1
30043879,1,1
30043895,1,1
30043913,1,1
30043923,1,1
30043925,1,1
30043962,1,1
30043963,1,1
30043966,1,1
30043971,1,1
30043981,1,1
30043985,1,1
30044034,1,1
30044078,1,1
30044082,1,1
30044085,1,1
30044345,1,1
30044503,1,1
30044504,1,1
30044506,1,1
30044609,1,1
30044664,1,1
30044684,1,1
30044685,1,1
30044688,1,1
30044702,1,1
30044704,1,1
30044705,1,1
30044706,1,1
30044710,1,1
30044713,1,1
30044715,1,1
30044721,1,1
30044778,1,1
30044786,1,1
30044787,1,1
30044791,1,1
30045257,1,1
30045597,1,1
30045882,1,1
30048053,1,1
30048112,1,1
30049875,1,1
30050771,1,1
30051057,1,1
30051217,1,1
30051221,1,1
30051223,1,1
30051234,1,1
30051439,1,1
30051625,1,1
30051739,1,1
30051741,1,1
30051749,1,1
30051937,1,1
30051952,1,1
30051957,1,1
30051968,1,1
30051979,1,1
30051983,1,1
30051984,1,1
30051993,1,1
30052005,1,1
30052011,1,1
30052027,1,1
30052036,1,1
30052080,1,1
30052084,1,1
30052086,1,1
30052093,1,1
30052095,1,1
30052098,1,1
30052111,1,1
30052124,1,1
30052182,1,1
30052186,1,1
30052196,1,1
30052199,1,1
30052203,1,1
30052208,1,1
30052216,1,1
30052219,1,1
30052227,1,1
30052230,1,1
30052297,1,1
30052373,1,1
30052375,1,1
30052390,1,1
30052395,1,1
30052410,1,1
30052413,1,1
30052449,1,1
30052451,1,1
30052486,1,1
30052492,1,1
30052511,1,1
30052596,1,1
30052644,1,1
30052676,1,1
30052721,1,1
30052740,1,1
30052741,1,1
30052984,1,1
30052985,1,1
30053256,1,1
30053259,1,1
30053261,1,1
30053262,1,1
30053263,1,1
30053264,1,1
30053265,1,1
30053268,1,1
30053271,1,1
30053277,1,1
30053278,1,1
30053287,1,1
30053288,1,1
30053294,1,1
30053305,1,1
30053453,1,1
30053464,1,1
30053555,1,1
30053563,1,1
30053628,1,1
30053702,1,1
30053733,1,1
30053871,1,1
30053902,1,1
30053954,1,1
30054014,1,1
30054497,1,1
30055196,1,1
30055228,1,1
30055237,1,1
30055238,1,1
30055240,1,1
30055241,1,1
30055242,1,1
30055244,1,1
30055250,1,1
30055251,1,1
30055256,1,1
30055333,1,1
30055336,1,1
30055337,1,1
30055368,1,1
30055372,1,1
30055378,1,1
30055379,1,1
30055382,1,1
30055384,1,1
30055386,1,1
30055388,1,1
30055390,1,1
30055434,1,1
30055442,1,1
30055443,1,1
30055444,1,1
30055516,1,1
30055523,1,1
30055524,1,1
30055527,1,1
30055530,1,1
30055549,1,1
30055553,1,1
30055554,1,1
30055557,1,1
30055559,1,1
30055572,1,1
30055573,1,1
30055575,1,1
30055586,1,1
30055587,1,1
30055588,1,1
30055592,1,1
30055630,1,1
30055634,1,1
30055635,1,1
30055636,1,1
30055642,1,1
30055780,1,1
30055782,1,1
30055807,1,1
30055811,1,1
30055820,1,1
30055876,1,1
30055879,1,1
30055895,1,1
30055896,1,1
30055897,1,1
30055902,1,1
30056000,1,1
30056085,1,1
30056086,1,1
30056099,1,1
30056189,1,1
30056193,1,1
30056196,1,1
30056198,1,1
30056232,1,1
30056251,1,1
30056254,1,1
30056255,1,1
30056269,1,1
30056272,1,1
30056275,1,1
30056277,1,1
30056279,1,1
30056288,1,1
30056289,1,1
30056290,1,1
30056299,1,1
30056300,1,1
30056317,1,1
30056318,1,1
30056320,1,1
30056338,1,1
30056342,1,1
30056350,1,1
30056351,1,1
30056353,1,1
30056357,1,1
30056368,1,1
30056381,1,1
30056383,1,1
30056403,1,1
30056410,1,1
30056411,1,1
30056425,1,1
30056427,1,1
30056435,1,1
30056526,1,1
30056532,1,1
30056537,1,1
30056550,1,1
30056582,1,1
30056585,1,1
30056601,1,1
30056603,1,1
30056649,1,1
30056673,1,1
30056696,1,1
30056700,1,1
30056704,1,1
30056708,1,1
30056710,1,1
30056711,1,1
30056714,1,1
30056715,1,1
30056735,1,1
30056737,1,1
30056742,1,1
30056744,1,1
30056912,1,1
30056916,1,1
30056919,1,1
30056928,1,1
30063499,1,1
30063654,1,1
30063659,1,1
30063660,1,1
30063663,1,1
30063700,1,1
30063784,1,1
30063857,1,1
30063978,1,1
30064008,1,1
30064035,1,1
30064393,1,1
30064402,1,1
30064406,1,1
30064415,1,1
30064416,1,1
30064417,1,1
30064466,1,1
30064476,1,1
30064518,1,1
30064582,1,1
30064588,1,1
30064598,1,1
30064659,1,1
30064697,1,1
30064716,1,1
30064717,1,1
30064718,1,1
30064733,1,1
30064781,1,1
30064791,1,1
30064813,1,1
30064816,1,1
30064839,1,1
30064840,1,1
30065056,1,1
30065065,1,1
30065066,1,1
30065077,1,1
30065079,1,1
30065087,1,1
30065111,1,1
30065116,1,1
30065117,1,1
30065121,1,1
30065135,1,1
30065182,1,1
30065183,1,1
30065188,1,1
30065193,1,1
30065215,1,1
30065229,1,1
30065243,1,1
30065263,1,1
30065271,1,1
30065272,1,1
30065274,1,1
30065276,1,1
30065285,1,1
30065287,1,1
30065288,1,1
30065298,1,1
30065303,1,1
30065305,1,1
30065308,1,1
30065327,1,1
30065332,1,1
30065336,1,1
30065557,1,1
30065558,1,1
30065572,1,1
30065576,1,1
30065579,1,1
30065580,1,1
30065584,1,1
30065599,1,1
30065628,1,1
30065629,1,1
30065634,1,1
30065635,1,1
30065636,1,1
30065637,1,1
30065638,1,1
30065707,1,1
30065728,1,1
30065730,1,1
30065759,1,1
30065875,1,1
30065877,1,1
30065932,1,1
30065938,1,1
30065979,1,1
30065996,1,1
30065997,1,1
30066009,1,1
30066019,1,1
30066020,1,1
30066057,1,1
30066058,1,1
30066062,1,1
30066098,1,1
30066114,1,1
30066172,1,1
30066178,1,1
30066282,1,1
30066286,1,1
30066363,1,1
30066369,1,1
30066382,1,1
30066389,1,1
30066391,1,1
30066407,1,1
30066411,1,1
30066424,1,1
30066426,1,1
30066431,1,1
30066434,1,1
30066435,1,1
30066437,1,1
30066442,1,1
30066448,1,1
30066454,1,1
30066456,1,1
30066516,1,1
30066543,1,1
30066595,1,1
30066604,1,1
30066608,1,1
30066613,1,1
30066614,1,1
30066629,1,1
30066631,1,1
30066636,1,1
30066644,1,1
30066654,1,1
30066655,1,1
30066694,1,1
30066701,1,1
30066702,1,1
30066705,1,1
30066706,1,1
30066708,1,1
30066709,1,1
30066722,1,1
30066728,1,1
30066729,1,1
30066740,1,1
30066755,1,1
30066758,1,1
30066760,1,1
30066764,1,1
30066765,1,1
30066777,1,1
30066788,1,1
30066793,1,1
30066808,1,1
30066836,1,1
30067146,1,1
30067621,1,1
30067757,1,1
30067758,1,1
30070347,1,1
30070350,1,1
30070367,1,1
30070375,1,1
30070376,1,1
30070379,1,1
30070383,1,1
30070387,1,1
30070388,1,1
30070389,1,1
30070402,1,1
30070473,1,1
30070492,1,1
30070496,1,1
30070498,1,1
30070499,1,1
30070656,1,1
30070657,1,1
30070660,1,1
30070670,1,1
30070685,1,1
30070688,1,1
30070693,1,1
30070698,1,1
30070700,1,1
30070706,1,1
30070707,1,1
30070709,1,1
30070718,1,1
30070721,1,1
30070729,1,1
30070733,1,1
30070734,1,1
30070738,1,1
30070741,1,1
30070742,1,1
30070747,1,1
30070767,1,1
30070770,1,1
30070781,1,1
30070782,1,1
30070783,1,1
30070785,1,1
30070793,1,1
30070795,1,1
30070800,1,1
30070804,1,1
30070808,1,1
30070809,1,1
30070822,1,1
30070823,1,1
30070824,1,1
30070828,1,1
30070833,1,1
30070838,1,1
30070847,1,1
30070851,1,1
30070857,1,1
30070859,1,1
30070861,1,1
30070862,1,1
30070864,1,1
30070866,1,1
30070870,1,1
30070877,1,1
30070878,1,1
30070880,1,1
30070892,1,1
30070903,1,1
30070915,1,1
30070927,1,1
30070956,1,1
30070969,1,1
30070973,1,1
30070987,1,1
30071037,1,1
30071044,1,1
30071045,1,1
30071046,1,1
30071047,1,1
30071048,1,1
30071112,1,1
30071400,1,1
30071401,1,1
30071403,1,1
30071423,1,1
30071444,1,1
30071451,1,1
30071558,1,1
30071563,1,1
30071567,1,1
30071568,1,1
30071575,1,1
30071583,1,1
30071584,1,1
30071588,1,1
30071589,1,1
30071702,1,1
30071708,1,1
30071712,1,1
30071724,1,1
30071727,1,1
30071733,1,1
30071738,1,1
30071743,1,1
30071746,1,1
30071748,1,1
30071818,1,1
30071820,1,1
30071822,1,1
30071972,1,1
30071981,1,1
30071982,1,1
30071984,1,1
30072009,1,1
30072014,1,1
30072017,1,1
30072049,1,1
30072065,1,1
30072067,1,1
30072090,1,1
30072093,1,1
30072104,1,1
30072112,1,1
30072118,1,1
30072120,1,1
30072122,1,1
30072123,1,1
30072124,1,1
30072151,1,1
30072153,1,1
30072157,1,1
30072284,1,1
30072336,1,1
30072416,1,1
30072425,1,1
30072428,1,1
30072429,1,1
30072431,1,1
30072437,1,1
30072445,1,1
30072449,1,1
30072453,1,1
30072460,1,1
30072466,1,1
30072470,1,1
30072472,1,1
30072473,1,1
30072474,1,1
30072480,1,1
30072503,1,1
30072514,1,1
30072518,1,1
30072520,1,1
30072525,1,1
30072526,1,1
30072534,1,1
30072553,1,1
30072565,1,1
30072566,1,1
30072570,1,1
30072572,1,1
30072576,1,1
30072584,1,1
30072592,1,1
30072615,1,1
30072616,1,1
30072642,1,1
30072644,1,1
30072651,1,1
30072653,1,1
30072654,1,1
30072659,1,1
30072666,1,1
30072669,1,1
30072672,1,1
30072675,1,1
30072682,1,1
30072698,1,1
30072700,1,1
30072708,1,1
30072709,1,1
30072710,1,1
30072719,1,1
30072728,1,1
30072731,1,1
30072739,1,1
30072744,1,1
30072745,1,1
30072747,1,1
30072750,1,1
30072758,1,1
30072778,1,1
30072779,1,1
30072780,1,1
30072784,1,1
30072789,1,1
30072824,1,1
30072840,1,1
30072841,1,1
30072842,1,1
30072846,1,1
30072853,1,1
30072859,1,1
30072868,1,1
30072870,1,1
30072872,1,1
30072873,1,1
30072877,1,1
30072884,1,1
30072885,1,1
30072913,1,1
30072914,1,1
30072915,1,1
30072920,1,1
30072922,1,1
30072942,1,1
30072945,1,1
30072990,1,1
30073158,1,1
30073180,1,1
30073225,1,1
30073258,1,1
30073264,1,1
30073337,1,1
30073338,1,1
30078747,1,1
30078755,1,1
30078778,1,1
30078858,1,1
30078869,1,1
30078876,1,1
30078880,1,1
30078883,1,1
30078888,1,1
30078889,1,1
30078890,1,1
30078897,1,1
30078898,1,1
30078904,1,1
30078910,1,1
30078933,1,1
30078938,1,1
30078945,1,1
30078949,1,1
30078950,1,1
30078954,1,1
30078963,1,1
30078965,1,1
30078976,1,1
30078980,1,1
30078988,1,1
30079005,1,1
30079013,1,1
30079048,1,1
30079053,1,1
30079060,1,1
30079075,1,1
30079084,1,1
30079096,1,1
30079100,1,1
30079101,1,1
30079103,1,1
30079104,1,1
30079105,1,1
30079107,1,1
30079111,1,1
30079121,1,1
30079122,1,1
30079125,1,1
30079161,1,1
30079173,1,1
30079185,1,1
30079215,1,1
30079221,1,1
30079224,1,1
30079235,1,1
30079236,1,1
30079244,1,1
30079245,1,1
30079257,1,1
30079265,1,1
30079267,1,1
30079268,1,1
30079282,1,1
30079287,1,1
30079299,1,1
30079301,1,1
30079302,1,1
30079303,1,1
30079412,1,1
30079415,1,1
30079617,1,1
30079784,1,1
30079785,1,1
30079833,1,1
30079834,1,1
30080036,1,1
30080057,1,1
30080184,1,1
30080205,1,1
30080292,1,1
30080331,1,1
30080332,1,1
30080333,1,1
30080381,1,1
30080761,1,1
30080763,1,1
30080764,1,1
30080765,1,1
30080855,1,1
30081256,1,1
30081318,1,1
30081926,1,1
30081948,1,1
30081957,1,1
30081959,1,1
30081962,1,1
30082085,1,1
30082101,1,1
30082102,1,1
30082201,1,1
30082214,1,1
30082215,1,1
30082309,1,1
30082394,1,1
30082396,1,1
30082402,1,1
30082442,1,1
30082462,1,1
30082463,1,1
30082777,1,1
30083001,1,1
30083004,1,1
30083010,1,1
30083011,1,1
30083012,1,1
30083018,1,1
30083023,1,1
30083028,1,1
30083036,1,1
30083048,1,1
30083125,1,1
30083126,1,1
30083196,1,1
30083201,1,1
30083202,1,1
30083206,1,1
30083804,1,1
30086671,1,1
30086685,1,1
30087798,1,1
30087988,1,1
30088005,1,1
30088015,1,1
30089156,1,1
30089158,1,1
30089377,1,1
30089381,1,1
30089785,1,1
30090006,1,1
30090547,1,1
30090552,1,1
30090555,1,1
30090595,1,1
30090625,1,1
30090626,1,1
30090841,1,1
30090846,1,1
30090847,1,1
30090876,1,1
30090877,1,1
30091173,1,1
30091180,1,1
30091181,1,1
30091204,1,1
30091226,1,1
30091230,1,1
30091292,1,1
30091800,1,1
30091806,1,1
30091827,1,1
30091851,1,1
30091870,1,1
30091892,1,1
30091902,1,1
30091934,1,1
30092735,1,1
30092809,1,1
30092837,1,1
30092850,1,1
30092857,1,1
30094923,1,1
30095399,1,1
30100731,1,1
30101735,1,1
30103465,1,1
30103467,1,1
30103472,1,1
30103474,1,1
30103494,1,1
30103499,1,1
30103500,1,1
30103505,1,1
30103509,1,1
30103517,1,1
30103538,1,1
30103544,1,1
30103546,1,1
30103551,1,1
30103555,1,1
30103557,1,1
30103576,1,1
30103755,1,1
30103756,1,1
30103784,1,1
30103785,1,1
30103789,1,1
30103793,1,1
30104210,1,1
30104239,1,1
30104243,1,1
30104248,1,1
30104345,1,1
30104346,1,1
30104383,1,1
30104388,1,1
30104651,1,1
30104695,1,1
30104704,1,1
30104737,1,1
30104757,1,1
30104773,1,1
30104779,1,1
30104873,1,1
30104912,1,1
30104924,1,1
30104935,1,1
30104938,1,1
30104954,1,1
30104975,1,1
30104990,1,1
30104992,1,1
30105052,1,1
30105057,1,1
30105121,1,1
30105139,1,1
30105148,1,1
30105477,1,1
30105652,1,1
30105851,1,1
30105853,1,1
30106071,1,1
30106073,1,1
30106076,1,1
30106082,1,1
30106627,1,1
30106645,1,1
30107210,1,1
30107627,1,1
30107629,1,1
30107679,1,1
30107771,1,1
30107853,1,1
30107855,1,1
30107861,1,1
30107869,1,1
30107894,1,1
30107923,1,1
30107929,1,1
30107931,1,1
30107932,1,1
30107933,1,1
30107935,1,1
30107936,1,1
30107937,1,1
30107953,1,1
30107961,1,1
30107979,1,1
30107981,1,1
30107992,1,1
30107996,1,1
30108031,1,1
30108036,1,1
30108040,1,1
30108046,1,1
30108055,1,1
30108085,1,1
30108227,1,1
30108233,1,1
30108238,1,1
30108437,1,1
30113275,1,1
30113620,1,1
30113650,1,1
30113673,1,1
30113686,1,1
30113687,1,1
30113702,1,1
30114345,1,1
30114346,1,1
30114429,1,1
30114430,1,1
30114434,1,1
30114512,1,1
30114522,1,1
30114551,1,1
30114597,1,1
30114800,1,1
30114885,1,1
30114886,1,1
30114901,1,1
30114903,1,1
30114934,1,1
30115061,1,1
30115063,1,1
30115104,1,1
30115106,1,1
30115417,1,1
30115883,1,1
30115885,1,1
30116063,1,1
30116309,1,1
30117208,1,1
30117211,1,1
30117220,1,1
30117227,1,1
30117229,1,1
30117236,1,1
30117273,1,1
30117300,1,1
30117307,1,1
30117335,1,1
30117421,1,1
30117427,1,1
30117483,1,1
30117484,1,1
30117681,1,1
30118079,1,1
30118081,1,1
30118086,1,1
30118091,1,1
30118147,1,1
30118159,1,1
30118172,1,1
30118185,1,1
30118248,1,1
30118339,1,1
30118426,1,1
30118429,1,1
30118431,1,1
30118433,1,1
30118439,1,1
30118442,1,1
30118444,1,1
30118445,1,1
30118454,1,1
30118455,1,1
30118479,1,1
30118642,1,1
30118644,1,1
30118645,1,1
30118646,1,1
30118865,1,1
30118866,1,1
30118916,1,1
30118923,1,1
30118982,1,1
30119753,1,1
30119782,1,1
30119790,1,1
30119796,1,1
30119805,1,1
30119907,1,1
30119908,1,1
30119987,1,1
30120349,1,1
30120364,1,1
30120451,1,1
30120525,1,1
30120557,1,1
30120745,1,1
30120793,1,1
30120861,1,1
30120880,1,1
30121056,1,1
30121163,1,1
30121501,1,1
30121656,1,1
30121877,1,1
30122429,1,1
30122431,1,1
30122474,1,1
30122520,1,1
30122521,1,1
30122522,1,1
30123226,1,1
30123362,1,1
30123730,1,1
30124467,1,1
30124555,1,1
30124668,1,1
30124805,1,1
30124806,1,1
30124829,1,1
30124991,1,1
30124998,1,1
30125301,1,1
30125726,1,1
30125731,1,1
30125749,1,1
30125782,1,1
30125785,1,1
30126353,1,1
30126688,1,1
30126718,1,1
30126821,1,1
30126823,1,1
30126825,1,1
30126834,1,1
30126940,1,1
30126941,1,1
30126943,1,1
30126954,1,1
30126973,1,1
30126975,1,1
30126976,1,1
30126978,1,1
30126987,1,1
30126991,1,1
30126994,1,1
30126997,1,1
30127010,1,1
30127024,1,1
30127025,1,1
30127028,1,1
30127032,1,1
30127036,1,1
30127049,1,1
30127087,1,1
30133050,1,1
30139654,1,1
30139684,1,1
30139685,1,1
30139690,1,1
30139703,1,1
30139706,1,1
30139709,1,1
30139718,1,1
30139722,1,1
30139723,1,1
30139737,1,1
30139740,1,1
30139899,1,1
30139900,1,1
30139933,1,1
30139956,1,1
30140075,1,1
30140088,1,1
30140095,1,1
30140102,1,1
30140103,1,1
30140104,1,1
30140112,1,1
30140113,1,1
30140153,1,1
30140178,1,1
30140256,1,1
30140265,1,1
30140266,1,1
30140268,1,1
30140345,1,1
30140365,1,1
30140367,1,1
30140369,1,1
30140370,1,1
30140374,1,1
30140402,1,1
30140408,1,1
30140411,1,1
30140412,1,1
30140413,1,1
30140502,1,1
30140512,1,1
30140518,1,1
30140520,1,1
30140522,1,1
30140523,1,1
30140539,1,1
30140542,1,1
30140559,1,1
30140562,1,1
30140563,1,1
30140568,1,1
30140691,1,1
30140698,1,1
30140713,1,1
30140752,1,1
30140754,1,1
30140756,1,1
30140760,1,1
30140852,1,1
30141144,1,1
30142860,1,1
30142867,1,1
30142876,1,1
30142914,1,1
30142953,1,1
30142963,1,1
30142967,1,1
30142997,1,1
30143003,1,1
30143007,1,1
30143026,1,1
30143886,1,1
30143897,1,1
30143902,1,1
30143903,1,1
30143907,1,1
30143910,1,1
30143913,1,1
30143919,1,1
30143923,1,1
30143935,1,1
30144225,1,1
30144226,1,1
30144239,1,1
30144277,1,1
30145274,1,1
30145580,1,1
30145600,1,1
30145645,1,1
30145874,1,1
30145877,1,1
30145883,1,1
30145906,1,1
30145909,1,1
30145966,1,1
30146285,1,1
30146406,1,1
30146459,1,1
30146500,1,1
30146501,1,1
30146502,1,1
30146516,1,1
30146518,1,1
30146521,1,1
30146524,1,1
30146525,1,1
30146535,1,1
30146546,1,1
30146612,1,1
30146905,1,1
30146906,1,1
30146945,1,1
30146946,1,1
30147072,1,1
30147187,1,1
30157401,1,1
30157463,1,1
30157469,1,1
30157473,1,1
30157474,1,1
30157475,1,1
30157478,1,1
30157479,1,1
30157481,1,1
30157488,1,1
30157490,1,1
30157491,1,1
30157492,1,1
30157493,1,1
30157496,1,1
30157498,1,1
30157499,1,1
30157500,1,1
30157503,1,1
30157505,1,1
30157511,1,1
30159397,1,1
30159913,1,1
30160711,1,1
30160714,1,1
30160752,1,1
30160775,1,1
30160782,1,1
30160788,1,1
30160790,1,1
30160794,1,1
30160808,1,1
30160814,1,1
30160821,1,1
30160824,1,1
30160837,1,1
30160850,1,1
30160862,1,1
30160866,1,1
30160872,1,1
30160873,1,1
30160876,1,1
30160877,1,1
30160887,1,1
30160888,1,1
30160911,1,1
30160915,1,1
30160917,1,1
30160929,1,1
30160936,1,1
30160938,1,1
30160942,1,1
30160951,1,1
30161249,1,1
30161252,1,1
30161257,1,1
30161263,1,1
30161270,1,1
30161274,1,1
30161372,1,1
30161398,1,1
30161400,1,1
30161413,1,1
30161547,1,1
30161558,1,1
30161561,1,1
30161736,1,1
30161908,1,1
30161911,1,1
30161916,1,1
30161921,1,1
30161928,1,1
30162322,1,1
30162328,1,1
30162761,1,1
30162810,1,1
30162865,1,1
30162909,1,1
30163058,1,1
30163115,1,1
30163117,1,1
30163121,1,1
30163263,1,1
30163265,1,1
30163292,1,1
30163293,1,1
30163349,1,1
30163350,1,1
30163539,1,1
30163540,1,1
30163541,1,1
30163590,1,1
30163591,1,1
30163612,1,1
30164315,1,1
30164416,1,1
30164418,1,1
30164420,1,1
30164602,1,1
30164705,1,1
30165062,1,1
30165064,1,1
30165066,1,1
30165074,1,1
30165176,1,1
30165349,1,1
30165381,1,1
30165766,1,1
30165833,1,1
30165918,1,1
30165920,1,1
30165937,1,1
30165938,1,1
30165939,1,1
30165996,1,1
30165998,1,1
30165999,1,1
30166009,1,1
30166010,1,1
30166012,1,1
30166016,1,1
30166023,1,1
30166024,1,1
30166027,1,1
30166033,1,1
30166034,1,1
30166037,1,1
30166041,1,1
30166058,1,1
30166064,1,1
30166065,1,1
30166352,1,1
30166371,1,1
30166379,1,1
30166380,1,1
30166408,1,1
30166419,1,1
30166478,1,1
30166479,1,1
30168198,1,1
30168201,1,1
30168205,1,1
30168207,1,1
30168270,1,1
30168271,1,1
30168273,1,1
30168277,1,1
30168316,1,1
30168317,1,1
30168324,1,1
30168398,1,1
30168409,1,1
30168413,1,1
30168441,1,1
30168488,1,1
30168515,1,1
30168516,1,1
30168520,1,1
30168525,1,1
30168793,1,1
30168797,1,1
30168799,1,1
30168821,1,1
30168836,1,1
30168837,1,1
30168839,1,1
30168842,1,1
30168848,1,1
30168851,1,1
30168867,1,1
30168868,1,1
30168880,1,1
30168881,1,1
30168887,1,1
30168893,1,1
30168894,1,1
30168896,1,1
30168901,1,1
30168902,1,1
30168903,1,1
30168906,1,1
30168911,1,1
30168915,1,1
30168925,1,1
30168930,1,1
30168935,1,1
30168937,1,1
30168939,1,1
30168940,1,1
30168943,1,1
30168944,1,1
30168945,1,1
30169635,1,1
30169642,1,1
30169658,1,1
30169661,1,1
30169671,1,1
30169674,1,1
30169679,1,1
30169689,1,1
30169700,1,1
30169706,1,1
30169711,1,1
30169722,1,1
30169733,1,1
30169737,1,1
30169738,1,1
30169743,1,1
30169744,1,1
30169745,1,1
30169747,1,1
30169749,1,1
30169761,1,1
30169762,1,1
30169773,1,1
30169777,1,1
30169789,1,1
30169793,1,1
30169802,1,1
30169806,1,1
30169857,1,1
30169901,1,1
30169963,1,1
30169974,1,1
30169999,1,1
30170047,1,1
30170051,1,1
30170073,1,1
30170074,1,1
30170089,1,1
30170093,1,1
30170096,1,1
30170142,1,1
30170144,1,1
30170151,1,1
30170153,1,1
30170155,1,1
30170163,1,1
30170166,1,1
30170178,1,1
30170190,1,1
30170220,1,1
30170233,1,1
30170243,1,1
30170245,1,1
30170250,1,1
30170252,1,1
30170265,1,1
30170270,1,1
30170272,1,1
30170359,1,1
30170363,1,1
30170396,1,1
30170397,1,1
30170399,1,1
30170404,1,1
30170406,1,1
30170422,1,1
30170423,1,1
30170436,1,1
30170438,1,1
30170441,1,1
30170496,1,1
30170508,1,1
30170526,1,1
30170545,1,1
30170594,1,1
30170632,1,1
30170661,1,1
30170721,1,1
30170815,1,1
30170925,1,1
30170926,1,1
30170931,1,1
30170932,1,1
30170933,1,1
30170961,1,1
30170963,1,1
30170965,1,1
30170976,1,1
30170979,1,1
30171128,1,1
30171163,1,1
30173876,1,1
30173878,1,1
30175701,1,1
30175712,1,1
30175721,1,1
30175725,1,1
30175738,1,1
30176106,1,1
30176196,1,1
30176801,1,1
30177681,1,1
30177692,1,1
30177797,1,1
30177802,1,1
30177846,1,1
30177921,1,1
30177934,1,1
30177946,1,1
30177955,1,1
30177993,1,1
30178025,1,1
30178033,1,1
30178046,1,1
30178049,1,1
30178078,1,1
30178082,1,1
30178083,1,1
30178086,1,1
30178088,1,1
30178135,1,1
30178143,1,1
30179058,1,1
30179071,1,1
30179087,1,1
30179635,1,1
30179636,1,1
30179703,1,1
30182050,1,1
30182051,1,1
30182052,1,1
30182092,1,1
30182192,1,1
30182199,1,1
30182200,1,1
30182208,1,1
30182210,1,1
30182217,1,1
30182219,1,1
30182246,1,1
30182249,1,1
30182260,1,1
30182261,1,1
30182332,1,1
30182744,1,1
30183181,1,1
30185448,1,1
30185449,1,1
30185453,1,1
30185462,1,1
30189904,1,1
30190035,1,1
30208296,1,1
30208314,1,1
30208316,1,1
30208317,1,1
30208318,1,1
30212350,1,1
30212365,1,1
30212375,1,1
30212536,1,1
30212591,1,1
30212695,1,1
30212991,1,1
30212995,1,1
30213333,1,1
30213336,1,1
30213340,1,1
30213367,1,1
30213492,1,1
30213503,1,1
30213514,1,1
30213515,1,1
30213522,1,1
30213524,1,1
30213529,1,1
30213549,1,1
30213553,1,1
30213627,1,1
30213638,1,1
30213755,1,1
30213757,1,1
30213759,1,1
30213771,1,1
30213948,1,1
30213974,1,1
30214012,1,1
30214171,1,1
30214176,1,1
30214192,1,1
30214195,1,1
30214204,1,1
30214205,1,1
30214206,1,1
30214311,1,1
30214312,1,1
30214416,1,1
30214430,1,1
30214434,1,1
30214437,1,1
30214442,1,1
30214443,1,1
30214806,1,1
30215007,1,1
30215098,1,1
30215244,1,1
30215307,1,1
30215324,1,1
30215327,1,1
30215336,1,1
30215340,1,1
30215341,1,1
30215404,1,1
30215413,1,1
30215521,1,1
30215534,1,1
30215563,1,1
30215588,1,1
30215603,1,1
30215611,1,1
30215613,1,1
30215646,1,1
30215671,1,1
30215672,1,1
30215685,1,1
30215706,1,1
30215711,1,1
30215727,1,1
30215729,1,1
30215887,1,1
30216238,1,1
30216239,1,1
30216243,1,1
30216250,1,1
30216251,1,1
30216438,1,1
30216440,1,1
30216459,1,1
30222417,1,1
30222441,1,1
30222443,1,1
30222522,1,1
30222527,1,1
30222537,1,1
30222883,1,1
30222885,1,1
30222888,1,1
30222890,1,1
30222903,1,1
30222904,1,1
30222915,1,1
30222927,1,1
30222928,1,1
30223030,1,1
30223079,1,1
30223096,1,1
30223097,1,1
30223099,1,1
30223396,1,1
30223402,1,1
30223493,1,1
30223593,1,1
30223617,1,1
30223639,1,1
30223689,1,1
30223840,1,1
30223841,1,1
30223851,1,1
30223852,1,1
30223904,1,1
30223956,1,1
30223976,1,1
30223977,1,1
30223987,1,1
30223989,1,1
30223991,1,1
30223993,1,1
30223994,1,1
30224001,1,1
30224006,1,1
30224007,1,1
30224415,1,1
30224424,1,1
30224425,1,1
30224450,1,1
30224492,1,1
30226373,1,1
30230315,1,1
30230320,1,1
30230324,1,1
30230362,1,1
30230363,1,1
30230364,1,1
30230365,1,1
30230366,1,1
30230371,1,1
30230372,1,1
30230375,1,1
30230379,1,1
30230383,1,1
30230385,1,1
30230389,1,1
30230393,1,1
30230508,1,1
30230515,1,1
30230530,1,1
30231459,1,1
30231465,1,1
30231472,1,1
30231483,1,1
30231484,1,1
30231495,1,1
30231496,1,1
30231497,1,1
30231500,1,1
30231501,1,1
30231517,1,1
30231519,1,1
30231526,1,1
30231528,1,1
30231529,1,1
30231551,1,1
30231560,1,1
30231569,1,1
30231573,1,1
30231583,1,1
30231591,1,1
30231593,1,1
30231629,1,1
30231641,1,1
30231649,1,1
30232546,1,1
30232667,1,1
30233370,1,1
30233414,1,1
30233420,1,1
30234915,1,1
30234919,1,1
30234925,1,1
30234930,1,1
30234932,1,1
30234960,1,1
30235118,1,1
30235379,1,1
30235390,1,1
30235403,1,1
30235410,1,1
30235425,1,1
30235428,1,1
30235430,1,1
30235432,1,1
30235441,1,1
30235450,1,1
30235462,1,1
30235477,1,1
30235481,1,1
30235484,1,1
30235502,1,1
30235503,1,1
30235511,1,1
30235512,1,1
30235516,1,1
30235525,1,1
30235526,1,1
30235527,1,1
30235528,1,1
30235544,1,1
30235548,1,1
30235821,1,1
30235827,1,1
30235877,1,1
30235885,1,1
30235917,1,1
30235998,1,1
30236007,1,1
30236010,1,1
30236021,1,1
30236026,1,1
30236046,1,1
30236050,1,1
30236068,1,1
30236086,1,1
30236088,1,1
30236090,1,1
30236093,1,1
30236097,1,1
30236098,1,1
30236100,1,1
30236106,1,1
30236110,1,1
30236111,1,1
30236121,1,1
30236139,1,1
30236143,1,1
30236144,1,1
30236145,1,1
30236149,1,1
30236150,1,1
30236155,1,1
30236185,1,1
30236186,1,1
30236189,1,1
30236197,1,1
30236198,1,1
30236206,1,1
30236208,1,1
30236210,1,1
30236211,1,1
30236217,1,1
30236223,1,1
30236226,1,1
30236229,1,1
30236240,1,1
30236245,1,1
30236254,1,1
30236310,1,1
30236334,1,1
30236339,1,1
30236343,1,1
30236345,1,1
30236351,1,1
30236352,1,1
30236358,1,1
30236375,1,1
30236382,1,1
30236390,1,1
30236397,1,1
30236398,1,1
30236407,1,1
30236434,1,1
30236447,1,1
30236450,1,1
30236465,1,1
30236475,1,1
30236505,1,1
30236507,1,1
30236520,1,1
30236635,1,1
30236639,1,1
30236656,1,1
30236659,1,1
30236664,1,1
30236668,1,1
30236673,1,1
30236674,1,1
30236682,1,1
30236771,1,1
30236778,1,1
30236780,1,1
30236782,1,1
30236789,1,1
30236791,1,1
30236792,1,1
30236798,1,1
30236944,1,1
30236958,1,1
30237004,1,1
30237012,1,1
30237021,1,1
30237042,1,1
30237052,1,1
30237054,1,1
30237172,1,1
30237186,1,1
30237197,1,1
30237213,1,1
30237230,1,1
30237231,1,1
30237239,1,1
30237244,1,1
30237245,1,1
30237251,1,1
30237252,1,1
30237256,1,1
30237257,1,1
30237259,1,1
30237262,1,1
30237271,1,1
30237276,1,1
30237283,1,1
30237285,1,1
30237293,1,1
30237297,1,1
30237302,1,1
30237304,1,1
30237307,1,1
30237311,1,1
30237319,1,1
30237321,1,1
30237322,1,1
30237325,1,1
30237330,1,1
30237334,1,1
30237337,1,1
30237343,1,1
30237347,1,1
30237353,1,1
30237356,1,1
30237363,1,1
30237364,1,1
30237366,1,1
30237370,1,1
30237373,1,1
30237377,1,1
30237382,1,1
30237399,1,1
30237400,1,1
30237401,1,1
30237405,1,1
30237407,1,1
30237410,1,1
30237414,1,1
30237418,1,1
30237424,1,1
30237433,1,1
30237434,1,1
30237447,1,1
30237449,1,1
30237451,1,1
30237456,1,1
30237457,1,1
30237458,1,1
30237461,1,1
30237464,1,1
30237466,1,1
30237468,1,1
30237469,1,1
30237473,1,1
30237476,1,1
30237479,1,1
30237481,1,1
30237485,1,1
30237491,1,1
30237495,1,1
30237498,1,1
30237499,1,1
30237505,1,1
30237509,1,1
30237513,1,1
30237519,1,1
30237521,1,1
30237525,1,1
30237529,1,1
30237530,1,1
30237531,1,1
30237540,1,1
30237546,1,1
30237551,1,1
30237552,1,1
30237554,1,1
30237558,1,1
30237559,1,1
30237562,1,1
30237573,1,1
30237576,1,1
30237580,1,1
30237583,1,1
30237585,1,1
30237589,1,1
30237595,1,1
30237601,1,1
30237607,1,1
30237608,1,1
30237609,1,1
30237612,1,1
30237618,1,1
30237625,1,1
30237632,1,1
30237637,1,1
30237641,1,1
30237646,1,1
30237652,1,1
30237653,1,1
30237657,1,1
30237665,1,1
30237677,1,1
30237722,1,1
30237750,1,1
30237756,1,1
30237776,1,1
30237804,1,1
30237809,1,1
30237815,1,1
30237820,1,1
30237822,1,1
30237823,1,1
30237825,1,1
30237832,1,1
30237835,1,1
30237836,1,1
30237839,1,1
30237842,1,1
30237847,1,1
30237863,1,1
30237866,1,1
30237867,1,1
30237878,1,1
30237881,1,1
30237884,1,1
30237891,1,1
30237893,1,1
30237898,1,1
30237899,1,1
30237900,1,1
30237918,1,1
30237919,1,1
30237924,1,1
30237928,1,1
30237939,1,1
30237945,1,1
30237948,1,1
30237954,1,1
30237958,1,1
30237967,1,1
30237970,1,1
30237973,1,1
30237974,1,1
30237987,1,1
30237992,1,1
30238000,1,1
30238003,1,1
30238012,1,1
30238020,1,1
30238027,1,1
30238032,1,1
30238033,1,1
30238034,1,1
30238037,1,1
30238047,1,1
30238049,1,1
30238050,1,1
30238063,1,1
30238066,1,1
30238068,1,1
30238069,1,1
30238074,1,1
30238077,1,1
30238078,1,1
30238079,1,1
30238083,1,1
30238092,1,1
30238094,1,1
30238095,1,1
30238096,1,1
30238099,1,1
30238104,1,1
30238109,1,1
30238167,1,1
30238170,1,1
30238171,1,1
30238174,1,1
30238178,1,1
30238181,1,1
30238185,1,1
30238194,1,1
30238206,1,1
30238236,1,1
30238242,1,1
30238255,1,1
30238259,1,1
30238282,1,1
30238294,1,1
30238301,1,1
30238306,1,1
30238309,1,1
30238310,1,1
30238312,1,1
30238317,1,1
30238333,1,1
30238339,1,1
30238340,1,1
30238341,1,1
30238348,1,1
30238349,1,1
30238353,1,1
30238359,1,1
30238360,1,1
30238361,1,1
30238366,1,1
30238373,1,1
30238374,1,1
30238377,1,1
30238381,1,1
30238389,1,1
30238395,1,1
30238404,1,1
30238412,1,1
30238415,1,1
30238418,1,1
30238419,1,1
30238422,1,1
30238427,1,1
30238434,1,1
30238447,1,1
30238453,1,1
30238454,1,1
30238468,1,1
30238472,1,1
30238475,1,1
30238482,1,1
30238484,1,1
30238493,1,1
30238498,1,1
30238506,1,1
30238517,1,1
30238523,1,1
30238544,1,1
30238550,1,1
30238552,1,1
30238557,1,1
30238572,1,1
30238575,1,1
30238583,1,1
30238587,1,1
30238590,1,1
30238598,1,1
30238621,1,1
30238622,1,1
30238628,1,1
30238631,1,1
30238632,1,1
30238633,1,1
30238641,1,1
30238646,1,1
30238647,1,1
30238653,1,1
30238655,1,1
30238658,1,1
30238661,1,1
30238664,1,1
30238667,1,1
30238676,1,1
30238678,1,1
30238682,1,1
30238687,1,1
30238688,1,1
30238690,1,1
30238692,1,1
30238698,1,1
30238712,1,1
30238713,1,1
30238717,1,1
30238724,1,1
30238725,1,1
30238726,1,1
30238727,1,1
30238733,1,1
30238736,1,1
30238738,1,1
30238749,1,1
30238755,1,1
30238757,1,1
30238759,1,1
30238761,1,1
30238763,1,1
30238767,1,1
30238768,1,1
30238770,1,1
30238782,1,1
30238787,1,1
30238791,1,1
30238794,1,1
30238797,1,1
30238798,1,1
30238800,1,1
30238803,1,1
30238804,1,1
30238809,1,1
30238810,1,1
30238813,1,1
30238819,1,1
30238823,1,1
30238824,1,1
30238825,1,1
30238832,1,1
30238839,1,1
30238842,1,1
30238845,1,1
30238849,1,1
30238850,1,1
30238852,1,1
30238853,1,1
30238854,1,1
30238862,1,1
30238873,1,1
30238874,1,1
30238879,1,1
30238880,1,1
30238881,1,1
30238890,1,1
30238892,1,1
30238893,1,1
30238898,1,1
30238899,1,1
30238901,1,1
30238902,1,1
30238903,1,1
30238907,1,1
30238914,1,1
30238921,1,1
30238924,1,1
30238934,1,1
30238937,1,1
30238941,1,1
30238942,1,1
30238944,1,1
30238949,1,1
30238950,1,1
30238953,1,1
30238955,1,1
30238958,1,1
30238963,1,1
30238964,1,1
30238966,1,1
30238969,1,1
30238976,1,1
30238981,1,1
30238986,1,1
30238992,1,1
30238993,1,1
30239005,1,1
30239007,1,1
30239011,1,1
30239016,1,1
30239017,1,1
30239022,1,1
30239034,1,1
30239040,1,1
30239049,1,1
30239056,1,1
30239067,1,1
30239073,1,1
30239075,1,1
30239097,1,1
30239101,1,1
30239121,1,1
30239125,1,1
30239130,1,1
30239151,1,1
30239162,1,1
30239169,1,1
30239173,1,1
30239176,1,1
30239179,1,1
30239189,1,1
30239197,1,1
30239203,1,1
30239209,1,1
30239242,1,1
30239260,1,1
30239265,1,1
30239266,1,1
30239270,1,1
30239272,1,1
30239274,1,1
30239284,1,1
30239315,1,1
30239316,1,1
30239319,1,1
30239322,1,1
30239346,1,1
30239352,1,1
30239365,1,1
30239374,1,1
30239380,1,1
30239394,1,1
30239396,1,1
30239415,1,1
30239420,1,1
30239421,1,1
30239427,1,1
30239430,1,1
30239432,1,1
30239433,1,1
30239434,1,1
30239438,1,1
30239439,1,1
30239442,1,1
30239450,1,1
30239457,1,1
30239458,1,1
30239460,1,1
30239465,1,1
30239472,1,1
30239477,1,1
30239478,1,1
30239489,1,1
30239671,1,1
30239686,1,1
30239693,1,1
30239696,1,1
30239717,1,1
30239725,1,1
30239736,1,1
30239740,1,1
30239749,1,1
30239766,1,1
30239768,1,1
30239777,1,1
30239780,1,1
30239786,1,1
30239790,1,1
30239797,1,1
30239803,1,1
30239805,1,1
30239810,1,1
30239826,1,1
30239830,1,1
30239835,1,1
30239854,1,1
30239858,1,1
30239860,1,1
30239869,1,1
30239874,1,1
30239906,1,1
30239914,1,1
30239920,1,1
30239921,1,1
30239924,1,1
30239928,1,1
30239940,1,1
30239946,1,1
30239949,1,1
30239953,1,1
30239954,1,1
30239963,1,1
30239966,1,1
30239968,1,1
30239974,1,1
30239978,1,1
30239980,1,1
30239986,1,1
30239989,1,1
30240001,1,1
30240005,1,1
30240010,1,1
30240023,1,1
30240028,1,1
30240031,1,1
30240032,1,1
30240040,1,1
30240041,1,1
30240043,1,1
30240045,1,1
30240071,1,1
30240072,1,1
30240076,1,1
30240078,1,1
30240083,1,1
30240085,1,1
30240088,1,1
30240092,1,1
30240093,1,1
30240094,1,1
30240095,1,1
30240100,1,1
30240102,1,1
30240103,1,1
30240104,1,1
30240111,1,1
30240113,1,1
30240118,1,1
30240121,1,1
30240124,1,1
30240131,1,1
30240132,1,1
30240139,1,1
30240143,1,1
30240145,1,1
30240156,1,1
30240157,1,1
30240160,1,1
30240161,1,1
30240163,1,1
30240164,1,1
30240167,1,1
30240169,1,1
30240175,1,1
30240181,1,1
30240183,1,1
30240189,1,1
30240200,1,1
30240205,1,1
30240214,1,1
30240218,1,1
30240219,1,1
30240222,1,1
30240228,1,1
30240234,1,1
30240243,1,1
30240245,1,1
30240247,1,1
30240249,1,1
30240252,1,1
30240256,1,1
30240269,1,1
30240275,1,1
30240277,1,1
30240278,1,1
30240279,1,1
30240284,1,1
30240290,1,1
30240291,1,1
30240292,1,1
30240293,1,1
30240296,1,1
30240297,1,1
30240301,1,1
30240307,1,1
30240312,1,1
30240317,1,1
30240325,1,1
30240330,1,1
30240331,1,1
30240338,1,1
30240340,1,1
30240344,1,1
30240347,1,1
30240355,1,1
30240357,1,1
30240363,1,1
30240365,1,1
30240372,1,1
30240374,1,1
30240376,1,1
30240380,1,1
30240387,1,1
30240390,1,1
30240396,1,1
30240401,1,1
30240408,1,1
30240425,1,1
30240430,1,1
30240435,1,1
30240439,1,1
30240444,1,1
30240450,1,1
30240452,1,1
30240459,1,1
30240461,1,1
30240465,1,1
30240475,1,1
30240481,1,1
30240488,1,1
30240491,1,1
30240496,1,1
30240497,1,1
30240499,1,1
30240517,1,1
30240518,1,1
30240520,1,1
30240523,1,1
30240525,1,1
30240532,1,1
30240533,1,1
30240542,1,1
30240545,1,1
30240546,1,1
30240548,1,1
30240556,1,1
30240570,1,1
30240571,1,1
30240581,1,1
30240582,1,1
30240587,1,1
30240589,1,1
30240591,1,1
30240595,1,1
30240596,1,1
30240598,1,1
30240607,1,1
30240628,1,1
30240632,1,1
30240633,1,1
30240635,1,1
30240642,1,1
30240645,1,1
30240648,1,1
30240649,1,1
30240662,1,1
30240678,1,1
30240699,1,1
30240703,1,1
30240707,1,1
30240710,1,1
30240717,1,1
30240726,1,1
30240731,1,1
30240737,1,1
30240748,1,1
30240756,1,1
30240759,1,1
30240766,1,1
30240769,1,1
30240774,1,1
30240784,1,1
30240789,1,1
30240791,1,1
30240795,1,1
30240805,1,1
30240809,1,1
30240824,1,1
30240828,1,1
30240832,1,1
30240833,1,1
30240836,1,1
30240840,1,1
30240850,1,1
30240851,1,1
30240854,1,1
30240855,1,1
30240859,1,1
30240866,1,1
30240877,1,1
30240879,1,1
30240881,1,1
30240884,1,1
30240887,1,1
30240895,1,1
30240899,1,1
30240910,1,1
30240919,1,1
30240922,1,1
30240924,1,1
30240929,1,1
30240938,1,1
30240950,1,1
30240953,1,1
30240956,1,1
30240957,1,1
30240958,1,1
30240960,1,1
30240963,1,1
30240968,1,1
30240970,1,1
30240975,1,1
30240977,1,1
30240980,1,1
30240982,1,1
30241000,1,1
30241002,1,1
30241008,1,1
30241010,1,1
30241016,1,1
30241018,1,1
30241034,1,1
30241251,1,1
30241274,1,1
30241281,1,1
30241293,1,1
30241301,1,1
30241312,1,1
30241313,1,1
30241328,1,1
30241334,1,1
30241357,1,1
30241364,1,1
30241373,1,1
30241375,1,1
30241384,1,1
30241395,1,1
30241398,1,1
30241428,1,1
30241433,1,1
30241436,1,1
30241438,1,1
30241446,1,1
30241451,1,1
30241457,1,1
30241460,1,1
30241462,1,1
30241464,1,1
30241465,1,1
30241467,1,1
30241488,1,1
30241502,1,1
30241509,1,1
30241516,1,1
30241522,1,1
30241524,1,1
30241533,1,1
30241541,1,1
30241546,1,1
30241549,1,1
30241552,1,1
30241553,1,1
30241555,1,1
30241564,1,1
30241572,1,1
30241574,1,1
30241575,1,1
30241580,1,1
30241585,1,1
30241587,1,1
30241588,1,1
30241597,1,1
30241606,1,1
30241607,1,1
30241623,1,1
30241628,1,1
30241632,1,1
30241633,1,1
30241634,1,1
30241646,1,1
30241649,1,1
30241654,1,1
30241661,1,1
30241666,1,1
30241667,1,1
30241671,1,1
30241681,1,1
30241682,1,1
30241683,1,1
30241690,1,1
30241694,1,1
30241695,1,1
30241702,1,1
30241704,1,1
30241706,1,1
30241712,1,1
30241714,1,1
30241720,1,1
30241729,1,1
30241736,1,1
30241738,1,1
30241739,1,1
30241762,1,1
30241766,1,1
30241776,1,1
30241779,1,1
30241782,1,1
30241783,1,1
30241785,1,1
30241788,1,1
30241790,1,1
30241794,1,1
30241797,1,1
30241803,1,1
30241805,1,1
30241813,1,1
30241815,1,1
30241816,1,1
30241818,1,1
30241824,1,1
30241825,1,1
30241827,1,1
30241829,1,1
30241830,1,1
30241831,1,1
30241839,1,1
30241841,1,1
30241854,1,1
30241856,1,1
30241861,1,1
30241874,1,1
30242233,1,1
30242235,1,1
30242246,1,1
30242247,1,1
30242283,1,1
30242288,1,1
30242293,1,1
30242301,1,1
30242306,1,1
30242319,1,1
30242334,1,1
30242336,1,1
30242337,1,1
30242345,1,1
30242348,1,1
30242353,1,1
30242354,1,1
30242355,1,1
30242358,1,1
30242362,1,1
30242371,1,1
30242373,1,1
30242374,1,1
30242377,1,1
30242378,1,1
30242379,1,1
30242385,1,1
30242387,1,1
30243166,1,1
30243174,1,1
30243392,1,1
30243546,1,1
30243571,1,1
30243586,1,1
30243596,1,1
30243598,1,1
30243661,1,1
30243664,1,1
30243677,1,1
30243678,1,1
30243680,1,1
30243687,1,1
30243699,1,1
30243704,1,1
30243705,1,1
30243716,1,1
30243733,1,1
30243745,1,1
30243747,1,1
30243772,1,1
30243773,1,1
30243783,1,1
30243792,1,1
30243802,1,1
30243817,1,1
30243827,1,1
30243847,1,1
30243851,1,1
30243865,1,1
30243879,1,1
30243880,1,1
30243885,1,1
30243889,1,1
30243895,1,1
30243896,1,1
30243899,1,1
30243902,1,1
30243907,1,1
30243926,1,1
30243946,1,1
30243966,1,1
30243991,1,1
30243997,1,1
30244015,1,1
30244020,1,1
30244026,1,1
30244036,1,1
30244039,1,1
30244057,1,1
30244063,1,1
30244070,1,1
30244075,1,1
30244076,1,1
30244085,1,1
30244086,1,1
30244097,1,1
30244098,1,1
30244118,1,1
30244127,1,1
30244160,1,1
30244168,1,1
30244170,1,1
30244182,1,1
30244188,1,1
30244191,1,1
30244196,1,1
30244201,1,1
30244213,1,1
30244403,1,1
30244424,1,1
30244434,1,1
30244447,1,1
30244452,1,1
30244453,1,1
30244458,1,1
30244463,1,1
30244471,1,1
30244474,1,1
30244487,1,1
30244490,1,1
30244499,1,1
30244503,1,1
30244506,1,1
30244529,1,1
30244532,1,1
30244539,1,1
30244560,1,1
30244566,1,1
30244568,1,1
30244569,1,1
30244579,1,1
30244584,1,1
30244586,1,1
30244598,1,1
30244604,1,1
30244606,1,1
30244610,1,1
30244615,1,1
30244618,1,1
30244622,1,1
30244627,1,1
30244628,1,1
30244632,1,1
30244646,1,1
30244647,1,1
30244659,1,1
30244665,1,1
30244666,1,1
30244683,1,1
30244694,1,1
30244702,1,1
30244704,1,1
30244711,1,1
30244719,1,1
30244730,1,1
30244732,1,1
30244751,1,1
30244760,1,1
30244771,1,1
30244775,1,1
30244796,1,1
30244827,1,1
30244830,1,1
30244833,1,1
30244845,1,1
30244858,1,1
30244865,1,1
30244868,1,1
30244876,1,1
30244882,1,1
30244891,1,1
30244896,1,1
30244923,1,1
30244928,1,1
30244969,1,1
30244975,1,1
30244987,1,1
30245000,1,1
30245007,1,1
30245017,1,1
30245027,1,1
30245028,1,1
30245060,1,1
30245068,1,1
30245070,1,1
30245072,1,1
30245082,1,1
30245092,1,1
30245110,1,1
30245111,1,1
30245118,1,1
30245123,1,1
30245124,1,1
30245129,1,1
30245134,1,1
30245139,1,1
30245142,1,1
30245144,1,1
30245154,1,1
30245206,1,1
30245208,1,1
30245219,1,1
30245246,1,1
30245254,1,1
30245348,1,1
30245350,1,1
30245366,1,1
30245374,1,1
30245398,1,1
30245406,1,1
30245422,1,1
30245484,1,1
30245504,1,1
30245506,1,1
30245514,1,1
30245516,1,1
30245544,1,1
30245552,1,1
30245636,1,1
30245664,1,1
30245684,1,1
30245685,1,1
30245701,1,1
30245703,1,1
30245705,1,1
30245726,1,1
30245732,1,1
30245759,1,1
30245764,1,1
30245779,1,1
30245785,1,1
30245797,1,1
30245833,1,1
30245842,1,1
30245843,1,1
30245844,1,1
30245845,1,1
30245871,1,1
30245874,1,1
30245877,1,1
30245884,1,1
30245914,1,1
30245942,1,1
30245943,1,1
30245959,1,1
30245961,1,1
30245987,1,1
30245992,1,1
30245995,1,1
30245996,1,1
30246001,1,1
30246003,1,1
30246014,1,1
30246020,1,1
30246031,1,1
30246034,1,1
30246055,1,1
30246056,1,1
30246058,1,1
30246059,1,1
30246060,1,1
30246067,1,1
30246071,1,1
30246072,1,1
30246076,1,1
30246085,1,1
30246087,1,1
30246089,1,1
30246096,1,1
30246101,1,1
30246107,1,1
30246108,1,1
30246112,1,1
30246116,1,1
30246120,1,1
30246126,1,1
30246127,1,1
30246132,1,1
30246136,1,1
30246140,1,1
30246143,1,1
30246150,1,1
30246161,1,1
30246164,1,1
30246250,1,1
30246261,1,1
30246288,1,1
30246289,1,1
30246290,1,1
30246292,1,1
30246905,1,1
30246909,1,1
30246910,1,1
30246916,1,1
30246917,1,1
30246918,1,1
30246921,1,1
30246922,1,1
30246924,1,1
30246926,1,1
30246928,1,1
30246930,1,1
30247210,1,1
30247224,1,1
30247489,1,1
30250275,1,1
30250606,1,1
30256694,1,1
30257082,1,1
30258914,1,1
30262566,1,1
30262583,1,1
30262585,1,1
30262587,1,1
30262596,1,1
30262597,1,1
30262606,1,1
30262607,1,1
30262609,1,1
30262616,1,1
30262624,1,1
30262626,1,1
30262627,1,1
30262630,1,1
30262634,1,1
30263063,1,1
30263065,1,1
30263073,1,1
30263089,1,1
30263093,1,1
30263100,1,1
30263101,1,1
30263103,1,1
30263106,1,1
30263123,1,1
30263126,1,1
30263139,1,1
30263140,1,1
30263149,1,1
30263159,1,1
30263166,1,1
30263176,1,1
30263178,1,1
30263179,1,1
30263205,1,1
30263207,1,1
30263208,1,1
30263210,1,1
30263215,1,1
30263216,1,1
30263217,1,1
30263221,1,1
30263223,1,1
30263226,1,1
30263228,1,1
30263231,1,1
30263234,1,1
30263339,1,1
30263668,1,1
30263669,1,1
30263687,1,1
30263780,1,1
30263867,1,1
30263875,1,1
30263876,1,1
30263886,1,1
30263888,1,1
30263894,1,1
30263896,1,1
30263897,1,1
30263899,1,1
30263902,1,1
30263904,1,1
30264016,1,1
30264020,1,1
30264023,1,1
30264032,1,1
30264036,1,1
30264039,1,1
30264040,1,1
30264053,1,1
30264057,1,1
30264065,1,1
30264066,1,1
30264067,1,1
30264068,1,1
30264069,1,1
30264549,1,1
30264550,1,1
30264551,1,1
30264559,1,1
30264565,1,1
30264576,1,1
30264577,1,1
30264582,1,1
30264585,1,1
30264586,1,1
30264782,1,1
30264995,1,1
30264998,1,1
30265006,1,1
30265031,1,1
30265033,1,1
30265059,1,1
30265070,1,1
30265071,1,1
30265079,1,1
30265080,1,1
30265753,1,1
30265754,1,1
30265762,1,1
30265763,1,1
30265764,1,1
30266651,1,1
30266659,1,1
30267136,1,1
30267185,1,1
30267191,1,1
30267197,1,1
30267198,1,1
30267353,1,1
30267354,1,1
30267356,1,1
30267396,1,1
30267398,1,1
30267412,1,1
30267413,1,1
30267417,1,1
30267418,1,1
30267504,1,1
30267505,1,1
30267514,1,1
30267523,1,1
30267530,1,1
30267531,1,1
30267533,1,1
30267540,1,1
30267541,1,1
30267542,1,1
30267544,1,1
30267545,1,1
30267555,1,1
30267556,1,1
30267563,1,1
30267566,1,1
30267571,1,1
30267572,1,1
30267575,1,1
30267577,1,1
30267579,1,1
30267586,1,1
30267589,1,1
30267590,1,1
30267593,1,1
30267625,1,1
30267629,1,1
30267631,1,1
30267656,1,1
30267660,1,1
30267669,1,1
30267715,1,1
30267764,1,1
30267767,1,1
30267774,1,1
30267780,1,1
30267782,1,1
30267801,1,1
30267803,1,1
30267805,1,1
30267836,1,1
30267839,1,1
30267846,1,1
30267847,1,1
30267853,1,1
30267856,1,1
30267866,1,1
30267874,1,1
30268071,1,1
30268073,1,1
30268123,1,1
30268124,1,1
30268127,1,1
30268168,1,1
30268171,1,1
30268174,1,1
30268181,1,1
30268182,1,1
30268196,1,1
30268201,1,1
30268222,1,1
30268238,1,1
30268255,1,1
30268257,1,1
30268260,1,1
30268269,1,1
30268288,1,1
30268368,1,1
30268386,1,1
30268402,1,1
30268624,1,1
30268628,1,1
30268630,1,1
30268635,1,1
30268771,1,1
30268790,1,1
30268796,1,1
30268797,1,1
30268824,1,1
30268827,1,1
30268829,1,1
30268830,1,1
30268851,1,1
30268900,1,1
30269315,1,1
30269330,1,1
30269468,1,1
30269569,1,1
30276413,1,1
30276416,1,1
30276419,1,1
30276423,1,1
30276425,1,1
30276427,1,1
30276452,1,1
30276457,1,1
30276458,1,1
30276465,1,1
30276466,1,1
30276475,1,1
30276476,1,1
30276477,1,1
30276479,1,1
30276487,1,1
30276488,1,1
30276489,1,1
30276490,1,1
30276491,1,1
30276505,1,1
30276513,1,1
30276526,1,1
30276540,1,1
30276868,1,1
30276870,1,1
30276872,1,1
30276880,1,1
30276882,1,1
30276896,1,1
30276906,1,1
30276907,1,1
30276908,1,1
30276909,1,1
30276913,1,1
30276915,1,1
30276919,1,1
30276921,1,1
30276925,1,1
30276932,1,1
30276935,1,1
30276937,1,1
30277530,1,1
30277557,1,1
30277562,1,1
30277704,1,1
30277709,1,1
30277763,1,1
30277809,1,1
30277896,1,1
30277898,1,1
30278465,1,1
30278692,1,1
30278693,1,1
30278695,1,1
30278726,1,1
30278784,1,1
30278804,1,1
30279635,1,1
30279731,1,1
30282916,1,1
30283634,1,1
30283636,1,1
30283641,1,1
30283642,1,1
30283801,1,1
30283802,1,1
30283803,1,1
30283812,1,1
30283817,1,1
30283818,1,1
30283820,1,1
30283833,1,1
30283850,1,1
30283859,1,1
30283865,1,1
30283885,1,1
30283929,1,1
30283930,1,1
30283933,1,1
30283937,1,1
30283938,1,1
30283945,1,1
30283960,1,1
30283962,1,1
30283964,1,1
30283966,1,1
30283969,1,1
30283972,1,1
30283978,1,1
30283988,1,1
30283992,1,1
30283997,1,1
30283998,1,1
30284004,1,1
30284005,1,1
30284040,1,1
30284049,1,1
30284070,1,1
30284081,1,1
30284082,1,1
30284084,1,1
30284086,1,1
30284283,1,1
30284331,1,1
30284336,1,1
30284383,1,1
30284384,1,1
30284420,1,1
30284421,1,1
30284447,1,1
30284448,1,1
30284454,1,1
30284482,1,1
30284548,1,1
30284568,1,1
30284588,1,1
30284589,1,1
30284592,1,1
30284593,1,1
30284595,1,1
30284597,1,1
30284601,1,1
30284630,1,1
30284724,1,1
30284738,1,1
30284757,1,1
30284760,1,1
30284763,1,1
30284765,1,1
30284766,1,1
30284771,1,1
30284774,1,1
30284777,1,1
30284779,1,1
30284783,1,1
30284789,1,1
30284805,1,1
30284806,1,1
30284814,1,1
30284824,1,1
30284909,1,1
30284912,1,1
30285034,1,1
30285070,1,1
30285226,1,1
30285583,1,1
30285859,1,1
30285871,1,1
30285885,1,1
30285901,1,1
30285933,1,1
30285945,1,1
30285966,1,1
30285970,1,1
30285988,1,1
30285991,1,1
30285992,1,1
30286000,1,1
30286009,1,1
30286268,1,1
30286439,1,1
30286451,1,1
30286452,1,1
30286453,1,1
30286512,1,1
30286518,1,1
30286558,1,1
30286599,1,1
30286614,1,1
30286646,1,1
30286655,1,1
30286663,1,1
30286666,1,1
30286711,1,1
30286712,1,1
30286729,1,1
30286749,1,1
30286752,1,1
30286757,1,1
30286764,1,1
30286776,1,1
30286780,1,1
30286793,1,1
30286806,1,1
30286807,1,1
30286834,1,1
30286837,1,1
30286847,1,1
30287083,1,1
30287107,1,1
30287144,1,1
30287148,1,1
30287151,1,1
30287153,1,1
30287182,1,1
30287183,1,1
30287206,1,1
30287222,1,1
30287228,1,1
30287237,1,1
30287248,1,1
30287262,1,1
30287265,1,1
30287283,1,1
30287285,1,1
30287290,1,1
30287294,1,1
30287340,1,1
30287372,1,1
30287380,1,1
30287389,1,1
30287390,1,1
30287393,1,1
30287400,1,1
30287462,1,1
30287467,1,1
30287517,1,1
30287519,1,1
30287574,1,1
30287689,1,1
30287693,1,1
30287743,1,1
30287820,1,1
30287832,1,1
30288016,1,1
30288021,1,1
30288024,1,1
30288026,1,1
30288027,1,1
30288062,1,1
30288074,1,1
30288096,1,1
30288097,1,1
30288130,1,1
30288131,1,1
30288207,1,1
30288209,1,1
30288212,1,1
30288213,1,1
30288215,1,1
30288219,1,1
30288275,1,1
30288310,1,1
30288324,1,1
30288326,1,1
30288328,1,1
30288332,1,1
30288342,1,1
30288349,1,1
30288351,1,1
30288352,1,1
30288355,1,1
30288356,1,1
30288360,1,1
30288362,1,1
30288363,1,1
30288367,1,1
30288369,1,1
30288373,1,1
30288377,1,1
30288379,1,1
30288388,1,1
30288390,1,1
30288395,1,1
30288397,1,1
30288400,1,1
30288407,1,1
30288409,1,1
30288410,1,1
30288413,1,1
30288415,1,1
30288429,1,1
30288431,1,1
30288432,1,1
30288445,1,1
30288467,1,1
30288470,1,1
30288473,1,1
30288474,1,1
30288476,1,1
30288479,1,1
30288488,1,1
30288490,1,1
30288499,1,1
30288501,1,1
30288528,1,1
30288739,1,1
30288741,1,1
30288742,1,1
30288764,1,1
30288965,1,1
30290140,1,1
30290146,1,1
30290150,1,1
30290517,1,1
30290525,1,1
30290532,1,1
30290533,1,1
30290625,1,1
30290633,1,1
30290635,1,1
30290649,1,1
30290654,1,1
30290671,1,1
30290675,1,1
30290677,1,1
30290681,1,1
30290684,1,1
30290685,1,1
30290687,1,1
30290689,1,1
30290693,1,1
30290697,1,1
30290702,1,1
30290704,1,1
30290709,1,1
30290794,1,1
30290815,1,1
30290820,1,1
30290831,1,1
30290846,1,1
30290901,1,1
30290913,1,1
30290980,1,1
30290983,1,1
30291015,1,1
30291017,1,1
30291035,1,1
30291046,1,1
30291051,1,1
30291055,1,1
30291062,1,1
30291063,1,1
30291067,1,1
30291073,1,1
30291095,1,1
30291099,1,1
30291158,1,1
30291159,1,1
30291160,1,1
30291166,1,1
30291186,1,1
30291249,1,1
30291251,1,1
30291272,1,1
30291277,1,1
30291325,1,1
30291326,1,1
30291329,1,1
30291333,1,1
30291334,1,1
30291335,1,1
30291346,1,1
30291348,1,1
30291353,1,1
30291356,1,1
30291358,1,1
30291359,1,1
30291370,1,1
30291371,1,1
30291378,1,1
30291387,1,1
30291389,1,1
30291395,1,1
30291484,1,1
30291537,1,1
30291540,1,1
30291541,1,1
30291549,1,1
30291682,1,1
30291778,1,1
30291797,1,1
30291804,1,1
30292053,1,1
30292083,1,1
30292085,1,1
30292087,1,1
30292088,1,1
30292122,1,1
30292129,1,1
30292137,1,1
30292172,1,1
30292248,1,1
30292255,1,1
30292279,1,1
30292282,1,1
30292283,1,1
30292289,1,1
30292293,1,1
30292298,1,1
30292302,1,1
30292310,1,1
30292313,1,1
30292316,1,1
30292317,1,1
30292330,1,1
30292334,1,1
30292337,1,1
30292350,1,1
30292351,1,1
30292354,1,1
30292355,1,1
30292369,1,1
30292370,1,1
30292372,1,1
30292380,1,1
30292385,1,1
30292387,1,1
30292390,1,1
30292391,1,1
30292399,1,1
30292421,1,1
30292425,1,1
30292437,1,1
30292441,1,1
30292443,1,1
30292445,1,1
30292666,1,1
30292668,1,1
30294803,1,1
30294804,1,1
30294808,1,1
30294813,1,1
30294818,1,1
30294820,1,1
30297477,1,1
30297511,1,1
30297517,1,1
30297518,1,1
30297553,1,1
30297693,1,1
30297705,1,1
30297708,1,1
30297710,1,1
30297711,1,1
30297714,1,1
30297718,1,1
30297911,1,1
30298126,1,1
30298127,1,1
30298134,1,1
30298135,1,1
30298136,1,1
30298137,1,1
30298143,1,1
30299159,1,1
30299163,1,1
30299218,1,1
30299219,1,1
30299220,1,1
30299258,1,1
30299266,1,1
30299269,1,1
30299270,1,1
30299272,1,1
30299602,1,1
30299615,1,1
30299616,1,1
30299623,1,1
30299630,1,1
30299631,1,1
30299637,1,1
30299655,1,1
30299687,1,1
30299689,1,1
30299840,1,1
30299967,1,1
30299968,1,1
30299974,1,1
30299982,1,1
30299984,1,1
30299988,1,1
30300001,1,1
30300002,1,1
30300016,1,1
30300020,1,1
30300021,1,1
30300027,1,1
30300030,1,1
30300046,1,1
30300048,1,1
30300052,1,1
30300070,1,1
30300710,1,1
30300768,1,1
30300790,1,1
30300791,1,1
30300794,1,1
30300797,1,1
30300802,1,1
30300805,1,1
30300806,1,1
30300810,1,1
30300813,1,1
30300814,1,1
30300824,1,1
30300826,1,1
30300827,1,1
30300828,1,1
30300830,1,1
30300834,1,1
30300840,1,1
30300880,1,1
30300883,1,1
30300884,1,1
30300888,1,1
30300889,1,1
30300908,1,1
30301057,1,1
30301294,1,1
30301295,1,1
30301297,1,1
30301298,1,1
30301307,1,1
30301308,1,1
30301331,1,1
30301347,1,1
30301357,1,1
30301363,1,1
30301365,1,1
30301374,1,1
30301379,1,1
30301390,1,1
30301392,1,1
30301393,1,1
30301399,1,1
30301401,1,1
30301409,1,1
30301412,1,1
30301415,1,1
30301425,1,1
30301487,1,1
30301488,1,1
30301490,1,1
30301516,1,1
30301520,1,1
30301523,1,1
30301525,1,1
30301531,1,1
30301538,1,1
30301609,1,1
30301805,1,1
30303090,1,1
30303626,1,1
30304449,1,1
30304450,1,1
30304483,1,1
30304539,1,1
30304621,1,1
30304651,1,1
30304780,1,1
30304908,1,1
30304909,1,1
30305417,1,1
30305501,1,1
30305612,1,1
30305721,1,1
30305724,1,1
30306555,1,1
30307280,1,1
30308991,1,1
30309203,1,1
30309828,1,1
30311174,1,1
30311177,1,1
30311180,1,1
30311185,1,1
30311194,1,1
30311257,1,1
30311259,1,1
30311427,1,1
30311538,1,1
30311552,1,1
30311577,1,1
30311578,1,1
30311579,1,1
30311586,1,1
30311589,1,1
30311590,1,1
30311594,1,1
30311595,1,1
30311635,1,1
30311636,1,1
30311655,1,1
30311682,1,1
30311683,1,1
30311685,1,1
30311688,1,1
30311701,1,1
30311704,1,1
30311705,1,1
30311707,1,1
30311708,1,1
30311721,1,1
30311723,1,1
30311724,1,1
30311725,1,1
30311734,1,1
30311736,1,1
30311742,1,1
30311743,1,1
30311755,1,1
30311763,1,1
30311780,1,1
30311783,1,1
30311785,1,1
30311791,1,1
30311808,1,1
30311819,1,1
30311821,1,1
30311823,1,1
30311829,1,1
30311843,1,1
30311846,1,1
30311852,1,1
30311853,1,1
30311860,1,1
30311861,1,1
30311864,1,1
30312128,1,1
30312130,1,1
30312147,1,1
30312150,1,1
30312151,1,1
30312166,1,1
30312344,1,1
30312350,1,1
30312368,1,1
30312369,1,1
30312387,1,1
30312410,1,1
30312430,1,1
30312436,1,1
30312447,1,1
30312453,1,1
30312465,1,1
30312466,1,1
30312504,1,1
30312531,1,1
30312536,1,1
30312545,1,1
30312552,1,1
30312553,1,1
30312587,1,1
30312589,1,1
30312598,1,1
30312708,1,1
30312709,1,1
30312716,1,1
30312717,1,1
30312778,1,1
30312779,1,1
30312801,1,1
30312823,1,1
30312830,1,1
30312842,1,1
30312880,1,1
30312888,1,1
30312889,1,1
30312968,1,1
30312984,1,1
30312985,1,1
30312992,1,1
30312996,1,1
30313001,1,1
30313002,1,1
30313009,1,1
30313015,1,1
30313017,1,1
30313144,1,1
30313375,1,1
30313381,1,1
30313679,1,1
30313699,1,1
30313706,1,1
30313709,1,1
30313717,1,1
30313725,1,1
30313759,1,1
30313760,1,1
30313775,1,1
30313778,1,1
30313779,1,1
30313798,1,1
30313801,1,1
30313810,1,1
30313815,1,1
30313816,1,1
30313817,1,1
30313828,1,1
30313832,1,1
30313834,1,1
30313845,1,1
30313850,1,1
30313851,1,1
30313854,1,1
30313855,1,1
30313858,1,1
30313860,1,1
30313863,1,1
30313869,1,1
30313874,1,1
30313876,1,1
30313887,1,1
30313889,1,1
30313919,1,1
30313923,1,1
30313926,1,1
30313929,1,1
30313935,1,1
30313936,1,1
30313937,1,1
30313938,1,1
30313941,1,1
30313945,1,1
30313946,1,1
30314155,1,1
30314216,1,1
30314495,1,1
30314507,1,1
30314509,1,1
30314825,1,1
30314827,1,1
30314828,1,1
30314830,1,1
30314836,1,1
30314843,1,1
30314846,1,1
30315007,1,1
30316295,1,1
30316297,1,1
30316304,1,1
30316306,1,1
30316307,1,1
30316313,1,1
30316318,1,1
30316319,1,1
30316321,1,1
30316327,1,1
30316328,1,1
30316332,1,1
30316335,1,1
30316339,1,1
30316340,1,1
30316342,1,1
30316349,1,1
30316360,1,1
30316362,1,1
30316366,1,1
30316368,1,1
30316372,1,1
30316377,1,1
30316379,1,1
30316380,1,1
30316385,1,1
30316399,1,1
30316405,1,1
30316408,1,1
30316418,1,1
30316435,1,1
30316436,1,1
30316456,1,1
30317649,1,1
30317929,1,1
30318242,1,1
30318247,1,1
30318421,1,1
30319139,1,1
30320523,1,1
30320551,1,1
30322403,1,1
30322408,1,1
30322411,1,1
30322412,1,1
30322413,1,1
30322420,1,1
30322426,1,1
30322428,1,1
30322437,1,1
30322442,1,1
30322458,1,1
30322470,1,1
30322545,1,1
30322552,1,1
30322560,1,1
30322568,1,1
30322572,1,1
30322574,1,1
30322575,1,1
30322577,1,1
30322968,1,1
30323153,1,1
30323155,1,1
30323169,1,1
30323254,1,1
30323256,1,1
30323257,1,1
30323605,1,1
30323657,1,1
30323666,1,1
30323673,1,1
30323679,1,1
30323683,1,1
30323685,1,1
30324125,1,1
30324466,1,1
30324467,1,1
30324523,1,1
30324531,1,1
30324600,1,1
30324620,1,1
30324629,1,1
30324634,1,1
30325068,1,1
30325078,1,1
30325080,1,1
30325091,1,1
30325150,1,1
30325163,1,1
30325276,1,1
30325470,1,1
30325676,1,1
30325677,1,1
30325694,1,1
30327370,1,1
30327710,1,1
30327999,1,1
30332922,1,1
30332991,1,1
30332994,1,1
30333013,1,1
30333014,1,1
30333015,1,1
30333021,1,1
30333023,1,1
30333032,1,1
30333098,1,1
30333414,1,1
30333415,1,1
30333665,1,1
30333709,1,1
30333795,1,1
30333796,1,1
30334064,1,1
30334122,1,1
30334124,1,1
30334195,1,1
30334208,1,1
30334211,1,1
30334217,1,1
30334233,1,1
30335004,1,1
30335171,1,1
30335172,1,1
30335184,1,1
30335199,1,1
30335202,1,1
30335211,1,1
30335212,1,1
30335216,1,1
30335223,1,1
30335225,1,1
30335231,1,1
30335242,1,1
30335322,1,1
30335504,1,1
30336117,1,1
30336791,1,1
30336836,1,1
30336856,1,1
30336858,1,1
30336865,1,1
30336993,1,1
30337321,1,1
30337324,1,1
30337327,1,1
30337332,1,1
30337333,1,1
30337392,1,1
30337396,1,1
30337397,1,1
30337401,1,1
30337402,1,1
30337666,1,1
30337670,1,1
30337903,1,1
30337912,1,1
30337913,1,1
30337918,1,1
30337924,1,1
30337925,1,1
30337928,1,1
30337929,1,1
30337938,1,1
30337968,1,1
30337985,1,1
30337997,1,1
30337998,1,1
30337999,1,1
30338001,1,1
30338099,1,1
30338340,1,1
30338345,1,1
30338357,1,1
30338362,1,1
30338365,1,1
30338366,1,1
30338456,1,1
30338500,1,1
30338512,1,1
30338537,1,1
30338557,1,1
30338658,1,1
30338660,1,1
30338666,1,1
30338668,1,1
30340427,1,1
30342562,1,1
30342998,1,1
30347042,1,1
30348278,1,1
30348280,1,1
30350348,1,1
30350356,1,1
30350357,1,1
30350400,1,1
30350401,1,1
30350407,1,1
30350410,1,1
30350416,1,1
30350418,1,1
30350424,1,1
30350425,1,1
30350520,1,1
30350532,1,1
30351307,1,1
30351309,1,1
30351311,1,1
30351432,1,1
30351435,1,1
30351486,1,1
30351541,1,1
30351709,1,1
30351776,1,1
30351860,1,1
30351922,1,1
30351977,1,1
30352073,1,1
30352178,1,1
30352215,1,1
30352221,1,1
30352222,1,1
30352224,1,1
30352420,1,1
30352430,1,1
30352902,1,1
30353059,1,1
30353163,1,1
30353166,1,1
30353168,1,1
30353170,1,1
30353172,1,1
30353201,1,1
30353211,1,1
30353214,1,1
30353215,1,1
30353218,1,1
30353220,1,1
30353659,1,1
30353733,1,1
30353750,1,1
30353908,1,1
30353939,1,1
30353999,1,1
30354014,1,1
30354016,1,1
30354024,1,1
30354025,1,1
30354067,1,1
30354071,1,1
30354123,1,1
30354128,1,1
30354138,1,1
30354140,1,1
30354141,1,1
30354143,1,1
30354145,1,1
30354147,1,1
30354154,1,1
30354158,1,1
30354160,1,1
30354162,1,1
30354164,1,1
30354166,1,1
30354185,1,1
30354186,1,1
30354188,1,1
30354191,1,1
30354362,1,1
30354499,1,1
30354500,1,1
30354502,1,1
30354503,1,1
30354505,1,1
30354507,1,1
30354508,1,1
30354522,1,1
30354531,1,1
30354546,1,1
30354606,1,1
30354608,1,1
30354736,1,1
30354775,1,1
30354776,1,1
30354779,1,1
30354783,1,1
30354792,1,1
30354897,1,1
30354899,1,1
30354902,1,1
30354905,1,1
30354914,1,1
30354932,1,1
30354936,1,1
30354947,1,1
30354949,1,1
30354950,1,1
30354960,1,1
30354965,1,1
30354966,1,1
30354967,1,1
30354988,1,1
30354989,1,1
30354990,1,1
30354993,1,1
30354994,1,1
30354997,1,1
30355002,1,1
30355005,1,1
30355006,1,1
30355011,1,1
30355030,1,1
30355032,1,1
30355039,1,1
30355045,1,1
30355048,1,1
30355052,1,1
30355055,1,1
30355059,1,1
30355066,1,1
30355067,1,1
30355073,1,1
30355075,1,1
30355086,1,1
30355090,1,1
30355091,1,1
30355094,1,1
30355108,1,1
30355112,1,1
30355113,1,1
30355116,1,1
30355126,1,1
30355138,1,1
30355147,1,1
30355150,1,1
30355164,1,1
30355168,1,1
30355169,1,1
30355173,1,1
30355183,1,1
30355192,1,1
30355194,1,1
30355213,1,1
30355215,1,1
30355227,1,1
30355231,1,1
30355235,1,1
30355241,1,1
30355247,1,1
30355250,1,1
30355254,1,1
30355256,1,1
30355257,1,1
30355275,1,1
30355277,1,1
30355304,1,1
30355358,1,1
30355360,1,1
30355367,1,1
30355372,1,1
30355375,1,1
30355377,1,1
30355378,1,1
30355382,1,1
30355403,1,1
30355412,1,1
30355515,1,1
30355524,1,1
30355539,1,1
30355544,1,1
30355546,1,1
30355562,1,1
30355571,1,1
30355585,1,1
30355591,1,1
30355592,1,1
30355620,1,1
30355624,1,1
30355628,1,1
30355630,1,1
30355654,1,1
30355665,1,1
30355666,1,1
30355668,1,1
30355672,1,1
30355673,1,1
30355674,1,1
30355678,1,1
30355685,1,1
30355690,1,1
30355691,1,1
30355697,1,1
30355699,1,1
30355701,1,1
30355707,1,1
30355711,1,1
30355875,1,1
30356042,1,1
30356112,1,1
30356113,1,1
30356116,1,1
30356122,1,1
30356204,1,1
30356348,1,1
30356426,1,1
30356490,1,1
30356491,1,1
30357236,1,1
30357237,1,1
30357240,1,1
30357703,1,1
30357773,1,1
30357788,1,1
30357803,1,1
30357822,1,1
30357925,1,1
30357996,1,1
30358018,1,1
30358024,1,1
30358616,1,1
30358701,1,1
30358705,1,1
30358754,1,1
30358769,1,1
30358790,1,1
30358820,1,1
30358843,1,1
30358845,1,1
30358996,1,1
30359053,1,1
30360296,1,1
30360532,1,1
30360581,1,1
30360621,1,1
30360654,1,1
30360664,1,1
30360768,1,1
30360772,1,1
30360798,1,1
30360801,1,1
30360810,1,1
30360813,1,1
30360817,1,1
30360820,1,1
30360827,1,1
30360837,1,1
30360852,1,1
30360855,1,1
30360856,1,1
30360858,1,1
30360887,1,1
30360891,1,1
30360893,1,1
30360894,1,1
30360895,1,1
30360998,1,1
30361001,1,1
30361014,1,1
30361020,1,1
30361021,1,1
30361023,1,1
30361025,1,1
30361032,1,1
30361044,1,1
30361066,1,1
30361081,1,1
30361086,1,1
30361150,1,1
30361194,1,1
30361201,1,1
30361262,1,1
30361265,1,1
30361277,1,1
30361278,1,1
30361279,1,1
30361281,1,1
30361282,1,1
30361292,1,1
30361298,1,1
30361299,1,1
30361314,1,1
30361318,1,1
30361320,1,1
30361321,1,1
30361322,1,1
30361326,1,1
30361327,1,1
30361330,1,1
30361349,1,1
30361351,1,1
30361353,1,1
30361358,1,1
30361359,1,1
30361366,1,1
30361368,1,1
30361374,1,1
30361377,1,1
30361448,1,1
30361450,1,1
30361454,1,1
30361455,1,1
30361513,1,1
30361552,1,1
30361614,1,1
30361616,1,1
30361624,1,1
30361634,1,1
30361635,1,1
30361639,1,1
30361640,1,1
30361681,1,1
30361688,1,1
30361698,1,1
30361712,1,1
30361728,1,1
30361730,1,1
30361736,1,1
30361740,1,1
30361746,1,1
30361754,1,1
30361756,1,1
30361769,1,1
30361771,1,1
30361773,1,1
30361774,1,1
30361829,1,1
30361830,1,1
30361845,1,1
30361849,1,1
30361852,1,1
30361874,1,1
30361875,1,1
30361886,1,1
30361889,1,1
30361901,1,1
30361906,1,1
30361919,1,1
30361927,1,1
30361935,1,1
30361938,1,1
30361939,1,1
30361942,1,1
30361975,1,1
30361977,1,1
30361991,1,1
30361993,1,1
30362001,1,1
30362002,1,1
30362004,1,1
30362043,1,1
30362052,1,1
30362079,1,1
30362084,1,1
30362087,1,1
30362095,1,1
30362098,1,1
30362099,1,1
30362174,1,1
30362188,1,1
30362190,1,1
30362195,1,1
30362209,1,1
30362263,1,1
30362362,1,1
30362381,1,1
30362390,1,1
30362392,1,1
30362394,1,1
30362397,1,1
30362399,1,1
30362402,1,1
30362403,1,1
30362405,1,1
30362414,1,1
30362515,1,1
30362516,1,1
30362541,1,1
30362557,1,1
30362597,1,1
30362599,1,1
30362601,1,1
30362605,1,1
30362616,1,1
30362617,1,1
30362618,1,1
30362619,1,1
30362624,1,1
30362625,1,1
30362626,1,1
30362632,1,1
30362639,1,1
30362694,1,1
30362701,1,1
30362709,1,1
30362710,1,1
30362719,1,1
30362720,1,1
30362722,1,1
30362723,1,1
30362725,1,1
30362730,1,1
30362733,1,1
30362735,1,1
30362736,1,1
30362749,1,1
30362750,1,1
30362751,1,1
30362757,1,1
30362759,1,1
30362760,1,1
30362771,1,1
30362807,1,1
30362814,1,1
30362817,1,1
30362818,1,1
30362829,1,1
30362836,1,1
30362837,1,1
30362839,1,1
30362866,1,1
30362871,1,1
30362872,1,1
30362875,1,1
30362876,1,1
30362882,1,1
30362883,1,1
30362884,1,1
30362885,1,1
30362899,1,1
30362906,1,1
30362932,1,1
30362936,1,1
30362937,1,1
30362941,1,1
30362948,1,1
30362953,1,1
30362957,1,1
30362961,1,1
30362963,1,1
30362968,1,1
30362980,1,1
30362981,1,1
30362996,1,1
30362998,1,1
30362999,1,1
30363005,1,1
30363011,1,1
30363335,1,1
30363337,1,1
30363353,1,1
30363363,1,1
30363371,1,1
30363375,1,1
30363464,1,1
30363466,1,1
30363467,1,1
30363473,1,1
30363505,1,1
30363588,1,1
30363599,1,1
30363659,1,1
30363671,1,1
30363672,1,1
30363678,1,1
30363679,1,1
30363682,1,1
30363694,1,1
30363698,1,1
30363702,1,1
30363722,1,1
30363729,1,1
30363731,1,1
30363733,1,1
30363735,1,1
30363743,1,1
30363789,1,1
30363853,1,1
30363861,1,1
30363866,1,1
30363875,1,1
30363883,1,1
30363891,1,1
30363901,1,1
30363903,1,1
30363910,1,1
30363916,1,1
30363918,1,1
30363922,1,1
30363941,1,1
30363946,1,1
30364150,1,1
30364190,1,1
30364283,1,1
30364284,1,1
30364287,1,1
30364292,1,1
30364293,1,1
30364304,1,1
30364308,1,1
30364311,1,1
30364325,1,1
30364328,1,1
30364330,1,1
30364344,1,1
30364345,1,1
30364349,1,1
30364372,1,1
30364375,1,1
30364377,1,1
30364379,1,1
30364754,1,1
30365289,1,1
30365296,1,1
30365297,1,1
30365300,1,1
30365303,1,1
30365311,1,1
30365313,1,1
30365315,1,1
30365317,1,1
30365319,1,1
30365320,1,1
30365322,1,1
30365324,1,1
30365327,1,1
30365408,1,1
30365414,1,1
30365432,1,1
30365436,1,1
30365440,1,1
30365445,1,1
30365491,1,1
30365495,1,1
30365497,1,1
30365500,1,1
30365503,1,1
30365504,1,1
30365597,1,1
30366238,1,1
30366241,1,1
30366253,1,1
30366254,1,1
30366259,1,1
30366269,1,1
30366283,1,1
30366284,1,1
30366285,1,1
30366301,1,1
30366302,1,1
30366304,1,1
30366310,1,1
30366311,1,1
30366315,1,1
30366318,1,1
30366527,1,1
30366531,1,1
30366548,1,1
30366554,1,1
30366565,1,1
30366571,1,1
30366578,1,1
30366583,1,1
30366645,1,1
30366649,1,1
30368177,1,1
30368187,1,1
30368190,1,1
30368192,1,1
30368204,1,1
30368205,1,1
30368206,1,1
30368211,1,1
30368212,1,1
30368384,1,1
30370344,1,1
30370375,1,1
30371006,1,1
30371007,1,1
30372391,1,1
30372532,1,1
30372533,1,1
30372793,1,1
30372795,1,1
30372970,1,1
30373169,1,1
30373403,1,1
30373404,1,1
30373406,1,1
30374268,1,1
30377320,1,1
30389700,1,1
30390357,1,1
30394542,1,1
30394592,1,1
30394595,1,1
30394601,1,1
30394604,1,1
30394723,1,1
30394724,1,1
30394953,1,1
30395008,1,1
30395017,1,1
30395064,1,1
30396357,1,1
30396371,1,1
30396407,1,1
30396672,1,1
30396689,1,1
30396706,1,1
30397012,1,1
30397013,1,1
30397014,1,1
30397079,1,1
30397110,1,1
30397114,1,1
30397117,1,1
30397118,1,1
30397207,1,1
30397224,1,1
30397242,1,1
30397288,1,1
30397308,1,1
30397317,1,1
30397320,1,1
30397375,1,1
30397458,1,1
30397464,1,1
30397465,1,1
30397472,1,1
30397475,1,1
30397541,1,1
30397628,1,1
30397629,1,1
30397633,1,1
30397736,1,1
30397761,1,1
30397772,1,1
30397785,1,1
30397786,1,1
30398027,1,1
30398033,1,1
30398039,1,1
30398042,1,1
30398048,1,1
30398049,1,1
30398081,1,1
30398083,1,1
30398087,1,1
30398090,1,1
30398579,1,1
30398583,1,1
30398753,1,1
30402200,1,1
30406193,1,1
30406205,1,1
30406206,1,1
30406225,1,1
30406228,1,1
30406229,1,1
30409105,1,1
30409151,1,1
30409152,1,1
30409155,1,1
30409159,1,1
30409182,1,1
30409354,1,1
30410141,1,1
30410143,1,1
30410144,1,1
30410150,1,1
30410167,1,1
30410169,1,1
30410173,1,1
30410184,1,1
30410187,1,1
30410188,1,1
30410193,1,1
30410206,1,1
30410215,1,1
30410282,1,1
30410283,1,1
30410284,1,1
30410297,1,1
30411505,1,1
30411508,1,1
30411521,1,1
30411579,1,1
30411580,1,1
30411587,1,1
30411592,1,1
30411686,1,1
30415790,1,1
30416150,1,1
30418843,1,1
30419001,1,1
30419002,1,1
30419016,1,1
30419230,1,1
30419656,1,1
30419666,1,1
30419698,1,1
30419700,1,1
30419717,1,1
30419745,1,1
30419757,1,1
30419760,1,1
30419798,1,1
30419809,1,1
30419828,1,1
30419836,1,1
30419837,1,1
30419844,1,1
30419845,1,1
30419861,1,1
30419869,1,1
30419882,1,1
30419885,1,1
30419887,1,1
30419890,1,1
30419975,1,1
30420021,1,1
30420022,1,1
30420023,1,1
30420174,1,1
30420224,1,1
30420422,1,1
30420796,1,1
30420840,1,1
30421779,1,1
30421869,1,1
30422497,1,1
30422929,1,1
30422930,1,1
30422931,1,1
30422943,1,1
30424435,1,1
30426946,1,1
30427609,1,1
30427799,1,1
30427803,1,1
30428233,1,1
30428269,1,1
30428626,1,1
30428688,1,1
30428690,1,1
30428696,1,1
30428697,1,1
30428698,1,1
30428701,1,1
30428703,1,1
30428705,1,1
30428724,1,1
30428726,1,1
30428735,1,1
30428737,1,1
30428739,1,1
30428742,1,1
30428745,1,1
30428756,1,1
30428759,1,1
30428762,1,1
30428764,1,1
30428770,1,1
30428772,1,1
30428778,1,1
30428878,1,1
30428883,1,1
30428884,1,1
30430138,1,1
30430139,1,1
30430140,1,1
30430142,1,1
30430144,1,1
30432796,1,1
30433076,1,1
30433122,1,1
30433141,1,1
30433142,1,1
30433145,1,1
30433225,1,1
30433696,1,1
30433747,1,1
30433751,1,1
30433808,1,1
30433857,1,1
30433858,1,1
30434174,1,1
30434190,1,1
30434193,1,1
30434194,1,1
30434208,1,1
30434221,1,1
30434230,1,1
30434806,1,1
30434991,1,1
30435370,1,1
30435402,1,1
30435405,1,1
30435412,1,1
30435432,1,1
30435433,1,1
30435436,1,1
30435442,1,1
30435527,1,1
30435528,1,1
30435537,1,1
30435541,1,1
30435614,1,1
30435617,1,1
30435770,1,1
30435946,1,1
30435947,1,1
30435953,1,1
30435958,1,1
30435961,1,1
30436002,1,1
30436027,1,1
30436030,1,1
30436040,1,1
30436041,1,1
30436042,1,1
30436055,1,1
30436066,1,1
30436085,1,1
30436124,1,1
30436138,1,1
30436427,1,1
30436428,1,1
30436448,1,1
30436767,1,1
30436816,1,1
30436825,1,1
30436993,1,1
30437229,1,1
30437232,1,1
30437234,1,1
30437236,1,1
30437237,1,1
30437238,1,1
30437242,1,1
30437244,1,1
30437252,1,1
30437253,1,1
30437255,1,1
30437263,1,1
30437266,1,1
30437849,1,1
30437851,1,1
30437852,1,1
30438057,1,1
30438539,1,1
30438724,1,1
30438836,1,1
30439011,1,1
30439013,1,1
30440118,1,1
30440127,1,1
30440129,1,1
30440130,1,1
30440145,1,1
30440148,1,1
30440579,1,1
30440582,1,1
30440583,1,1
30440585,1,1
30440621,1,1
30441415,1,1
30441443,1,1
30441446,1,1
30441451,1,1
30441454,1,1
30441459,1,1
30441462,1,1
30441465,1,1
30441493,1,1
30441575,1,1
30441579,1,1
30441580,1,1
30441674,1,1
30441730,1,1
30441845,1,1
30441859,1,1
30442908,1,1
30443380,1,1
30443423,1,1
30443500,1,1
30443740,1,1
30443804,1,1
30448053,1,1
30448054,1,1
30448745,1,1
30449029,1,1
30449032,1,1
30449051,1,1
30449082,1,1
30450691,1,1
30450768,1,1
30451551,1,1
30452127,1,1
30453817,1,1
30453843,1,1
30456011,1,1
30456012,1,1
30456013,1,1
30456043,1,1
30456047,1,1
30456050,1,1
30456051,1,1
30456067,1,1
30456168,1,1
30456170,1,1
30456172,1,1
30456236,1,1
30456360,1,1
30456361,1,1
30456369,1,1
30456370,1,1
30456371,1,1
30456372,1,1
30456374,1,1
30456571,1,1
30456576,1,1
30456581,1,1
30456836,1,1
30457169,1,1
30457170,1,1
30457172,1,1
30457173,1,1
30457178,1,1
30457207,1,1
30457620,1,1
30457657,1,1
30457660,1,1
30457662,1,1
30457663,1,1
30457668,1,1
30457670,1,1
30457671,1,1
30457677,1,1
30457684,1,1
30457686,1,1
30457696,1,1
30457721,1,1
30457723,1,1
30457736,1,1
30457737,1,1
30457740,1,1
30457749,1,1
30457754,1,1
30457760,1,1
30457772,1,1
30457774,1,1
30457783,1,1
30457784,1,1
30457788,1,1
30457797,1,1
30457813,1,1
30457814,1,1
30457818,1,1
30457820,1,1
30457834,1,1
30457838,1,1
30457846,1,1
30457859,1,1
30457863,1,1
30457870,1,1
30457871,1,1
30457878,1,1
30457893,1,1
30457906,1,1
30457915,1,1
30457925,1,1
30457927,1,1
30457928,1,1
30457931,1,1
30457934,1,1
30457935,1,1
30457937,1,1
30457947,1,1
30457959,1,1
30457974,1,1
30457982,1,1
30457997,1,1
30458002,1,1
30458011,1,1
30458012,1,1
30458037,1,1
30458047,1,1
30458059,1,1
30458077,1,1
30458084,1,1
30458096,1,1
30458116,1,1
30458117,1,1
30458125,1,1
30458134,1,1
30458148,1,1
30458149,1,1
30458151,1,1
30458183,1,1
30458194,1,1
30458212,1,1
30458213,1,1
30458214,1,1
30458215,1,1
30458222,1,1
30458224,1,1
30458227,1,1
30458231,1,1
30458236,1,1
30458240,1,1
30458243,1,1
30458244,1,1
30458246,1,1
30458247,1,1
30458248,1,1
30458250,1,1
30458258,1,1
30458264,1,1
30458267,1,1
30458270,1,1
30458273,1,1
30458276,1,1
30458277,1,1
30458279,1,1
30458288,1,1
30458289,1,1
30458292,1,1
30458294,1,1
30458296,1,1
30458297,1,1
30458298,1,1
30458300,1,1
30458302,1,1
30458303,1,1
30458308,1,1
30458314,1,1
30458315,1,1
30458324,1,1
30458330,1,1
30458332,1,1
30458334,1,1
30458340,1,1
30458341,1,1
30458342,1,1
30458345,1,1
30458347,1,1
30458350,1,1
30458353,1,1
30458366,1,1
30458377,1,1
30458380,1,1
30458383,1,1
30458387,1,1
30458436,1,1
30458439,1,1
30458463,1,1
30458470,1,1
30458471,1,1
30458486,1,1
30458487,1,1
30458654,1,1
30458843,1,1
30458848,1,1
30458883,1,1
30458885,1,1
30458886,1,1
30458931,1,1
30458947,1,1
30458965,1,1
30458978,1,1
30459036,1,1
30459054,1,1
30459061,1,1
30459062,1,1
30459063,1,1
30459065,1,1
30459094,1,1
30459095,1,1
30459100,1,1
30459103,1,1
30459117,1,1
30459136,1,1
30459137,1,1
30459146,1,1
30459152,1,1
30459153,1,1
30459156,1,1
30459160,1,1
30459164,1,1
30459174,1,1
30459184,1,1
30459340,1,1
30459444,1,1
30460039,1,1
30460134,1,1
30460135,1,1
30460145,1,1
30460172,1,1
30460258,1,1
30460432,1,1
30460441,1,1
30460463,1,1
30460510,1,1
30460511,1,1
30460515,1,1
30460518,1,1
30460525,1,1
30460529,1,1
30460553,1,1
30460555,1,1
30460560,1,1
30460566,1,1
30460679,1,1
30460688,1,1
30460701,1,1
30460733,1,1
30460741,1,1
30460880,1,1
30460883,1,1
30461049,1,1
30461050,1,1
30461051,1,1
30461058,1,1
30461067,1,1
30461172,1,1
30461319,1,1
30461321,1,1
30461330,1,1
30461334,1,1
30461335,1,1
30461339,1,1
30461343,1,1
30467228,1,1
30471284,1,1
30475379,1,1
30522055,1,1
30522057,1,1
30522076,1,1
30522078,1,1
30522453,1,1
30522455,1,1
30522464,1,1
30522476,1,1
30522479,1,1
30522493,1,1
30522497,1,1
30522503,1,1
30522506,1,1
30522512,1,1
30522514,1,1
30522515,1,1
30522680,1,1
30522731,1,1
30522734,1,1
30522737,1,1
30522754,1,1
30522758,1,1
30522759,1,1
30522760,1,1
30522762,1,1
30522763,1,1
30522774,1,1
30522781,1,1
30522783,1,1
30523039,1,1
30523042,1,1
30523102,1,1
30523103,1,1
30523104,1,1
30523106,1,1
30523107,1,1
30523111,1,1
30523116,1,1
30523124,1,1
30523131,1,1
30523134,1,1
30523136,1,1
30523138,1,1
30523140,1,1
30523146,1,1
30523149,1,1
30523152,1,1
30523153,1,1
30523155,1,1
30523156,1,1
30523157,1,1
30523167,1,1
30523180,1,1
30523182,1,1
30523184,1,1
30523193,1,1
30523196,1,1
30523201,1,1
30523203,1,1
30523205,1,1
30523206,1,1
30523209,1,1
30523219,1,1
30523223,1,1
30523225,1,1
30523226,1,1
30523229,1,1
30523262,1,1
30523300,1,1
30523372,1,1
30523381,1,1
30523382,1,1
30523427,1,1
30523431,1,1
30523432,1,1
30523537,1,1
30523538,1,1
30523863,1,1
30523868,1,1
30523882,1,1
30524020,1,1
30524025,1,1
30524027,1,1
30524062,1,1
30524063,1,1
30524065,1,1
30524066,1,1
30524067,1,1
30524074,1,1
30524076,1,1
30524088,1,1
30524093,1,1
30524095,1,1
30524097,1,1
30524099,1,1
30524100,1,1
30524115,1,1
30524121,1,1
30524124,1,1
30524127,1,1
30524143,1,1
30524156,1,1
30524159,1,1
30524164,1,1
30524165,1,1
30524170,1,1
30524171,1,1
30524173,1,1
30524174,1,1
30524179,1,1
30524188,1,1
30524191,1,1
30524195,1,1
30524197,1,1
30524199,1,1
30524202,1,1
30524204,1,1
30524227,1,1
30524229,1,1
30526847,1,1
30539244,1,1
30539251,1,1
30539400,1,1
30539402,1,1
30539403,1,1
30539441,1,1
30539443,1,1
30539447,1,1
30539450,1,1
30539451,1,1
30539452,1,1
30539454,1,1
30539455,1,1
30539574,1,1
30539662,1,1
30539664,1,1
30539666,1,1
30539667,1,1
30539685,1,1
30539689,1,1
30539690,1,1
30539696,1,1
30539701,1,1
30539714,1,1
30539723,1,1
30539729,1,1
30539731,1,1
30539732,1,1
30539733,1,1
30539735,1,1
30539738,1,1
30539739,1,1
30539742,1,1
30539745,1,1
30539752,1,1
30539759,1,1
30539761,1,1
30539766,1,1
30539769,1,1
30539770,1,1
30539776,1,1
30539778,1,1
30539779,1,1
30539797,1,1
30539800,1,1
30539801,1,1
30539803,1,1
30539808,1,1
30539852,1,1
30540179,1,1
30540180,1,1
30540181,1,1
30540183,1,1
30540197,1,1
30540198,1,1
30540295,1,1
30540598,1,1
30540599,1,1
30540602,1,1
30540612,1,1
30540616,1,1
30540618,1,1
30540623,1,1
30540630,1,1
30540633,1,1
30540644,1,1
30540645,1,1
30540647,1,1
30540650,1,1
30540651,1,1
30540652,1,1
30540654,1,1
30540656,1,1
30540659,1,1
30540661,1,1
30540677,1,1
30540797,1,1
30540798,1,1
30540800,1,1
30540816,1,1
30540818,1,1
30540870,1,1
30541108,1,1
30541196,1,1
30541203,1,1
30541206,1,1
30541207,1,1
30541378,1,1
30541591,1,1
30541593,1,1
30541699,1,1
30542085,1,1
30542087,1,1
30542090,1,1
30542096,1,1
30542242,1,1
30542275,1,1
30542307,1,1
30542404,1,1
30542412,1,1
30542414,1,1
30542586,1,1
30542588,1,1
30542611,1,1
30542613,1,1
30542615,1,1
30542616,1,1
30542636,1,1
30543035,1,1
30543445,1,1
30543668,1,1
30543669,1,1
30543764,1,1
30543771,1,1
30543800,1,1
30543835,1,1
30543842,1,1
30543843,1,1
30544077,1,1
30544086,1,1
30544087,1,1
30544244,1,1
30544249,1,1
30544252,1,1
30544256,1,1
30544275,1,1
30544460,1,1
30544643,1,1
30544729,1,1
30544730,1,1
30544731,1,1
30545426,1,1
30545427,1,1
30545436,1,1
30545522,1,1
30545526,1,1
30545527,1,1
30545531,1,1
30545669,1,1
30548065,1,1
30548716,1,1
30548721,1,1
30548722,1,1
30548723,1,1
30549001,1,1
30552027,1,1
30552029,1,1
30552031,1,1
30552034,1,1
30553805,1,1
30553807,1,1
30553809,1,1
30553811,1,1
30553813,1,1
30553897,1,1
30553998,1,1
30554002,1,1
30554006,1,1
30554010,1,1
30554012,1,1
30554014,1,1
30554015,1,1
30554016,1,1
30554231,1,1
30554232,1,1
30554233,1,1
30554238,1,1
30554242,1,1
30554244,1,1
30554245,1,1
30554248,1,1
30566257,1,1
30566909,1,1
30567096,1,1
30567098,1,1
30567158,1,1
30567280,1,1
30567738,1,1
30567739,1,1
30567741,1,1
30567745,1,1
30567746,1,1
30567755,1,1
30567756,1,1
30567762,1,1
30567764,1,1
30567765,1,1
30567769,1,1
30567770,1,1
30567773,1,1
30567774,1,1
30567776,1,1
30567777,1,1
30567779,1,1
30567781,1,1
30567782,1,1
30567784,1,1
30567785,1,1
30567791,1,1
30567796,1,1
30567798,1,1
30567803,1,1
30567806,1,1
30567808,1,1
30567810,1,1
30567815,1,1
30567821,1,1
30568105,1,1
30568108,1,1
30568118,1,1
30568124,1,1
30568129,1,1
30568139,1,1
30568140,1,1
30568142,1,1
30568143,1,1
30568146,1,1
30568162,1,1
30568163,1,1
30568165,1,1
30568172,1,1
30568173,1,1
30568174,1,1
30568175,1,1
30568177,1,1
30568179,1,1
30568183,1,1
30568193,1,1
30568204,1,1
30568209,1,1
30568225,1,1
30568226,1,1
30568232,1,1
30568237,1,1
30568239,1,1
30568245,1,1
30568247,1,1
30568248,1,1
30568251,1,1
30568252,1,1
30568266,1,1
30568267,1,1
30568270,1,1
30568286,1,1
30568288,1,1
30568289,1,1
30568302,1,1
30568315,1,1
30568317,1,1
30568320,1,1
30568325,1,1
30568328,1,1
30568334,1,1
30568346,1,1
30568348,1,1
30568353,1,1
30568354,1,1
30568364,1,1
30568370,1,1
30568378,1,1
30568379,1,1
30568387,1,1
30568388,1,1
30568393,1,1
30568395,1,1
30568401,1,1
30568402,1,1
30568405,1,1
30568408,1,1
30568411,1,1
30568413,1,1
30568415,1,1
30568444,1,1
30568457,1,1
30568471,1,1
30568472,1,1
30568473,1,1
30568475,1,1
30568477,1,1
30568491,1,1
30568506,1,1
30568509,1,1
30568514,1,1
30568518,1,1
30568537,1,1
30568544,1,1
30568547,1,1
30568557,1,1
30568562,1,1
30568564,1,1
30568568,1,1
30568569,1,1
30568570,1,1
30568575,1,1
30568581,1,1
30568583,1,1
30568593,1,1
30568601,1,1
30568605,1,1
30568607,1,1
30568610,1,1
30568612,1,1
30568614,1,1
30568615,1,1
30568619,1,1
30568620,1,1
30569082,1,1
30575896,1,1
30583210,1,1
30583211,1,1
30592309,1,1
30592341,1,1
30592400,1,1
30592402,1,1
30592671,1,1
30602792,1,1
30685812,1,1
30713254,1,1
30798010,1,1
30802169,1,1
30802170,1,1
30802214,1,1
30802746,1,1
30802749,1,1
30803007,1,1
30803192,1,1
30809418,1,1
30809428,1,1
30809434,1,1
30809435,1,1
30809436,1,1
30809443,1,1
30809446,1,1
30809457,1,1
30809466,1,1
30809576,1,1
30809578,1,1
30809579,1,1
30809584,1,1
30809767,1,1
30809769,1,1
30810358,1,1
30810360,1,1
30810446,1,1
30810452,1,1
30810580,1,1
30810585,1,1
30810612,1,1
30810705,1,1
30811642,1,1
30811643,1,1
30811744,1,1
30811757,1,1
30811761,1,1
30811847,1,1
30811859,1,1
30812599,1,1
30813322,1,1
30813323,1,1
30814098,1,1
30814103,1,1
30814104,1,1
30815035,1,1
30815039,1,1
30815261,1,1
30815285,1,1
30815843,1,1
30815851,1,1
30815856,1,1
30816334,1,1
30816570,1,1
30816692,1,1
30816694,1,1
30819732,1,1
30819734,1,1
30821083,1,1
30821086,1,1
30821087,1,1
30821091,1,1
30821092,1,1
30821093,1,1
30821096,1,1
30821099,1,1
30821100,1,1
30821101,1,1
30821106,1,1
30821110,1,1
30821112,1,1
30821113,1,1
30821120,1,1
30821121,1,1
30821124,1,1
30821125,1,1
30821126,1,1
30821127,1,1
30821133,1,1
30821140,1,1
30821144,1,1
30821146,1,1
30821156,1,1
30821428,1,1
30821703,1,1
30821708,1,1
30821709,1,1
30821722,1,1
30821725,1,1
30821726,1,1
30821729,1,1
30821736,1,1
30821738,1,1
30821740,1,1
30821744,1,1
30821745,1,1
30821747,1,1
30821749,1,1
30821757,1,1
30821761,1,1
30821763,1,1
30822178,1,1
30822186,1,1
30822203,1,1
30822515,1,1
30822522,1,1
30822529,1,1
30822531,1,1
30822532,1,1
30822533,1,1
30822535,1,1
30822536,1,1
30822540,1,1
30822545,1,1
30822549,1,1
30822552,1,1
30822553,1,1
30822836,1,1
30822838,1,1
30823208,1,1
30823476,1,1
30823477,1,1
30823494,1,1
30824238,1,1
30824240,1,1
30825291,1,1
30825445,1,1
30825467,1,1
30825613,1,1
30825614,1,1
30825617,1,1
30825799,1,1
30826013,1,1
30826137,1,1
30826148,1,1
30826155,1,1
30826318,1,1
30826398,1,1
30826570,1,1
30826607,1,1
30827130,1,1
30827307,1,1
30827627,1,1
30827634,1,1
30827770,1,1
30827804,1,1
30827837,1,1
30828052,1,1
30828116,1,1
30828119,1,1
30829240,1,1
30829395,1,1
30829591,1,1
30829596,1,1
30829688,1,1
30829689,1,1
30829691,1,1
30829693,1,1
30829696,1,1
30829699,1,1
30829701,1,1
30829705,1,1
30844252,1,1
30844931,1,1
30862674,1,1
30864455,1,1
30865504,1,1
30865810,1,1
30865811,1,1
30865813,1,1
30866040,1,1
30866047,1,1
30866061,1,1
30866307,1,1
30868056,1,1
30868599,1,1
30868604,1,1
30868607,1,1
30868727,1,1
30868728,1,1
30868731,1,1
30868739,1,1
30868820,1,1
30868821,1,1
30868823,1,1
30868827,1,1
30868829,1,1
30869874,1,1
30869879,1,1
30873199,1,1
30875256,1,1
30875279,1,1
30875283,1,1
30875284,1,1
30875285,1,1
30875288,1,1
30875298,1,1
30875300,1,1
30880615,1,1
30880753,1,1
30880754,1,1
30880757,1,1
30880761,1,1
30880762,1,1
30880766,1,1
30881250,1,1
30881252,1,1
30881254,1,1
30882172,1,1
30882216,1,1
30882219,1,1
30882220,1,1
30883264,1,1
30883267,1,1
30884101,1,1
30884102,1,1
30884104,1,1
30884220,1,1
30884766,1,1
30884948,1,1
30884949,1,1
30884950,1,1
30885059,1,1
30885088,1,1
30885097,1,1
30885102,1,1
30885122,1,1
30885130,1,1
30885131,1,1
30885139,1,1
30885143,1,1
30885147,1,1
30885290,1,1
30885881,1,1
30887991,1,1
30888730,1,1
30890808,1,1
30893959,1,1
30894533,1,1
30894654,1,1
30901014,1,1
30901017,1,1
30901033,1,1
30901095,1,1
30901295,1,1
30902912,1,1
30903786,1,1
30918198,1,1
30924674,1,1
30924675,1,1
30924690,1,1
30924691,1,1
30924704,1,1
30924710,1,1
30924724,1,1
30924731,1,1
30924733,1,1
30924736,1,1
30924737,1,1
30934506,1,1
30935291,1,1
30935326,1,1
30935342,1,1
30935368,1,1
30935394,1,1
30935459,1,1
30935461,1,1
30935462,1,1
30935473,1,1
30935493,1,1
30935498,1,1
30935513,1,1
30936096,1,1
30939973,1,1
95000089,1,1
95000330,1,1
95068967,1,1
95068968,1,1
95068994,1,1
95069055,1,1
95069066,1,1
95073658,1,1
95073667,1,1
95073795,1,1
95073816,1,1
95073818,1,1
95073819,1,1
95074130,1,1
95074586,1,1
95074708,1,1
95075103,1,1
95076322,1,1
95076469,1,1
95086907,1,1
95088088,1,1
95088098,1,1
95088119,1,1
95088123,1,1
95088135,1,1
95088136,1,1
95088157,1,1
95088161,1,1
95088162,1,1
95088167,1,1
95088172,1,1
95088173,1,1
95088182,1,1
95088183,1,1
95088196,1,1
95088215,1,1
95088218,1,1
95088222,1,1
95088227,1,1
95088229,1,1
95088230,1,1
95088232,1,1
95088240,1,1
95088249,1,1
95088255,1,1
95088263,1,1
95088264,1,1
95088267,1,1
95088280,1,1
95088284,1,1
95088328,1,1
95088330,1,1
95088334,1,1
95088347,1,1
95088358,1,1
95088361,1,1
95088363,1,1
95088371,1,1
95088375,1,1
95088390,1,1
95088423,1,1
95088432,1,1
95088437,1,1
95088451,1,1
95088452,1,1
95088453,1,1
95088467,1,1
95088471,1,1
95088473,1,1
95088481,1,1
95088486,1,1
95088489,1,1
95088494,1,1
95088497,1,1
95088506,1,1
95088507,1,1
95088529,1,1
95088546,1,1
95088552,1,1
95088555,1,1
95088557,1,1
95088564,1,1
95088572,1,1
